seller_id,category,seller_tier_city,join_day,tenure_days,order_count,avg_monthly_revenue,avg_rating,return_rate,support_tickets_total,order_velocity_30d_change,rating_trend_90d,pricing_competitiveness,sla_breach_rate,days_since_last_order,churned
SLR000001,Mobiles & Accessories,Tier-2 City,283,447,254,12812.26,3.3,0.2348,4,-0.2775,-0.1051,0.5448,0.1628,4,0
SLR000002,Fashion,Tier-1 Metro,560,170,224,52098.5,3.55,0.2796,5,-0.3392,-0.1535,0.3382,0.2546,83,1
SLR000003,Toys & Baby,Tier-2 City,161,569,2287,158045.08,3.99,0.1796,3,-0.551,-0.2537,0.7365,0.124,19,0
SLR000004,Toys & Baby,Tier-1 Metro,451,279,1017,142483.32,4.25,0.0981,3,0.3922,0.0588,0.9479,0.0,26,1
SLR000005,Beauty & Personal Care,Tier-3 Town,522,208,537,79781.26,2.59,0.2864,5,-0.1053,-0.305,0.2906,0.3,56,1
SLR000006,Grocery,Tier-1 Metro,575,155,138,23075.17,3.85,0.1001,7,-0.5665,-0.0552,0.5146,0.1349,36,1
SLR000007,Toys & Baby,Tier-3 Town,67,663,1319,54820.29,4.08,0.2255,6,0.0757,-0.113,0.8446,0.2263,3,0
SLR000008,Toys & Baby,Tier-2 City,228,502,1660,68615.84,3.78,0.1721,10,-0.0071,-0.155,0.9181,0.1948,7,0
SLR000009,Fashion,Tier-1 Metro,199,531,1399,75159.27,4.1,0.2948,10,-0.4282,-0.0277,0.7501,0.1094,32,0
SLR000010,Fashion,Tier-1 Metro,461,269,375,53720.03,3.7,0.2505,10,0.2633,-0.066,0.659,0.192,101,1
SLR000011,Toys & Baby,Tier-2 City,613,117,47,7392.3,3.31,0.2109,8,-0.2336,-0.2642,0.5656,0.3407,5,1
SLR000012,Electronics,Tier-1 Metro,0,730,1046,42841.98,3.16,0.158,8,0.0518,-0.1488,0.8466,0.1754,0,0
SLR000013,Electronics,Tier-1 Metro,629,101,206,45653.8,4.55,0.1338,6,0.3513,0.1952,0.9626,0.0573,6,0
SLR000014,Electronics,Tier-1 Metro,387,343,250,28213.54,3.93,0.2013,11,0.2305,0.1179,0.5197,0.1436,2,0
SLR000015,Beauty & Personal Care,Tier-3 Town,138,592,1407,91727.73,4.23,0.2399,5,0.2422,-0.0721,0.6006,0.2672,14,0
SLR000016,Sports & Fitness,Tier-1 Metro,403,327,710,82205.56,3.2,0.1627,6,-0.2446,-0.2578,0.5187,0.2649,40,1
SLR000017,Home & Kitchen,Tier-2 City,358,372,270,17983.37,3.47,0.1744,5,0.2735,-0.2143,0.5473,0.1214,5,1
SLR000018,Mobiles & Accessories,Tier-3 Town,0,730,1117,64103.65,3.37,0.3594,12,-0.5539,-0.2963,0.6863,0.2374,49,1
SLR000019,Electronics,Tier-1 Metro,0,730,543,17663.77,3.61,0.1535,4,-0.2231,-0.5535,0.6048,0.101,26,0
SLR000020,Grocery,Tier-2 City,0,730,663,13223.41,3.03,0.1756,10,-0.1662,0.017,0.5431,0.1209,47,1
SLR000021,Toys & Baby,Tier-1 Metro,430,300,480,42587.51,3.4,0.1857,7,0.2432,0.2117,0.6653,0.1735,48,1
SLR000022,Sports & Fitness,Tier-1 Metro,457,273,251,16676.16,3.95,0.113,4,0.3046,-0.1166,0.6924,0.1484,7,0
SLR000023,Fashion,Tier-3 Town,558,172,168,37935.66,2.81,0.3806,10,-0.9229,0.1019,0.4126,0.3337,20,1
SLR000024,Grocery,Tier-2 City,641,89,98,34753.95,3.83,0.1249,2,-0.0703,-0.3703,0.7703,0.1722,9,0
SLR000025,Toys & Baby,Tier-2 City,521,209,325,49860.29,3.88,0.167,4,0.0459,0.1074,0.4599,0.1825,0,0
SLR000026,Toys & Baby,Tier-3 Town,0,730,1106,51587.62,3.62,0.2464,8,0.1554,-0.0209,0.5227,0.3328,0,0
SLR000027,Fashion,Tier-1 Metro,488,242,22,2490.83,3.29,0.2524,10,0.2031,0.0569,0.6221,0.0869,15,0
SLR000028,Toys & Baby,Tier-2 City,562,168,83,5469.34,3.32,0.2257,12,-0.0252,-0.3846,0.2576,0.2034,82,1
SLR000029,Sports & Fitness,Tier-2 City,0,730,651,21007.59,3.8,0.1959,4,-0.1734,0.05,0.4634,0.2228,6,0
SLR000030,Grocery,Tier-1 Metro,353,377,309,10809.68,3.84,0.0683,1,-0.5465,0.0793,0.687,0.1138,73,1
SLR000031,Toys & Baby,Tier-1 Metro,0,730,606,15355.45,3.31,0.1652,9,0.2713,-0.143,0.5915,0.0981,16,0
SLR000032,Toys & Baby,Tier-1 Metro,698,32,38,43046.25,4.17,0.1172,5,-0.2722,0.0617,0.7169,0.1221,10,0
SLR000033,Toys & Baby,Tier-1 Metro,623,107,78,28333.7,3.84,0.1839,8,-0.2553,0.118,0.5679,0.1436,43,1
SLR000034,Sports & Fitness,Tier-1 Metro,82,648,206,8534.35,4.58,0.1274,1,0.1844,0.0868,0.8595,0.1682,7,0
SLR000035,Beauty & Personal Care,Tier-3 Town,627,103,292,115683.35,4.07,0.2544,9,-0.2705,0.2196,0.4118,0.1873,35,1
SLR000036,Fashion,Tier-1 Metro,532,198,76,15447.34,3.84,0.2761,8,-0.0121,-0.0727,0.675,0.0698,40,0
SLR000037,Electronics,Tier-2 City,72,658,2090,85630.78,3.32,0.2419,13,0.5123,-0.173,0.4356,0.3164,16,1
SLR000038,Electronics,Tier-1 Metro,679,51,61,41930.82,3.29,0.1859,10,0.066,-0.072,0.6699,0.1719,15,1
SLR000039,Fashion,Tier-2 City,515,215,430,27896.54,2.72,0.3571,12,0.566,-0.096,0.5764,0.1456,29,1
SLR000040,Sports & Fitness,Tier-2 City,152,578,147,2721.57,3.96,0.1924,11,0.1576,-0.0984,0.6449,0.241,55,1
SLR000041,Fashion,Tier-1 Metro,183,547,415,9350.39,3.05,0.3035,14,-0.474,-0.1673,0.3953,0.1892,76,1
SLR000042,Beauty & Personal Care,Tier-1 Metro,0,730,2251,59012.52,3.01,0.1504,7,-0.2808,0.0539,0.7574,0.1684,0,0
SLR000043,Mobiles & Accessories,Tier-1 Metro,156,574,974,31048.39,4.52,0.2128,3,-0.5791,0.1411,0.2313,0.1785,14,0
SLR000044,Sports & Fitness,Tier-2 City,0,730,553,19420.12,4.18,0.1682,2,-0.2023,-0.4175,0.3927,0.2141,3,0
SLR000045,Sports & Fitness,Tier-1 Metro,470,260,74,8516.56,3.72,0.1519,6,-0.285,0.0497,0.6706,0.1678,2,0
SLR000046,Fashion,Tier-2 City,162,568,1319,74140.78,3.42,0.3156,8,-0.4331,-0.1857,0.7443,0.2193,17,1
SLR000047,Toys & Baby,Tier-1 Metro,263,467,743,58603.03,3.58,0.1747,7,0.242,-0.3258,0.7906,0.1813,0,0
SLR000048,Grocery,Tier-1 Metro,205,525,748,30084.7,3.87,0.1154,7,-0.241,-0.2893,0.7367,0.155,6,0
SLR000049,Fashion,Tier-1 Metro,628,102,165,17870.9,3.32,0.224,9,-0.338,0.0494,0.6957,0.0684,23,0
SLR000050,Toys & Baby,Tier-2 City,654,76,235,129811.32,4.07,0.1511,10,-0.1432,0.1505,0.8383,0.1893,11,0
SLR000051,Fashion,Tier-3 Town,558,172,140,20768.76,3.5,0.3948,16,-0.343,-0.2035,0.4208,0.2712,35,1
SLR000052,Toys & Baby,Tier-3 Town,372,358,597,47310.31,3.48,0.235,9,-0.3839,-0.1514,0.6823,0.2067,0,0
SLR000053,Sports & Fitness,Tier-2 City,0,730,1141,25197.42,3.84,0.2308,10,0.1265,-0.1866,0.6788,0.1292,51,1
SLR000054,Home & Kitchen,Tier-1 Metro,602,128,372,90101.41,3.35,0.1381,8,0.2905,-0.2733,0.4541,0.1502,20,1
SLR000055,Grocery,Tier-1 Metro,688,42,16,7084.57,3.38,0.1124,4,-0.354,-0.2796,0.2996,0.0988,7,0
SLR000056,Beauty & Personal Care,Tier-2 City,304,426,227,17259.97,3.29,0.1481,8,0.0788,-0.093,0.8218,0.1941,21,1
SLR000057,Fashion,Tier-2 City,407,323,50,3404.2,3.34,0.2999,7,0.072,-0.1925,0.6645,0.2158,3,0
SLR000058,Mobiles & Accessories,Tier-2 City,464,266,285,15661.48,3.29,0.2535,5,-0.3025,-0.1363,0.589,0.2171,41,1
SLR000059,Grocery,Tier-2 City,143,587,70,2250.77,3.58,0.1267,5,-0.2741,0.074,0.4205,0.2151,73,1
SLR000060,Mobiles & Accessories,Tier-3 Town,504,226,129,19252.49,3.18,0.318,13,-0.1998,-0.003,0.8294,0.3046,45,1
SLR000061,Mobiles & Accessories,Tier-1 Metro,398,332,816,26614.56,3.93,0.168,8,-0.1227,0.0018,0.8497,0.0896,15,0
SLR000062,Fashion,Tier-2 City,574,156,97,23900.63,3.68,0.3437,12,0.1492,-0.1388,0.518,0.1968,11,1
SLR000063,Home & Kitchen,Tier-2 City,473,257,292,46471.84,4.15,0.2187,5,0.2758,-0.1495,0.7239,0.0593,3,0
SLR000064,Grocery,Tier-2 City,618,112,175,25660.59,4.35,0.197,5,0.0735,0.0426,0.4778,0.2489,109,1
SLR000065,Grocery,Tier-3 Town,46,684,992,25527.06,3.78,0.225,10,-0.0237,-0.2004,0.5094,0.2008,2,0
SLR000066,Sports & Fitness,Tier-2 City,337,393,966,59414.19,4.57,0.1593,1,0.3044,-0.0751,0.8441,0.1654,9,0
SLR000067,Home & Kitchen,Tier-2 City,432,298,172,12913.16,3.63,0.2181,10,0.4587,0.1543,0.8614,0.21,0,0
SLR000068,Beauty & Personal Care,Tier-3 Town,274,456,15,413.13,3.11,0.2662,10,-0.3484,-0.2372,0.3947,0.2597,70,1
SLR000069,Sports & Fitness,Tier-1 Metro,472,258,1474,236273.35,3.91,0.1401,2,-0.1715,0.0549,0.6655,0.1362,10,0
SLR000070,Fashion,Tier-2 City,298,432,516,14884.69,3.0,0.3278,9,-0.5192,-0.361,0.1255,0.2395,94,1
SLR000071,Sports & Fitness,Tier-2 City,0,730,947,27664.58,4.03,0.1985,2,-0.2464,-0.178,0.6375,0.2116,13,0
SLR000072,Toys & Baby,Tier-2 City,559,171,108,24187.02,2.54,0.2434,15,-0.2465,-0.3049,0.4214,0.2732,110,1
SLR000073,Toys & Baby,Tier-2 City,408,322,723,45789.06,3.97,0.1378,2,0.2301,-0.0112,0.8168,0.1266,5,0
SLR000074,Grocery,Tier-3 Town,211,519,355,13760.38,3.25,0.2167,12,-0.3794,-0.1381,0.5825,0.2795,27,1
SLR000075,Home & Kitchen,Tier-2 City,0,730,819,28710.67,4.01,0.1727,4,-0.028,-0.1205,0.5396,0.0806,12,0
SLR000076,Grocery,Tier-1 Metro,424,306,264,17136.7,4.04,0.1263,5,0.0965,-0.0123,0.8715,0.1465,5,1
SLR000077,Beauty & Personal Care,Tier-3 Town,101,629,507,24703.21,3.76,0.2706,10,-0.2615,-0.3525,0.5344,0.2364,44,1
SLR000078,Beauty & Personal Care,Tier-2 City,567,163,317,20889.75,3.92,0.1675,4,0.4164,-0.0657,0.3409,0.1857,0,0
SLR000079,Home & Kitchen,Tier-3 Town,412,318,60,5968.81,3.06,0.2516,8,-0.2318,-0.1136,0.7089,0.2536,10,0
SLR000080,Electronics,Tier-3 Town,175,555,370,14450.2,3.22,0.3049,12,-0.5075,-0.3505,0.1954,0.2564,35,1
SLR000081,Electronics,Tier-3 Town,372,358,538,56572.49,3.79,0.3143,12,-0.3872,0.0986,0.6342,0.212,5,0
SLR000082,Beauty & Personal Care,Tier-2 City,566,164,279,54148.63,3.71,0.1307,6,-0.2663,-0.0545,0.5969,0.207,64,1
SLR000083,Electronics,Tier-3 Town,566,164,1013,157084.2,4.18,0.2154,3,-0.3124,-0.1015,0.7351,0.1078,3,0
SLR000084,Mobiles & Accessories,Tier-1 Metro,383,347,419,36498.14,3.9,0.2033,7,-0.5941,-0.272,0.4891,0.1463,18,1
SLR000085,Sports & Fitness,Tier-1 Metro,475,255,833,87077.66,3.74,0.1503,7,0.0187,0.174,0.629,0.1323,26,0
SLR000086,Toys & Baby,Tier-1 Metro,360,370,203,17646.32,3.83,0.1392,10,-0.7279,-0.1066,0.7623,0.1895,23,0
SLR000087,Grocery,Tier-2 City,495,235,965,79378.58,3.98,0.1341,5,0.4462,-0.1489,0.7612,0.1185,14,0
SLR000088,Mobiles & Accessories,Tier-3 Town,291,439,47,2730.9,3.39,0.3428,14,-0.4662,-0.3241,0.3651,0.2854,61,1
SLR000089,Mobiles & Accessories,Tier-1 Metro,242,488,1257,59699.95,3.56,0.2142,10,-0.1885,-0.1523,0.585,0.1483,7,0
SLR000090,Fashion,Tier-2 City,142,588,812,47605.14,3.83,0.2947,11,-0.2615,0.1437,0.8291,0.1325,23,0
SLR000091,Mobiles & Accessories,Tier-2 City,392,338,463,42331.58,3.74,0.2099,3,0.2137,-0.1121,0.6849,0.0644,7,0
SLR000092,Toys & Baby,Tier-2 City,243,487,384,21466.58,3.93,0.1844,7,-0.1963,-0.2819,0.6718,0.1939,0,0
SLR000093,Beauty & Personal Care,Tier-1 Metro,431,299,1005,95711.84,3.58,0.1226,4,-0.1961,-0.2091,0.551,0.0474,17,0
SLR000094,Mobiles & Accessories,Tier-2 City,621,109,266,36447.6,3.66,0.1859,2,0.4296,-0.0355,0.5694,0.1469,28,1
SLR000095,Electronics,Tier-1 Metro,533,197,324,66437.67,4.23,0.1748,4,0.3272,0.172,0.6916,0.136,0,0
SLR000096,Grocery,Tier-2 City,387,343,38,3929.26,3.85,0.1648,6,-0.3104,-0.2692,0.7223,0.2631,42,1
SLR000097,Toys & Baby,Tier-1 Metro,407,323,644,20962.79,3.93,0.1408,10,-0.3504,-0.0781,0.7361,0.1833,5,1
SLR000098,Home & Kitchen,Tier-1 Metro,0,730,802,31610.66,2.65,0.1921,8,-0.0474,-0.4221,0.5078,0.2264,49,1
SLR000099,Beauty & Personal Care,Tier-1 Metro,0,730,2512,74351.7,3.95,0.1208,4,0.1917,-0.2392,0.8361,0.1711,8,0
SLR000100,Electronics,Tier-3 Town,207,523,547,16965.2,2.04,0.3305,8,-0.7053,-0.3999,0.6603,0.3725,90,1
SLR000101,Home & Kitchen,Tier-3 Town,259,471,300,10303.29,3.23,0.2636,7,-0.9063,-0.266,0.5316,0.3359,5,1
SLR000102,Grocery,Tier-3 Town,453,277,853,113718.19,3.85,0.1947,7,0.0534,0.11,0.5432,0.1688,7,0
SLR000103,Home & Kitchen,Tier-2 City,427,303,550,33211.59,3.2,0.2199,10,-0.2051,-0.0526,0.8593,0.1495,17,0
SLR000104,Fashion,Tier-2 City,389,341,130,7321.19,3.62,0.2976,8,-0.1431,-0.232,0.7479,0.29,49,1
SLR000105,Fashion,Tier-1 Metro,521,209,289,44826.28,3.74,0.262,5,0.0166,0.2895,0.7638,0.1905,50,1
SLR000106,Home & Kitchen,Tier-2 City,553,177,586,134627.05,3.87,0.143,4,0.0547,0.0852,0.9648,0.1592,100,1
SLR000107,Mobiles & Accessories,Tier-2 City,661,69,123,39617.25,3.29,0.2879,13,0.0147,-0.1136,0.5424,0.212,69,1
SLR000108,Electronics,Tier-3 Town,0,730,793,38349.36,3.37,0.325,11,-0.2272,-0.2859,0.6689,0.4307,0,0
SLR000109,Beauty & Personal Care,Tier-3 Town,0,730,5067,236160.13,3.26,0.251,7,0.0883,-0.2677,0.4247,0.3169,95,1
SLR000110,Beauty & Personal Care,Tier-1 Metro,186,544,298,20210.38,3.33,0.1044,7,0.1453,0.1177,0.6651,0.1684,5,0
SLR000111,Home & Kitchen,Tier-1 Metro,173,557,143,3653.32,2.17,0.2053,10,-0.3882,-0.1003,0.3328,0.3067,71,1
SLR000112,Home & Kitchen,Tier-1 Metro,0,730,567,13201.73,4.46,0.1779,8,0.0073,0.2522,0.6461,0.104,4,0
SLR000113,Fashion,Tier-3 Town,169,561,1039,47406.35,2.94,0.3963,13,0.1121,-0.2512,0.7835,0.2379,7,1
SLR000114,Beauty & Personal Care,Tier-2 City,261,469,446,26413.09,2.89,0.1787,5,-0.0479,0.0053,0.7513,0.2525,4,0
SLR000115,Sports & Fitness,Tier-1 Metro,231,499,4128,244623.05,4.48,0.1376,0,0.2319,-0.09,0.9532,0.0271,0,0
SLR000116,Mobiles & Accessories,Tier-2 City,0,730,828,45461.35,3.28,0.2182,7,-0.3506,-0.2539,0.8193,0.2259,0,0
SLR000117,Fashion,Tier-2 City,158,572,1733,95446.23,3.6,0.3283,10,-0.3906,-0.3904,0.7553,0.2076,84,1
SLR000118,Sports & Fitness,Tier-1 Metro,0,730,901,42596.98,3.77,0.1761,5,-0.2056,-0.1448,0.6135,0.2494,21,1
SLR000119,Toys & Baby,Tier-2 City,0,730,135,6297.94,2.93,0.2299,14,-0.3625,-0.1278,0.6206,0.2523,43,1
SLR000120,Fashion,Tier-1 Metro,557,173,664,113669.43,3.59,0.2668,10,-0.5949,-0.0644,0.6109,0.2006,64,1
SLR000121,Sports & Fitness,Tier-2 City,447,283,151,21441.51,3.5,0.2128,9,-0.2444,-0.1318,0.7218,0.2521,15,1
SLR000122,Mobiles & Accessories,Tier-2 City,438,292,307,21054.96,3.16,0.2621,6,0.0408,-0.0835,0.4747,0.2004,1,0
SLR000123,Sports & Fitness,Tier-1 Metro,572,158,250,17402.58,4.32,0.11,4,-0.113,0.0103,0.8354,0.0,17,0
SLR000124,Grocery,Tier-3 Town,0,730,857,17549.18,3.38,0.1706,4,0.4837,0.2547,1.0,0.187,0,0
SLR000125,Beauty & Personal Care,Tier-2 City,629,101,256,56676.64,4.43,0.1631,8,0.4932,-0.018,0.393,0.2944,4,0
SLR000126,Beauty & Personal Care,Tier-2 City,382,348,316,23872.69,3.33,0.1724,10,0.1492,-0.1782,0.4729,0.1627,8,0
SLR000127,Fashion,Tier-2 City,693,37,33,18300.34,4.63,0.2765,6,0.0177,0.3066,0.8876,0.1102,14,0
SLR000128,Home & Kitchen,Tier-2 City,242,488,926,75430.79,3.54,0.2214,11,0.0145,0.0076,0.3992,0.1545,12,1
SLR000129,Fashion,Tier-1 Metro,613,117,233,65895.78,3.17,0.3054,3,-0.6148,-0.086,0.4553,0.1498,14,0
SLR000130,Beauty & Personal Care,Tier-1 Metro,494,236,136,22431.94,3.97,0.1296,4,-0.1733,0.0221,0.4187,0.1338,2,0
SLR000131,Toys & Baby,Tier-1 Metro,595,135,165,46448.02,3.52,0.2038,7,-0.3754,-0.1922,0.3333,0.2103,39,1
SLR000132,Sports & Fitness,Tier-1 Metro,289,441,798,40716.5,4.49,0.1373,7,-0.4096,-0.2635,0.5272,0.1977,0,0
SLR000133,Fashion,Tier-1 Metro,287,443,411,11108.83,3.97,0.2574,8,-0.0833,0.1608,0.6674,0.1232,5,0
SLR000134,Mobiles & Accessories,Tier-1 Metro,372,358,337,16420.79,3.21,0.2399,6,-0.4677,-0.181,0.6057,0.2167,15,0
SLR000135,Home & Kitchen,Tier-1 Metro,358,372,472,21923.82,3.65,0.1356,2,-0.5243,0.0458,0.6196,0.0,11,0
SLR000136,Toys & Baby,Tier-1 Metro,474,256,450,41557.49,3.34,0.1724,6,0.3431,0.0868,0.503,0.1653,11,0
SLR000137,Fashion,Tier-2 City,483,247,581,25162.03,3.19,0.3343,7,-0.4662,-0.2325,0.3846,0.1649,37,1
SLR000138,Sports & Fitness,Tier-3 Town,400,330,669,31591.14,3.9,0.2186,9,-0.248,-0.045,0.4465,0.2777,5,1
SLR000139,Beauty & Personal Care,Tier-2 City,0,730,495,18550.5,3.81,0.192,8,-0.1083,0.0784,0.6961,0.1449,2,0
SLR000140,Beauty & Personal Care,Tier-1 Metro,492,238,1190,181394.92,3.54,0.107,4,0.0085,0.1036,0.7192,0.1191,10,0
SLR000141,Sports & Fitness,Tier-2 City,233,497,498,11399.97,3.16,0.1957,6,-0.2994,-0.3105,0.6534,0.2372,33,1
SLR000142,Toys & Baby,Tier-2 City,47,683,2565,121984.84,4.36,0.1284,5,-0.3291,-0.2562,0.8171,0.1499,31,1
SLR000143,Beauty & Personal Care,Tier-2 City,387,343,102,5822.6,3.53,0.1805,5,-0.1399,-0.0277,0.596,0.1712,5,0
SLR000144,Home & Kitchen,Tier-1 Metro,194,536,1404,94541.92,3.39,0.1765,9,-0.2919,-0.2344,0.542,0.2021,8,0
SLR000145,Mobiles & Accessories,Tier-3 Town,619,111,330,105808.16,3.43,0.3355,6,-0.0158,-0.1167,0.4403,0.3022,36,1
SLR000146,Electronics,Tier-1 Metro,556,174,889,166584.07,3.62,0.1785,7,-0.3754,0.0101,0.3304,0.2581,57,1
SLR000147,Sports & Fitness,Tier-3 Town,186,544,935,57596.19,3.39,0.2094,7,-0.3068,-0.0348,0.6497,0.2642,60,1
SLR000148,Fashion,Tier-1 Metro,617,113,137,33363.48,4.05,0.1787,1,0.3215,-0.0066,1.0,0.0945,22,0
SLR000149,Electronics,Tier-1 Metro,384,346,428,51783.78,3.94,0.2134,9,-0.5714,-0.0607,0.4041,0.1329,0,0
SLR000150,Electronics,Tier-2 City,591,139,113,28622.96,4.05,0.2049,6,-0.0585,-0.0737,0.2996,0.2694,20,0
SLR000151,Grocery,Tier-1 Metro,652,78,116,24711.17,4.7,0.0613,2,0.3815,0.344,0.5433,0.0122,1,0
SLR000152,Home & Kitchen,Tier-1 Metro,260,470,338,10343.83,4.21,0.1541,3,-0.0343,-0.2474,0.5683,0.1428,0,0
SLR000153,Home & Kitchen,Tier-2 City,662,68,179,36956.87,3.77,0.167,4,-0.1439,-0.0461,0.7032,0.1122,19,1
SLR000154,Toys & Baby,Tier-1 Metro,77,653,1068,24025.6,3.44,0.153,11,-0.5154,-0.2291,0.6304,0.2397,0,0
SLR000155,Toys & Baby,Tier-2 City,0,730,649,21672.14,3.1,0.1818,9,-0.2862,-0.4046,0.5438,0.2292,5,1
SLR000156,Grocery,Tier-1 Metro,404,326,2067,170707.42,3.96,0.0956,2,0.2052,0.0184,0.6308,0.0602,0,0
SLR000157,Beauty & Personal Care,Tier-1 Metro,422,308,71,7670.94,4.0,0.1492,4,0.2719,-0.1264,0.815,0.2406,0,0
SLR000158,Fashion,Tier-1 Metro,311,419,99,5537.5,3.52,0.3026,11,-0.2143,-0.223,0.4389,0.1425,25,1
SLR000159,Sports & Fitness,Tier-3 Town,90,640,428,24405.47,3.27,0.24,7,-0.348,-0.2687,0.4172,0.3358,13,0
SLR000160,Grocery,Tier-1 Metro,538,192,280,47024.21,4.26,0.0879,1,-0.0464,0.2087,0.616,0.0711,12,0
SLR000161,Mobiles & Accessories,Tier-1 Metro,304,426,417,28712.27,3.45,0.1743,2,-0.299,-0.0713,0.4681,0.1726,33,0
SLR000162,Home & Kitchen,Tier-1 Metro,357,373,448,14396.89,3.47,0.1667,10,0.0804,0.0669,0.7261,0.2189,8,0
SLR000163,Toys & Baby,Tier-3 Town,462,268,160,14755.16,4.02,0.227,4,-0.3322,-0.0166,0.6595,0.1416,4,0
SLR000164,Mobiles & Accessories,Tier-2 City,392,338,795,33614.51,3.64,0.1981,7,-0.5265,-0.0604,0.6834,0.1094,0,0
SLR000165,Electronics,Tier-2 City,276,454,285,23942.35,3.95,0.194,6,-0.2442,0.124,0.5754,0.1549,12,0
SLR000166,Electronics,Tier-2 City,220,510,825,28886.93,3.79,0.193,6,0.2159,-0.2,0.6321,0.1002,0,0
SLR000167,Home & Kitchen,Tier-1 Metro,564,166,275,61042.15,3.31,0.1915,9,0.0603,-0.1615,0.3545,0.1556,8,1
SLR000168,Toys & Baby,Tier-1 Metro,486,244,132,6358.75,4.2,0.1236,4,-0.577,0.0566,0.7418,0.0927,0,0
SLR000169,Toys & Baby,Tier-1 Metro,674,56,120,78174.47,4.77,0.1255,8,0.491,0.0526,0.7647,0.1474,14,0
SLR000170,Fashion,Tier-1 Metro,278,452,422,12172.92,4.85,0.1987,4,0.3021,0.0208,0.8895,0.0,3,0
SLR000171,Sports & Fitness,Tier-2 City,638,92,95,10967.2,3.72,0.1848,5,-0.4328,-0.0943,0.5261,0.2077,4,0
SLR000172,Beauty & Personal Care,Tier-1 Metro,0,730,805,39544.87,4.05,0.099,7,0.0024,0.0796,0.7126,0.0993,15,0
SLR000173,Grocery,Tier-1 Metro,218,512,130,9109.26,5.0,0.064,2,0.0398,0.4741,0.716,0.0602,0,0
SLR000174,Beauty & Personal Care,Tier-1 Metro,0,730,1876,34118.1,3.73,0.0939,8,0.0798,0.1788,0.5921,0.0261,24,0
SLR000175,Home & Kitchen,Tier-2 City,491,239,233,34554.75,4.11,0.1684,7,-0.232,-0.1357,0.5408,0.1734,0,0
SLR000176,Electronics,Tier-1 Metro,431,299,1325,58390.57,4.44,0.1112,4,0.2035,0.0367,1.0,0.0,0,0
SLR000177,Grocery,Tier-3 Town,280,450,1072,59349.79,3.76,0.1556,5,0.0305,-0.0732,0.6529,0.1821,13,0
SLR000178,Beauty & Personal Care,Tier-3 Town,0,730,507,19782.43,3.29,0.2249,3,-0.1159,-0.1147,0.5227,0.225,27,1
SLR000179,Beauty & Personal Care,Tier-1 Metro,622,108,125,30939.95,3.48,0.1821,6,-0.6569,-0.3034,0.5004,0.2078,26,1
SLR000180,Beauty & Personal Care,Tier-3 Town,348,382,1141,75974.99,3.74,0.2113,9,-0.1402,-0.2677,0.4918,0.2728,7,0
SLR000181,Electronics,Tier-3 Town,550,180,260,52161.02,3.46,0.2977,7,-0.5377,-0.2648,0.62,0.2153,5,1
SLR000182,Grocery,Tier-1 Metro,722,8,5,2898.55,4.6,0.0874,1,-0.0868,-0.0883,0.9006,0.0561,8,0
SLR000183,Fashion,Tier-1 Metro,66,664,363,11090.93,3.1,0.2627,8,-0.516,-0.0781,0.3143,0.1873,60,1
SLR000184,Electronics,Tier-2 City,61,669,1181,34710.84,2.88,0.2191,6,-0.2684,0.0627,0.5912,0.2065,0,0
SLR000185,Mobiles & Accessories,Tier-2 City,288,442,596,46688.72,3.03,0.2577,4,-0.7221,-0.2507,0.7285,0.1919,9,0
SLR000186,Home & Kitchen,Tier-2 City,229,501,566,21071.88,2.82,0.2159,11,-0.2826,-0.2464,0.4639,0.1947,14,1
SLR000187,Toys & Baby,Tier-2 City,530,200,60,4409.94,3.88,0.1772,9,0.2149,-0.0265,0.5503,0.1916,20,1
SLR000188,Fashion,Tier-1 Metro,335,395,1439,137857.51,3.86,0.2488,6,0.214,-0.0521,0.977,0.1499,19,0
SLR000189,Grocery,Tier-2 City,605,125,103,33271.79,3.64,0.2003,9,-0.3414,-0.2113,0.4881,0.2192,2,0
SLR000190,Toys & Baby,Tier-2 City,393,337,1302,106869.22,4.36,0.1652,2,-0.0132,0.1413,0.683,0.0285,37,0
SLR000191,Toys & Baby,Tier-2 City,652,78,61,23870.09,3.99,0.1623,5,-0.1625,0.2156,0.6211,0.0552,19,1
SLR000192,Mobiles & Accessories,Tier-1 Metro,543,187,116,17833.21,3.92,0.1835,6,0.2684,0.0558,0.7886,0.0492,7,0
SLR000193,Electronics,Tier-1 Metro,372,358,546,52755.27,3.97,0.1422,4,0.1192,0.1642,0.4718,0.125,5,0
SLR000194,Electronics,Tier-2 City,528,202,209,14527.06,3.61,0.1768,5,-0.6428,0.2456,0.672,0.1388,2,0
SLR000195,Toys & Baby,Tier-3 Town,498,232,256,37717.55,3.65,0.2684,9,-0.1789,-0.4245,0.4128,0.311,11,1
SLR000196,Grocery,Tier-2 City,636,94,76,16528.83,4.26,0.1327,3,0.0101,-0.023,0.6881,0.052,1,0
SLR000197,Home & Kitchen,Tier-1 Metro,148,582,1009,59332.05,4.42,0.1543,6,0.086,-0.26,0.9893,0.1591,28,0
SLR000198,Mobiles & Accessories,Tier-1 Metro,240,490,1527,45468.75,3.9,0.1905,5,-0.2234,0.0684,0.8613,0.2006,0,0
SLR000199,Mobiles & Accessories,Tier-2 City,486,244,158,11967.5,3.05,0.253,9,-0.2384,-0.1149,0.7204,0.2158,22,1
SLR000200,Toys & Baby,Tier-2 City,560,170,434,63225.7,3.94,0.1054,3,-0.2242,0.1466,0.7052,0.1281,33,0
SLR000201,Sports & Fitness,Tier-1 Metro,377,353,323,13659.92,4.77,0.1554,6,0.6698,-0.1217,0.5763,0.1075,5,0
SLR000202,Fashion,Tier-1 Metro,720,10,36,39855.87,3.72,0.2527,6,0.276,-0.1351,0.7271,0.0822,10,1
SLR000203,Sports & Fitness,Tier-2 City,215,515,1053,25446.85,3.42,0.2087,4,0.1557,-0.303,0.495,0.2342,14,0
SLR000204,Mobiles & Accessories,Tier-3 Town,374,356,336,20649.19,4.16,0.2481,5,0.115,0.1431,0.7788,0.2175,4,0
SLR000205,Toys & Baby,Tier-1 Metro,268,462,643,43738.88,3.34,0.2039,9,-0.6709,-0.0879,0.1823,0.1944,23,1
SLR000206,Sports & Fitness,Tier-1 Metro,575,155,616,166370.96,3.39,0.1718,10,-0.0479,-0.2189,0.4367,0.2985,3,0
SLR000207,Fashion,Tier-3 Town,689,41,66,32236.12,2.69,0.4412,14,-0.7206,-0.3852,0.4949,0.3699,41,1
SLR000208,Electronics,Tier-2 City,424,306,522,30503.29,3.81,0.177,8,-0.5469,-0.2963,0.4501,0.2596,5,1
SLR000209,Toys & Baby,Tier-3 Town,432,298,331,30627.33,4.13,0.2594,5,0.0993,-0.0807,0.4687,0.2908,48,1
SLR000210,Grocery,Tier-1 Metro,89,641,1061,49347.53,4.99,0.046,1,0.0887,0.3544,0.6646,0.1858,10,0
SLR000211,Mobiles & Accessories,Tier-1 Metro,564,166,273,53362.91,4.02,0.1752,6,-0.2644,-0.084,0.6348,0.0944,52,1
SLR000212,Electronics,Tier-3 Town,473,257,124,8696.22,3.57,0.2907,15,-0.4215,-0.1797,0.267,0.1917,5,1
SLR000213,Mobiles & Accessories,Tier-1 Metro,439,291,651,74422.53,3.71,0.1674,4,-0.0802,-0.3113,0.6382,0.1126,0,0
SLR000214,Mobiles & Accessories,Tier-2 City,434,296,341,21714.55,4.21,0.2078,4,-0.065,-0.0231,0.6573,0.207,32,0
SLR000215,Home & Kitchen,Tier-1 Metro,493,237,351,19994.18,3.66,0.1526,6,0.0605,0.1649,0.777,0.0325,14,0
SLR000216,Electronics,Tier-2 City,512,218,458,59225.34,4.03,0.2288,5,-0.1088,-0.3383,0.6575,0.1752,70,1
SLR000217,Mobiles & Accessories,Tier-1 Metro,0,730,3058,85623.73,3.46,0.1875,2,-0.168,-0.125,0.633,0.188,0,0
SLR000218,Mobiles & Accessories,Tier-1 Metro,235,495,1800,142571.88,3.99,0.1557,4,-0.2235,-0.096,0.6625,0.0454,24,0
SLR000219,Toys & Baby,Tier-1 Metro,679,51,7,5724.71,3.76,0.146,6,-0.1282,-0.2644,0.4905,0.2229,32,1
SLR000220,Home & Kitchen,Tier-3 Town,257,473,1428,123621.96,3.42,0.2481,8,-0.2645,-0.0386,0.6563,0.305,67,1
SLR000221,Sports & Fitness,Tier-2 City,98,632,328,13359.4,4.1,0.1581,2,0.0836,-0.1592,0.6512,0.1321,6,0
SLR000222,Fashion,Tier-2 City,582,148,784,132498.3,3.94,0.2961,5,0.5779,-0.1355,0.7038,0.1611,28,1
SLR000223,Toys & Baby,Tier-2 City,591,139,216,60665.85,4.04,0.2132,4,-0.3727,-0.1961,0.7772,0.2534,7,0
SLR000224,Toys & Baby,Tier-2 City,497,233,388,22108.47,3.08,0.2536,12,-0.1593,-0.1721,0.5813,0.3935,29,1
SLR000225,Home & Kitchen,Tier-2 City,666,64,29,15252.37,4.09,0.1945,8,-0.5147,-0.1991,0.4879,0.2248,28,1
SLR000226,Grocery,Tier-3 Town,317,413,446,45248.75,3.45,0.1971,12,-0.6442,-0.1007,0.5775,0.2559,56,1
SLR000227,Grocery,Tier-2 City,369,361,460,17890.5,3.21,0.1741,14,0.1769,-0.0073,0.678,0.3253,74,1
SLR000228,Beauty & Personal Care,Tier-1 Metro,431,299,325,37827.62,3.89,0.0791,2,0.1531,0.1039,0.8572,0.0247,14,0
SLR000229,Beauty & Personal Care,Tier-1 Metro,485,245,815,41356.53,4.47,0.1449,8,0.0467,-0.1014,0.7114,0.1186,23,0
SLR000230,Beauty & Personal Care,Tier-1 Metro,80,650,139,3288.42,4.86,0.1377,5,0.1138,0.0941,0.5413,0.1369,0,0
SLR000231,Mobiles & Accessories,Tier-1 Metro,0,730,969,32601.1,3.48,0.2504,13,-0.5575,-0.296,0.3472,0.2199,32,1
SLR000232,Toys & Baby,Tier-1 Metro,364,366,1237,122612.93,3.49,0.1436,5,0.0005,-0.1194,0.5513,0.0773,81,1
SLR000233,Beauty & Personal Care,Tier-1 Metro,603,127,106,21844.49,4.74,0.108,3,-0.2165,0.1635,0.9744,0.0355,0,0
SLR000234,Fashion,Tier-3 Town,155,575,256,15115.1,2.55,0.376,9,-0.5105,-0.1521,0.2853,0.1912,51,1
SLR000235,Sports & Fitness,Tier-3 Town,86,644,2541,117250.44,3.6,0.2829,7,-0.3534,-0.0796,0.6607,0.1884,109,1
SLR000236,Toys & Baby,Tier-1 Metro,651,79,61,10288.19,3.62,0.1286,8,0.0573,-0.3424,0.495,0.2368,48,1
SLR000237,Grocery,Tier-2 City,543,187,82,12917.21,3.46,0.1447,13,0.0728,0.3122,0.68,0.1745,6,0
SLR000238,Electronics,Tier-2 City,541,189,212,41831.61,4.04,0.1825,5,-0.0825,-0.3666,0.355,0.1624,17,0
SLR000239,Fashion,Tier-1 Metro,15,715,358,17877.37,4.28,0.2766,9,0.1224,0.0552,0.7212,0.0986,34,0
SLR000240,Electronics,Tier-3 Town,312,418,390,17884.48,3.39,0.2726,7,-0.3846,-0.011,0.6154,0.1471,30,1
SLR000241,Sports & Fitness,Tier-1 Metro,647,83,91,11680.74,3.8,0.1191,4,0.4432,-0.0792,0.4685,0.0604,23,1
SLR000242,Beauty & Personal Care,Tier-1 Metro,385,345,152,16443.28,3.03,0.1298,2,-0.2125,-0.3083,0.5198,0.1099,38,1
SLR000243,Mobiles & Accessories,Tier-1 Metro,535,195,514,39883.69,4.0,0.2309,13,-0.4074,-0.2055,0.2267,0.2623,84,1
SLR000244,Toys & Baby,Tier-1 Metro,489,241,882,124735.93,3.01,0.1605,10,-0.1634,0.2386,0.671,0.0872,0,0
SLR000245,Electronics,Tier-2 City,279,451,309,22086.18,4.23,0.2256,6,-0.0954,-0.2011,0.3299,0.1954,39,1
SLR000246,Toys & Baby,Tier-1 Metro,657,73,41,10585.0,3.16,0.1562,11,-0.3372,-0.3093,0.4741,0.1389,43,1
SLR000247,Beauty & Personal Care,Tier-2 City,0,730,361,11485.36,3.05,0.2296,6,-0.5602,-0.3592,0.5671,0.2109,49,1
SLR000248,Sports & Fitness,Tier-2 City,484,246,395,38748.8,3.36,0.1647,4,-0.0572,-0.2667,0.6202,0.2789,37,1
SLR000249,Sports & Fitness,Tier-2 City,0,730,910,40120.58,3.46,0.1936,9,-0.1681,-0.1176,0.3052,0.2119,9,0
SLR000250,Mobiles & Accessories,Tier-3 Town,453,277,1285,140223.5,3.4,0.2801,5,-0.0861,-0.0412,0.9718,0.1868,8,0
SLR000251,Fashion,Tier-2 City,567,163,142,32871.74,3.94,0.297,5,-0.0457,-0.0502,0.8354,0.0637,1,0
SLR000252,Home & Kitchen,Tier-2 City,382,348,233,17616.25,3.1,0.2546,9,-0.3392,-0.3802,0.4866,0.1927,5,1
SLR000253,Home & Kitchen,Tier-1 Metro,0,730,1970,102475.29,4.29,0.1283,4,-0.0383,0.0933,0.2553,0.081,32,0
SLR000254,Fashion,Tier-3 Town,472,258,225,34034.16,3.44,0.3518,2,-0.0251,-0.4434,0.7178,0.3504,20,0
SLR000255,Electronics,Tier-2 City,471,259,106,5923.65,3.81,0.1498,4,0.4675,0.0349,0.535,0.0299,56,1
SLR000256,Sports & Fitness,Tier-1 Metro,442,288,396,45725.3,4.07,0.1237,2,0.1884,-0.1089,0.7049,0.0181,19,0
SLR000257,Fashion,Tier-2 City,623,107,171,37051.29,3.01,0.3029,7,0.0597,0.0919,0.5694,0.137,35,1
SLR000258,Mobiles & Accessories,Tier-2 City,260,470,692,30733.07,2.76,0.2208,6,-0.1426,-0.1493,0.8685,0.1219,110,1
SLR000259,Electronics,Tier-1 Metro,414,316,155,9028.31,3.2,0.1989,8,0.0426,-0.0983,0.8622,0.1394,0,0
SLR000260,Home & Kitchen,Tier-1 Metro,599,131,368,80147.71,3.89,0.098,1,0.2618,0.322,0.7313,0.0448,17,0
SLR000261,Beauty & Personal Care,Tier-2 City,668,62,39,10238.93,2.69,0.1987,8,-0.4468,-0.0958,0.3614,0.2515,57,1
SLR000262,Home & Kitchen,Tier-1 Metro,12,718,467,12096.81,3.54,0.1421,6,-0.0648,-0.0587,0.4455,0.0737,7,0
SLR000263,Grocery,Tier-2 City,513,217,398,69967.22,4.49,0.1286,3,0.5294,0.1469,0.6727,0.13,4,0
SLR000264,Beauty & Personal Care,Tier-3 Town,303,427,474,31249.57,4.35,0.2246,5,-0.0138,0.0722,0.7087,0.2617,3,0
SLR000265,Grocery,Tier-2 City,704,26,52,31218.12,3.39,0.1342,5,-0.0192,-0.1925,0.4641,0.2725,26,1
SLR000266,Beauty & Personal Care,Tier-2 City,267,463,918,78068.18,3.44,0.2211,8,0.0823,-0.1003,0.713,0.081,47,1
SLR000267,Sports & Fitness,Tier-1 Metro,245,485,1706,71564.5,4.18,0.0734,5,0.1126,0.0797,0.4993,0.0646,22,0
SLR000268,Fashion,Tier-1 Metro,301,429,274,26495.17,3.31,0.2397,9,-0.2396,0.0634,0.7105,0.1599,0,0
SLR000269,Toys & Baby,Tier-3 Town,131,599,1051,65398.92,3.82,0.2186,5,0.0106,0.1285,0.7721,0.2211,0,0
SLR000270,Grocery,Tier-1 Metro,207,523,1391,98120.03,4.01,0.0653,8,0.2504,0.3748,0.7499,0.0725,3,0
SLR000271,Fashion,Tier-1 Metro,605,125,336,77491.7,3.58,0.283,5,0.1238,-0.0079,0.5836,0.1313,0,0
SLR000272,Home & Kitchen,Tier-2 City,564,166,320,38532.6,3.82,0.1885,4,-0.2367,0.0663,0.6888,0.1921,19,1
SLR000273,Beauty & Personal Care,Tier-1 Metro,0,730,1897,97512.0,4.51,0.1501,5,0.0086,-0.0212,0.5693,0.2592,6,0
SLR000274,Mobiles & Accessories,Tier-1 Metro,692,38,51,25230.79,3.75,0.1836,4,0.2684,0.2618,0.5678,0.0694,38,1
SLR000275,Sports & Fitness,Tier-2 City,536,194,413,51648.61,3.29,0.2376,9,-0.1404,-0.1761,0.7903,0.2603,3,0
SLR000276,Toys & Baby,Tier-1 Metro,647,83,278,49556.65,3.63,0.1655,9,-0.33,-0.0345,0.3244,0.1927,5,1
SLR000277,Electronics,Tier-3 Town,111,619,192,7964.37,4.29,0.239,4,-0.4067,-0.307,0.6253,0.2147,62,1
SLR000278,Fashion,Tier-2 City,446,284,877,44220.08,3.68,0.3197,7,-0.3218,0.0316,0.7553,0.1947,14,1
SLR000279,Beauty & Personal Care,Tier-1 Metro,609,121,166,16493.29,3.66,0.1006,3,0.1182,-0.0658,0.6456,0.0942,13,0
SLR000280,Fashion,Tier-1 Metro,0,730,1462,29165.57,3.87,0.2241,3,0.0283,-0.014,0.8324,0.149,0,0
SLR000281,Mobiles & Accessories,Tier-1 Metro,208,522,879,41402.64,3.85,0.1745,1,-0.0921,0.0849,0.6292,0.1077,7,0
SLR000282,Mobiles & Accessories,Tier-2 City,452,278,312,44399.43,2.7,0.2896,9,-0.6126,-0.4117,0.3617,0.3242,87,1
SLR000283,Mobiles & Accessories,Tier-1 Metro,685,45,51,40242.07,3.96,0.1737,6,0.336,-0.1064,0.5181,0.0359,0,0
SLR000284,Mobiles & Accessories,Tier-1 Metro,0,730,765,26869.75,4.63,0.1688,2,-0.058,-0.0339,0.68,0.1117,12,0
SLR000285,Grocery,Tier-1 Metro,0,730,738,34142.35,4.32,0.0955,1,-0.1179,0.104,0.4255,0.1137,37,0
SLR000286,Beauty & Personal Care,Tier-2 City,536,194,521,51924.34,3.87,0.1787,7,-0.4003,-0.0173,0.8615,0.1893,84,1
SLR000287,Beauty & Personal Care,Tier-3 Town,0,730,1684,74430.42,4.08,0.2015,3,0.6985,0.146,0.5657,0.3084,11,0
SLR000288,Mobiles & Accessories,Tier-2 City,127,603,1080,40036.7,3.75,0.2372,7,-0.2471,-0.2408,0.8251,0.2626,0,0
SLR000289,Toys & Baby,Tier-3 Town,716,14,55,32574.9,3.72,0.2219,4,-0.0141,0.1399,0.5263,0.1716,5,1
SLR000290,Sports & Fitness,Tier-2 City,321,409,110,7592.19,3.54,0.1616,5,-0.2376,-0.0839,0.749,0.1185,3,0
SLR000291,Electronics,Tier-3 Town,611,119,81,21465.61,3.35,0.2854,7,-0.5721,-0.4465,0.4813,0.3535,110,1
SLR000292,Beauty & Personal Care,Tier-3 Town,438,292,720,65482.2,3.52,0.24,4,-0.1157,-0.3207,0.7965,0.3433,93,1
SLR000293,Mobiles & Accessories,Tier-1 Metro,679,51,69,56223.59,3.32,0.2392,11,-0.1145,0.0756,0.0739,0.1883,51,1
SLR000294,Beauty & Personal Care,Tier-1 Metro,139,591,1121,47547.45,3.58,0.1368,3,-0.0391,-0.04,0.6676,0.2073,25,0
SLR000295,Home & Kitchen,Tier-1 Metro,485,245,1362,152606.92,4.23,0.1326,7,0.4976,0.1951,0.7634,0.0802,89,1
SLR000296,Electronics,Tier-1 Metro,0,730,254,9123.0,3.99,0.1386,7,-0.2295,0.0133,0.7544,0.1706,45,0
SLR000297,Toys & Baby,Tier-3 Town,380,350,436,20607.65,3.84,0.2496,10,-0.0578,0.0641,0.7124,0.2772,0,0
SLR000298,Toys & Baby,Tier-2 City,435,295,158,12992.68,3.88,0.2023,11,-0.5888,0.0229,0.4769,0.2764,0,0
SLR000299,Fashion,Tier-1 Metro,680,50,83,65902.23,4.17,0.2692,5,-0.0831,-0.0864,0.6448,0.0848,18,0
SLR000300,Home & Kitchen,Tier-2 City,98,632,1114,19509.12,3.93,0.2259,9,0.1248,-0.4709,0.5941,0.1747,30,0
SLR000301,Toys & Baby,Tier-1 Metro,0,730,1855,33019.95,3.29,0.1619,7,0.1801,-0.3341,0.7728,0.0783,0,0
SLR000302,Mobiles & Accessories,Tier-1 Metro,140,590,150,6778.46,3.21,0.1911,5,0.0151,-0.2476,0.5232,0.1965,0,0
SLR000303,Beauty & Personal Care,Tier-2 City,152,578,261,6195.39,4.58,0.1293,6,-0.0246,-0.2281,0.4883,0.2457,22,0
SLR000304,Beauty & Personal Care,Tier-2 City,370,360,535,24824.06,2.81,0.2301,9,-0.3575,-0.0324,0.3557,0.2134,90,1
SLR000305,Beauty & Personal Care,Tier-2 City,223,507,271,12327.83,4.03,0.173,7,-0.006,-0.2324,0.6183,0.1137,22,1
SLR000306,Mobiles & Accessories,Tier-3 Town,341,389,187,9938.32,4.02,0.2503,4,0.4864,-0.0087,0.6647,0.247,7,0
SLR000307,Home & Kitchen,Tier-3 Town,563,167,67,16565.0,3.93,0.2881,10,-0.2423,0.0324,0.7187,0.3175,42,1
SLR000308,Home & Kitchen,Tier-1 Metro,449,281,680,76586.13,2.9,0.2283,6,-0.344,-0.3325,0.361,0.2124,14,1
SLR000309,Grocery,Tier-1 Metro,139,591,1467,35215.25,3.74,0.1043,4,-0.0497,-0.1275,0.8065,0.1111,5,1
SLR000310,Sports & Fitness,Tier-1 Metro,432,298,532,58633.18,3.48,0.1313,5,-0.1018,-0.0941,0.7872,0.1334,27,0
SLR000311,Beauty & Personal Care,Tier-1 Metro,628,102,74,9506.83,3.49,0.1567,7,-0.0663,-0.0152,0.3276,0.1697,54,1
SLR000312,Mobiles & Accessories,Tier-3 Town,408,322,1211,116384.02,3.57,0.3109,5,0.2188,-0.0212,0.7621,0.2814,95,1
SLR000313,Home & Kitchen,Tier-2 City,685,45,48,31311.76,3.76,0.177,9,-0.1209,-0.1911,0.4151,0.1763,0,0
SLR000314,Mobiles & Accessories,Tier-3 Town,543,187,410,64068.42,3.76,0.2892,11,0.2039,-0.1564,0.8082,0.2913,83,1
SLR000315,Beauty & Personal Care,Tier-1 Metro,613,117,469,92416.36,3.83,0.115,6,-0.067,0.1349,0.558,0.0837,25,0
SLR000316,Electronics,Tier-2 City,300,430,143,6978.33,3.61,0.2511,9,-0.7118,-0.1074,0.4985,0.2067,14,0
SLR000317,Home & Kitchen,Tier-2 City,211,519,2259,67858.51,4.26,0.1456,5,0.5566,0.1981,0.4181,0.1612,0,0
SLR000318,Fashion,Tier-1 Metro,193,537,505,13057.38,3.32,0.2764,7,-0.867,-0.1211,0.4171,0.1857,43,1
SLR000319,Mobiles & Accessories,Tier-2 City,491,239,33,2224.07,3.76,0.2755,11,-0.5303,-0.315,0.3324,0.206,58,1
SLR000320,Grocery,Tier-2 City,158,572,1138,48024.1,4.14,0.0907,6,0.2866,-0.1168,0.5166,0.1469,8,0
SLR000321,Toys & Baby,Tier-1 Metro,418,312,629,56890.49,4.11,0.1607,4,-0.1142,-0.1664,0.1353,0.2269,3,0
SLR000322,Home & Kitchen,Tier-3 Town,505,225,301,31109.61,4.29,0.2129,5,-0.2757,0.1041,0.8292,0.2126,17,0
SLR000323,Toys & Baby,Tier-2 City,0,730,590,15255.7,3.94,0.1928,6,0.1611,-0.0989,0.7032,0.1773,0,0
SLR000324,Sports & Fitness,Tier-1 Metro,490,240,228,12766.62,3.52,0.1625,2,-0.3063,-0.1098,0.7835,0.2038,75,1
SLR000325,Beauty & Personal Care,Tier-1 Metro,311,419,279,20300.98,3.15,0.1464,6,-0.4519,-0.1657,0.4586,0.1963,117,1
SLR000326,Beauty & Personal Care,Tier-2 City,545,185,214,29971.21,3.83,0.1806,7,0.4849,-0.0377,0.8459,0.1057,30,0
SLR000327,Sports & Fitness,Tier-1 Metro,639,91,181,34975.84,3.95,0.157,7,0.1071,0.0326,0.7031,0.1818,43,1
SLR000328,Beauty & Personal Care,Tier-1 Metro,405,325,693,71540.94,4.15,0.1287,9,0.3592,-0.0753,0.5601,0.1969,9,0
SLR000329,Home & Kitchen,Tier-1 Metro,533,197,144,16358.27,4.55,0.1268,4,0.1297,0.4236,0.7215,0.0908,6,0
SLR000330,Mobiles & Accessories,Tier-1 Metro,397,333,612,68757.0,4.74,0.1735,8,-0.0617,-0.0415,0.5728,0.0849,60,1
SLR000331,Grocery,Tier-2 City,361,369,1021,105674.81,4.14,0.1074,2,0.7029,0.1179,1.0,0.1809,0,0
SLR000332,Mobiles & Accessories,Tier-2 City,383,347,547,43107.75,3.53,0.2344,2,-0.2558,-0.5013,0.7477,0.0625,0,0
SLR000333,Fashion,Tier-1 Metro,404,326,266,12798.81,3.55,0.2911,11,-0.1606,-0.3415,0.5198,0.2308,29,1
SLR000334,Toys & Baby,Tier-1 Metro,446,284,192,17001.88,3.11,0.1255,7,-0.4482,-0.3215,0.7179,0.196,51,1
SLR000335,Grocery,Tier-2 City,220,510,243,17490.13,4.41,0.1687,2,-0.3102,-0.1014,0.6897,0.1719,0,0
SLR000336,Fashion,Tier-2 City,274,456,627,37368.69,3.68,0.3251,7,0.273,0.2628,0.6972,0.1314,15,0
SLR000337,Toys & Baby,Tier-3 Town,661,69,33,7422.99,3.83,0.2392,4,-0.433,0.0692,0.6932,0.2557,7,1
SLR000338,Electronics,Tier-2 City,439,291,862,44587.7,3.47,0.2523,11,-0.4271,-0.2764,0.5479,0.1309,15,0
SLR000339,Electronics,Tier-1 Metro,669,61,41,12220.05,4.17,0.1877,6,-0.057,0.0612,0.5221,0.1766,0,0
SLR000340,Mobiles & Accessories,Tier-3 Town,405,325,580,19954.23,3.2,0.3109,8,-0.0207,-0.3008,0.5628,0.2121,2,0
SLR000341,Fashion,Tier-2 City,486,244,144,15737.91,3.37,0.3274,16,0.2211,-0.4105,0.8242,0.0883,25,1
SLR000342,Beauty & Personal Care,Tier-1 Metro,463,267,321,19160.44,4.15,0.149,9,-0.473,-0.0457,0.6175,0.2482,48,1
SLR000343,Fashion,Tier-3 Town,77,653,652,28577.48,3.68,0.372,7,-0.3565,-0.3556,0.4695,0.3156,50,1
SLR000344,Beauty & Personal Care,Tier-1 Metro,685,45,165,69626.1,4.27,0.1512,4,-0.3481,0.0613,0.756,0.1852,43,1
SLR000345,Fashion,Tier-1 Metro,220,510,854,65370.62,4.19,0.2686,6,-0.2598,0.0477,0.748,0.0664,178,1
SLR000346,Beauty & Personal Care,Tier-3 Town,459,271,568,83431.16,3.67,0.1972,1,0.0212,0.0467,0.7589,0.0788,5,0
SLR000347,Grocery,Tier-1 Metro,538,192,46,7961.1,4.07,0.0768,2,0.1015,-0.0062,0.5958,0.1288,6,1
SLR000348,Mobiles & Accessories,Tier-2 City,431,299,2277,107644.19,3.78,0.1725,4,0.5117,-0.0198,0.7767,0.167,45,0
SLR000349,Fashion,Tier-1 Metro,596,134,279,33133.31,4.2,0.181,2,0.6218,0.1705,0.5515,0.1165,12,0
SLR000350,Home & Kitchen,Tier-2 City,419,311,24,2555.07,3.28,0.2652,4,-0.3832,-0.2326,0.505,0.2396,84,1
SLR000351,Beauty & Personal Care,Tier-1 Metro,143,587,453,8600.85,4.64,0.1445,1,0.066,-0.0913,0.483,0.1123,5,0
SLR000352,Sports & Fitness,Tier-1 Metro,0,730,869,37724.69,3.75,0.129,6,-0.112,-0.2055,0.7938,0.0841,11,0
SLR000353,Beauty & Personal Care,Tier-2 City,721,9,4,1921.79,3.31,0.2306,12,-0.4673,-0.3812,0.5874,0.1821,9,1
SLR000354,Toys & Baby,Tier-1 Metro,646,84,104,13549.11,3.06,0.1508,10,-0.399,0.154,0.6567,0.2716,46,1
SLR000355,Grocery,Tier-1 Metro,693,37,67,72411.91,4.18,0.1045,1,-0.2563,0.1202,0.4258,0.1558,0,0
SLR000356,Grocery,Tier-3 Town,98,632,514,22034.68,3.69,0.2117,1,0.1083,-0.1713,0.7648,0.27,17,0
SLR000357,Fashion,Tier-2 City,475,255,154,6662.86,3.57,0.2658,8,0.4633,-0.0326,0.4062,0.1945,0,0
SLR000358,Sports & Fitness,Tier-1 Metro,535,195,191,13192.38,3.8,0.1188,7,0.2879,-0.1744,0.7416,0.1385,1,0
SLR000359,Electronics,Tier-2 City,0,730,2944,158586.91,4.79,0.1707,2,0.0135,-0.1383,0.8734,0.1498,4,0
SLR000360,Sports & Fitness,Tier-2 City,484,246,849,90393.47,3.98,0.1627,3,0.1704,-0.0961,0.5842,0.2416,0,0
SLR000361,Electronics,Tier-1 Metro,587,143,39,8595.41,4.12,0.18,8,-0.0901,-0.1171,0.9094,0.1606,31,0
SLR000362,Sports & Fitness,Tier-1 Metro,182,548,258,19255.13,3.33,0.1577,5,-0.0955,-0.1203,0.5653,0.1157,35,1
SLR000363,Mobiles & Accessories,Tier-1 Metro,0,730,253,4722.34,3.7,0.1545,4,0.4682,-0.2315,0.5289,0.0169,9,0
SLR000364,Electronics,Tier-2 City,526,204,272,52733.7,4.85,0.199,7,-0.599,-0.1285,0.6007,0.0557,0,0
SLR000365,Fashion,Tier-3 Town,0,730,2542,97406.83,3.12,0.3671,13,-0.2652,-0.3484,0.8633,0.2871,54,1
SLR000366,Sports & Fitness,Tier-1 Metro,0,730,524,28506.91,3.73,0.1376,7,-0.5167,-0.348,0.4417,0.1043,17,0
SLR000367,Home & Kitchen,Tier-2 City,0,730,104,2084.74,4.02,0.1978,6,-0.0085,-0.4143,0.4843,0.257,45,1
SLR000368,Beauty & Personal Care,Tier-3 Town,0,730,1964,51869.73,4.26,0.2182,8,-0.1024,-0.0884,0.7261,0.1841,0,0
SLR000369,Home & Kitchen,Tier-2 City,421,309,369,20260.44,4.53,0.1688,3,-0.4394,0.1777,0.7793,0.0719,14,0
SLR000370,Toys & Baby,Tier-1 Metro,589,141,109,20415.72,3.22,0.1803,13,0.3255,-0.1427,0.514,0.1991,32,1
SLR000371,Grocery,Tier-2 City,295,435,2021,123344.68,3.52,0.1225,8,0.0971,-0.0108,0.5099,0.1885,110,1
SLR000372,Grocery,Tier-1 Metro,468,262,942,117703.27,4.8,0.0519,2,-0.4997,-0.1612,0.8447,0.1602,22,0
SLR000373,Grocery,Tier-3 Town,336,394,628,27343.2,3.91,0.2127,6,0.1925,-0.016,0.5588,0.1862,0,0
SLR000374,Toys & Baby,Tier-2 City,184,546,406,16105.69,2.77,0.2701,21,-0.2486,-0.1732,0.5129,0.33,79,1
SLR000375,Toys & Baby,Tier-3 Town,377,353,140,15700.07,3.73,0.2464,6,-0.2142,-0.0332,0.4593,0.2558,39,1
SLR000376,Grocery,Tier-3 Town,286,444,1646,103746.57,3.27,0.2108,6,-0.5493,0.0291,0.6476,0.2519,7,0
SLR000377,Mobiles & Accessories,Tier-1 Metro,646,84,183,44739.22,4.15,0.1764,4,-0.4166,0.0391,0.6435,0.1961,3,0
SLR000378,Beauty & Personal Care,Tier-1 Metro,415,315,33,3126.74,3.91,0.1439,4,0.0713,0.1484,0.5452,0.0619,3,0
SLR000379,Toys & Baby,Tier-2 City,332,398,237,19904.89,3.99,0.1804,3,-0.0882,-0.0623,0.5121,0.2142,0,0
SLR000380,Fashion,Tier-3 Town,346,384,750,42914.79,3.56,0.3581,12,-0.3331,-0.3266,0.2407,0.2998,59,1
SLR000381,Home & Kitchen,Tier-2 City,237,493,1548,37426.36,3.48,0.1804,5,-0.1608,-0.2654,0.7406,0.169,0,0
SLR000382,Mobiles & Accessories,Tier-1 Metro,677,53,93,58356.01,3.97,0.2416,8,0.0302,-0.3055,0.4509,0.2216,15,0
SLR000383,Mobiles & Accessories,Tier-2 City,64,666,297,14828.07,3.76,0.2608,8,0.0869,-0.2655,0.7329,0.1487,48,1
SLR000384,Home & Kitchen,Tier-3 Town,148,582,1289,83855.4,4.1,0.2098,3,0.3042,0.0923,0.7194,0.2283,5,0
SLR000385,Grocery,Tier-1 Metro,59,671,472,25483.91,4.0,0.1178,3,-0.0009,0.2321,0.3359,0.1902,4,0
SLR000386,Sports & Fitness,Tier-1 Metro,528,202,266,49312.46,3.82,0.1457,6,-0.1702,0.1186,0.3277,0.2686,57,1
SLR000387,Fashion,Tier-2 City,16,714,966,40627.39,2.92,0.3632,9,-0.0837,-0.1999,0.5239,0.245,36,1
SLR000388,Beauty & Personal Care,Tier-1 Metro,550,180,394,38387.63,4.0,0.1643,8,-0.161,0.1697,0.7965,0.084,14,0
SLR000389,Home & Kitchen,Tier-3 Town,536,194,244,29062.91,3.75,0.2549,6,-0.0608,-0.166,0.5427,0.1687,5,1
SLR000390,Sports & Fitness,Tier-1 Metro,269,461,1771,102378.68,4.66,0.1151,5,-0.2056,0.0695,0.4586,0.1268,6,0
SLR000391,Electronics,Tier-3 Town,357,373,131,4450.87,3.65,0.2739,5,-0.2756,-0.1246,0.9082,0.1979,42,1
SLR000392,Toys & Baby,Tier-2 City,526,204,228,22305.05,3.78,0.1835,10,-0.3298,-0.121,0.5348,0.3582,42,1
SLR000393,Grocery,Tier-1 Metro,709,21,41,14825.58,3.88,0.026,2,-0.4772,0.2382,0.8149,0.0906,21,1
SLR000394,Mobiles & Accessories,Tier-2 City,353,377,70,3844.48,3.2,0.2416,9,-0.0278,0.1081,0.4073,0.1692,57,1
SLR000395,Electronics,Tier-1 Metro,235,495,298,20674.48,4.01,0.1579,1,0.2138,0.182,0.852,0.0748,0,0
SLR000396,Beauty & Personal Care,Tier-2 City,302,428,161,11558.55,3.92,0.1786,4,-0.089,-0.0195,0.5764,0.2398,39,0
SLR000397,Grocery,Tier-3 Town,168,562,1654,123419.61,4.06,0.1666,5,0.6216,0.0622,0.7922,0.2208,18,0
SLR000398,Fashion,Tier-1 Metro,199,531,318,14321.89,3.29,0.3135,12,-0.4486,0.2944,0.7445,0.1631,46,1
SLR000399,Mobiles & Accessories,Tier-1 Metro,263,467,1103,68977.94,3.6,0.1753,2,-0.1166,0.0428,0.502,0.1535,0,0
SLR000400,Mobiles & Accessories,Tier-1 Metro,563,167,252,36775.52,3.39,0.1994,4,0.0477,0.0136,0.4787,0.1073,6,0
SLR000401,Sports & Fitness,Tier-1 Metro,222,508,627,24519.04,4.21,0.1172,2,0.3556,-0.1078,0.8857,0.0733,10,0
SLR000402,Home & Kitchen,Tier-3 Town,186,544,1946,134375.02,3.72,0.2517,5,-0.3591,-0.0884,0.6297,0.227,40,1
SLR000403,Electronics,Tier-3 Town,524,206,400,33782.29,4.24,0.21,6,0.2081,-0.002,0.7492,0.1341,0,0
SLR000404,Beauty & Personal Care,Tier-3 Town,548,182,708,125150.66,3.48,0.2244,6,-0.2382,-0.1017,0.6262,0.26,20,0
SLR000405,Mobiles & Accessories,Tier-3 Town,562,168,300,39558.46,4.33,0.2916,10,-0.4161,-0.2681,0.4965,0.2884,50,1
SLR000406,Beauty & Personal Care,Tier-2 City,180,550,965,31559.91,5.0,0.1368,10,0.0226,-0.2201,0.607,0.1672,12,0
SLR000407,Electronics,Tier-3 Town,361,369,147,12834.98,3.19,0.3082,11,-0.0271,-0.1787,0.4492,0.2938,59,1
SLR000408,Home & Kitchen,Tier-1 Metro,493,237,416,56352.06,3.71,0.1687,6,-0.6708,-0.1875,0.7013,0.2242,39,1
SLR000409,Sports & Fitness,Tier-1 Metro,385,345,550,40031.68,3.36,0.1631,7,0.1569,-0.1302,0.4444,0.2227,114,1
SLR000410,Toys & Baby,Tier-3 Town,377,353,139,6014.81,4.68,0.195,1,0.043,-0.0914,0.7464,0.1213,8,0
SLR000411,Electronics,Tier-2 City,552,178,28,6067.94,3.64,0.2144,10,-0.2979,0.0426,0.6861,0.1444,34,1
SLR000412,Home & Kitchen,Tier-1 Metro,471,259,243,31002.49,3.58,0.1416,4,-0.472,0.0003,0.599,0.2278,7,0
SLR000413,Beauty & Personal Care,Tier-2 City,486,244,575,37253.4,4.02,0.1662,3,0.3658,0.2951,0.7228,0.0967,1,0
SLR000414,Fashion,Tier-1 Metro,436,294,716,46374.64,3.32,0.2542,3,-0.0807,-0.0922,0.6118,0.0302,141,1
SLR000415,Fashion,Tier-1 Metro,659,71,103,24226.14,3.69,0.2577,5,-0.5519,0.2323,0.5959,0.1766,71,1
SLR000416,Beauty & Personal Care,Tier-2 City,453,277,187,20791.75,3.14,0.2103,8,-0.3888,-0.1361,0.5599,0.2199,29,1
SLR000417,Grocery,Tier-2 City,0,730,2717,99379.33,3.79,0.1631,7,0.0222,0.0105,0.5426,0.2612,36,0
SLR000418,Mobiles & Accessories,Tier-3 Town,471,259,122,10487.35,3.96,0.3069,7,0.1076,0.0541,0.6329,0.2199,0,0
SLR000419,Electronics,Tier-1 Metro,506,224,599,81485.28,3.61,0.1702,6,-0.3197,-0.1326,0.6314,0.1531,21,0
SLR000420,Mobiles & Accessories,Tier-1 Metro,316,414,483,46676.44,4.11,0.1818,9,-0.0379,-0.0406,0.6293,0.1325,7,0
SLR000421,Fashion,Tier-1 Metro,482,248,165,18025.24,4.77,0.2304,3,-0.1453,-0.0853,0.8374,0.007,23,0
SLR000422,Electronics,Tier-2 City,20,710,1804,90085.67,3.96,0.1911,11,0.1489,-0.0726,0.4439,0.1334,93,1
SLR000423,Toys & Baby,Tier-3 Town,502,228,391,20462.57,3.23,0.267,4,-0.0432,-0.2638,0.6357,0.2652,1,0
SLR000424,Home & Kitchen,Tier-2 City,430,300,794,76917.59,4.02,0.1931,4,-0.2904,-0.1065,0.7814,0.1828,17,1
SLR000425,Beauty & Personal Care,Tier-1 Metro,565,165,359,40900.86,3.5,0.1571,8,-0.1328,-0.094,0.7131,0.1552,18,0
SLR000426,Toys & Baby,Tier-3 Town,482,248,59,8876.03,4.29,0.2085,3,0.0914,-0.264,0.9143,0.1332,3,0
SLR000427,Mobiles & Accessories,Tier-2 City,641,89,205,94745.16,3.68,0.2199,8,-0.4119,-0.0134,0.5881,0.1548,22,0
SLR000428,Fashion,Tier-1 Metro,443,287,273,15297.6,3.99,0.2859,5,0.0642,-0.0364,0.8893,0.1317,63,1
SLR000429,Mobiles & Accessories,Tier-1 Metro,319,411,1910,165267.06,3.89,0.167,12,0.2528,-0.0689,0.7136,0.1252,0,0
SLR000430,Fashion,Tier-1 Metro,320,410,371,11714.47,4.04,0.2441,4,-0.1297,-0.239,0.5475,0.0795,13,0
SLR000431,Fashion,Tier-3 Town,604,126,261,82029.73,2.7,0.3597,7,-0.351,0.0204,0.6019,0.3183,43,1
SLR000432,Mobiles & Accessories,Tier-2 City,84,646,167,8271.95,3.63,0.2385,6,-0.002,-0.335,0.8084,0.1881,39,0
SLR000433,Fashion,Tier-1 Metro,723,7,2,1995.12,3.06,0.2446,7,0.2704,0.1,0.8481,0.1578,7,1
SLR000434,Toys & Baby,Tier-2 City,408,322,801,98993.68,4.44,0.1758,7,-0.1253,0.1788,0.6585,0.1287,2,0
SLR000435,Fashion,Tier-3 Town,594,136,337,78274.8,4.06,0.3377,11,-0.2627,-0.4725,0.6939,0.1253,0,0
SLR000436,Grocery,Tier-2 City,675,55,19,14036.43,2.9,0.1684,5,-0.5462,-0.1139,0.6083,0.2824,9,0
SLR000437,Toys & Baby,Tier-2 City,558,172,417,85274.67,3.38,0.1827,1,-0.0195,-0.0565,0.3696,0.1973,92,1
SLR000438,Fashion,Tier-2 City,656,74,109,59940.08,3.65,0.3085,6,-0.3427,-0.1342,0.8577,0.1893,41,1
SLR000439,Electronics,Tier-3 Town,0,730,647,12667.55,3.02,0.2916,3,0.3851,-0.0195,0.7061,0.1313,6,0
SLR000440,Grocery,Tier-3 Town,370,360,427,46575.31,3.46,0.2093,10,-0.2215,-0.1425,0.685,0.1898,50,1
SLR000441,Fashion,Tier-3 Town,506,224,256,27509.43,3.25,0.3609,15,0.117,-0.2284,0.833,0.2271,0,0
SLR000442,Sports & Fitness,Tier-1 Metro,105,625,1051,18532.9,3.88,0.1392,3,0.0988,0.0573,0.5489,0.074,16,0
SLR000443,Toys & Baby,Tier-1 Metro,273,457,88,4028.8,2.88,0.1656,9,-0.5575,-0.0058,0.5214,0.2166,26,0
SLR000444,Mobiles & Accessories,Tier-1 Metro,557,173,129,22230.76,3.71,0.2394,5,-0.324,-0.208,0.7941,0.2322,62,1
SLR000445,Home & Kitchen,Tier-2 City,625,105,229,27838.81,2.93,0.184,11,-0.2527,-0.2862,0.5883,0.1728,15,0
SLR000446,Mobiles & Accessories,Tier-2 City,0,730,1482,76711.49,3.72,0.2261,4,-0.0588,-0.0385,0.4362,0.0132,12,0
SLR000447,Home & Kitchen,Tier-1 Metro,357,373,355,12860.83,4.03,0.1477,8,-0.0616,-0.1178,0.531,0.1375,0,0
SLR000448,Sports & Fitness,Tier-1 Metro,490,240,179,22004.83,3.29,0.1827,6,-0.5507,-0.3711,0.5323,0.1997,94,1
SLR000449,Beauty & Personal Care,Tier-1 Metro,47,683,1061,53090.26,4.48,0.1049,5,-0.2336,0.0058,0.675,0.1261,7,0
SLR000450,Beauty & Personal Care,Tier-2 City,98,632,2592,64717.36,4.3,0.1866,6,-0.2812,0.0004,0.6074,0.1854,12,0
SLR000451,Fashion,Tier-2 City,247,483,931,54217.49,4.37,0.2426,1,0.3508,0.0587,0.7023,0.0544,0,0
SLR000452,Fashion,Tier-1 Metro,632,98,74,16808.15,3.13,0.3043,12,-0.6923,-0.2652,0.4534,0.2424,43,1
SLR000453,Sports & Fitness,Tier-2 City,294,436,367,28263.65,4.84,0.1057,3,0.1976,0.0199,0.9957,0.1827,10,0
SLR000454,Grocery,Tier-3 Town,626,104,109,18831.78,3.9,0.1805,8,0.0782,-0.1353,0.939,0.1843,4,0
SLR000455,Grocery,Tier-2 City,301,429,1633,153491.73,3.17,0.1324,5,-0.3232,0.0814,0.7847,0.1286,0,0
SLR000456,Beauty & Personal Care,Tier-2 City,364,366,358,29512.81,3.75,0.2055,7,-0.3286,-0.3687,0.5793,0.2659,5,1
SLR000457,Sports & Fitness,Tier-3 Town,649,81,69,11096.68,4.1,0.2554,8,-0.3103,-0.0861,0.7214,0.1968,16,0
SLR000458,Grocery,Tier-2 City,475,255,1305,142841.43,3.99,0.1373,4,-0.0855,0.0549,0.6796,0.2223,22,0
SLR000459,Grocery,Tier-3 Town,710,20,55,55154.17,3.6,0.2314,3,-0.0386,0.0077,0.3406,0.255,20,1
SLR000460,Fashion,Tier-2 City,401,329,166,10434.53,3.42,0.2996,11,-0.3112,-0.252,0.3364,0.2575,63,1
SLR000461,Beauty & Personal Care,Tier-1 Metro,274,456,1103,87840.42,3.86,0.1487,8,-0.2497,0.2865,0.4595,0.2447,5,0
SLR000462,Sports & Fitness,Tier-1 Metro,484,246,880,84948.39,4.62,0.1168,4,0.2532,0.1662,0.7635,0.0445,0,0
SLR000463,Sports & Fitness,Tier-2 City,303,427,2951,198265.72,4.31,0.1439,2,0.1834,0.224,0.6497,0.0626,0,0
SLR000464,Sports & Fitness,Tier-3 Town,617,113,318,44604.26,3.89,0.2176,12,-0.0988,0.1722,0.5741,0.2671,0,0
SLR000465,Mobiles & Accessories,Tier-1 Metro,610,120,216,27223.38,3.31,0.2095,9,-0.2125,-0.2033,0.5518,0.1373,109,1
SLR000466,Toys & Baby,Tier-2 City,366,364,158,8151.17,3.44,0.1903,6,-0.2363,-0.0891,0.6892,0.142,17,0
SLR000467,Electronics,Tier-2 City,623,107,210,56016.6,3.86,0.2048,10,-0.3698,-0.2415,0.7022,0.2962,25,0
SLR000468,Mobiles & Accessories,Tier-2 City,605,125,227,67996.65,3.89,0.2361,8,0.5676,-0.0614,0.5876,0.2701,7,0
SLR000469,Beauty & Personal Care,Tier-1 Metro,587,143,49,11439.22,3.67,0.1204,2,0.2405,-0.2235,0.5479,0.0391,8,0
SLR000470,Electronics,Tier-3 Town,336,394,233,19563.63,4.13,0.2765,7,-0.3365,-0.1586,0.6151,0.191,52,1
SLR000471,Home & Kitchen,Tier-2 City,621,109,65,7434.09,3.67,0.2119,7,0.0843,0.0162,0.8723,0.194,8,0
SLR000472,Sports & Fitness,Tier-1 Metro,228,502,717,30250.26,4.4,0.1199,8,-0.002,-0.0197,0.982,0.127,34,0
SLR000473,Mobiles & Accessories,Tier-1 Metro,231,499,110,4842.64,4.13,0.1959,4,-0.3011,-0.1394,0.5971,0.0967,12,0
SLR000474,Mobiles & Accessories,Tier-2 City,536,194,263,38454.51,3.77,0.2014,3,-0.1627,0.1287,0.8352,0.1436,0,0
SLR000475,Electronics,Tier-3 Town,0,730,1304,72294.36,3.62,0.2659,15,-0.6031,-0.224,0.8427,0.2975,5,1
SLR000476,Beauty & Personal Care,Tier-1 Metro,197,533,549,24948.71,3.74,0.1601,10,-0.2355,-0.0738,0.1934,0.2057,19,0
SLR000477,Grocery,Tier-1 Metro,0,730,1315,20474.42,4.12,0.1471,2,-0.2211,0.2512,0.5471,0.185,12,0
SLR000478,Toys & Baby,Tier-2 City,659,71,354,208074.68,4.31,0.1525,3,-0.0191,-0.2899,0.5917,0.2256,64,1
SLR000479,Grocery,Tier-1 Metro,453,277,416,59770.98,4.49,0.113,2,0.2219,0.0998,0.7051,0.1295,37,1
SLR000480,Toys & Baby,Tier-2 City,242,488,731,34304.27,4.91,0.1355,4,0.2786,0.0332,0.5947,0.1889,5,0
SLR000481,Electronics,Tier-1 Metro,492,238,48,7289.29,3.23,0.2047,11,-0.1634,0.0188,0.6772,0.2315,35,1
SLR000482,Home & Kitchen,Tier-2 City,0,730,2167,75347.78,3.65,0.2156,6,-0.2354,-0.2117,0.3396,0.1046,0,0
SLR000483,Toys & Baby,Tier-2 City,522,208,555,75067.18,3.68,0.1931,9,0.1991,-0.0251,0.7326,0.2263,5,0
SLR000484,Sports & Fitness,Tier-1 Metro,390,340,1473,128586.41,4.88,0.1408,8,-0.0146,0.0811,0.7042,0.0345,0,0
SLR000485,Electronics,Tier-2 City,186,544,568,10984.27,3.37,0.2706,11,-0.5228,-0.2246,0.4807,0.316,28,1
SLR000486,Sports & Fitness,Tier-2 City,651,79,90,26782.69,3.16,0.2064,6,-0.1552,0.1266,0.4254,0.208,17,0
SLR000487,Fashion,Tier-1 Metro,308,422,193,14599.3,3.04,0.2626,9,-0.3288,-0.1844,0.4201,0.1554,87,1
SLR000488,Beauty & Personal Care,Tier-2 City,371,359,247,20064.13,3.61,0.1746,5,-0.2028,-0.0704,0.6608,0.1206,7,0
SLR000489,Toys & Baby,Tier-1 Metro,418,312,525,57771.93,3.9,0.1048,2,-0.0626,-0.077,0.848,0.0562,21,0
SLR000490,Beauty & Personal Care,Tier-2 City,342,388,400,16524.34,3.33,0.2072,4,-0.4931,-0.2983,0.4642,0.1541,131,1
SLR000491,Beauty & Personal Care,Tier-1 Metro,0,730,3226,85780.27,2.92,0.1886,7,-0.3582,-0.0875,0.5705,0.1927,19,1
SLR000492,Mobiles & Accessories,Tier-1 Metro,0,730,1579,39984.27,4.16,0.1729,7,-0.6056,-0.0054,0.6999,0.132,0,0
SLR000493,Electronics,Tier-1 Metro,354,376,112,7972.36,4.19,0.1521,3,0.055,-0.1731,0.6121,0.1155,20,0
SLR000494,Mobiles & Accessories,Tier-2 City,402,328,401,38988.3,3.8,0.2564,5,0.0639,-0.3132,0.6481,0.2039,41,1
SLR000495,Home & Kitchen,Tier-1 Metro,498,232,358,63582.36,4.28,0.1272,3,0.2424,0.1296,0.6462,0.026,16,0
SLR000496,Sports & Fitness,Tier-2 City,533,197,751,83407.31,3.83,0.212,5,-0.1327,-0.103,0.5574,0.2106,9,1
SLR000497,Sports & Fitness,Tier-1 Metro,317,413,463,32075.45,3.65,0.1786,4,-0.2554,-0.1516,0.3459,0.2774,45,1
SLR000498,Home & Kitchen,Tier-1 Metro,525,205,337,59854.3,2.89,0.1934,9,-0.1951,-0.3747,0.3881,0.2206,15,1
SLR000499,Electronics,Tier-3 Town,42,688,577,34435.65,4.34,0.2155,3,-0.3122,-0.0179,0.934,0.0942,0,0
SLR000500,Beauty & Personal Care,Tier-2 City,320,410,866,87778.17,3.48,0.2062,14,-0.6312,-0.092,0.6063,0.2832,5,1
SLR000501,Home & Kitchen,Tier-1 Metro,454,276,9,918.56,4.13,0.1017,4,-0.0052,0.0927,0.5429,0.0761,8,0
SLR000502,Sports & Fitness,Tier-2 City,400,330,156,10212.13,3.55,0.2124,8,-0.1913,-0.1692,0.4194,0.2593,56,1
SLR000503,Toys & Baby,Tier-1 Metro,118,612,2131,96053.12,4.01,0.1325,6,0.0234,-0.0041,0.5003,0.2061,106,1
SLR000504,Grocery,Tier-3 Town,518,212,370,18807.88,3.43,0.2359,3,0.0821,0.1549,0.5714,0.261,16,0
SLR000505,Grocery,Tier-1 Metro,0,730,3564,116687.25,4.27,0.084,1,-0.1773,0.1013,0.7154,0.0384,1,0
SLR000506,Beauty & Personal Care,Tier-3 Town,451,279,363,21327.6,4.4,0.2213,5,-0.048,-0.0607,0.7888,0.0587,0,0
SLR000507,Sports & Fitness,Tier-1 Metro,529,201,502,60365.47,4.39,0.1067,2,0.0299,-0.1032,0.7765,0.0,58,1
SLR000508,Sports & Fitness,Tier-1 Metro,595,135,99,14784.05,3.2,0.1461,5,0.1945,0.1801,0.3123,0.1072,21,1
SLR000509,Toys & Baby,Tier-2 City,506,224,184,13104.35,4.04,0.1965,9,-0.2376,0.0406,0.4034,0.2877,35,0
SLR000510,Mobiles & Accessories,Tier-2 City,169,561,813,57520.77,3.63,0.2673,8,-0.27,-0.126,0.6065,0.2484,74,1
SLR000511,Electronics,Tier-1 Metro,548,182,94,15726.11,3.44,0.173,4,0.3507,-0.2003,0.6245,0.1701,16,1
SLR000512,Sports & Fitness,Tier-3 Town,465,265,465,67437.07,2.47,0.2777,9,-0.0861,-0.2547,0.4103,0.2942,10,0
SLR000513,Grocery,Tier-1 Metro,400,330,960,93915.14,4.33,0.1348,3,0.0715,0.0077,0.7302,0.1476,7,0
SLR000514,Fashion,Tier-2 City,466,264,261,24248.07,2.98,0.3255,14,-0.3343,-0.1058,0.4773,0.1955,42,1
SLR000515,Sports & Fitness,Tier-1 Metro,540,190,134,22991.05,3.45,0.1892,8,-0.4314,-0.3759,0.6238,0.216,172,1
SLR000516,Grocery,Tier-2 City,510,220,250,22947.85,4.6,0.1114,2,0.1034,0.0144,0.629,0.006,23,0
SLR000517,Mobiles & Accessories,Tier-2 City,179,551,916,26058.98,3.76,0.213,8,-0.2586,-0.3231,0.828,0.1513,55,1
SLR000518,Electronics,Tier-2 City,465,265,212,26259.35,4.13,0.2026,10,-0.1762,-0.1169,0.7515,0.1465,10,0
SLR000519,Beauty & Personal Care,Tier-1 Metro,83,647,618,36016.35,3.42,0.1554,4,-0.0319,-0.2836,0.7549,0.1885,0,0
SLR000520,Beauty & Personal Care,Tier-2 City,393,337,680,83746.68,4.45,0.1622,5,-0.4053,0.1706,0.7095,0.1999,9,0
SLR000521,Mobiles & Accessories,Tier-2 City,302,428,210,19567.81,3.95,0.215,4,-0.1419,0.1739,0.704,0.1453,30,1
SLR000522,Sports & Fitness,Tier-1 Metro,466,264,238,25098.64,3.4,0.1558,4,0.0816,0.2837,0.806,0.1483,1,0
SLR000523,Electronics,Tier-3 Town,440,290,299,40875.65,3.8,0.2822,9,-0.5167,-0.1429,0.7114,0.2473,58,1
SLR000524,Home & Kitchen,Tier-1 Metro,628,102,28,11369.8,4.07,0.1049,3,0.6287,0.2498,0.8009,0.0151,4,0
SLR000525,Grocery,Tier-3 Town,0,730,982,23673.08,2.27,0.2844,7,-0.1334,0.06,0.66,0.3526,6,1
SLR000526,Toys & Baby,Tier-3 Town,430,300,68,8118.81,3.69,0.246,6,-0.4994,-0.3895,0.6873,0.19,121,1
SLR000527,Toys & Baby,Tier-1 Metro,78,652,414,8011.22,3.0,0.2448,16,-0.0771,-0.5038,0.518,0.3555,5,1
SLR000528,Sports & Fitness,Tier-2 City,121,609,991,56771.43,4.48,0.1815,5,0.0845,-0.1134,0.9659,0.1191,16,0
SLR000529,Beauty & Personal Care,Tier-1 Metro,549,181,315,34277.21,3.29,0.1576,8,-0.5027,-0.4409,0.5995,0.2357,30,1
SLR000530,Grocery,Tier-1 Metro,398,332,368,29184.78,4.37,0.1195,6,0.2231,0.4119,0.6386,0.1429,0,0
SLR000531,Grocery,Tier-3 Town,683,47,103,39703.9,3.67,0.2046,9,-0.1754,0.2549,0.5718,0.2573,40,1
SLR000532,Mobiles & Accessories,Tier-2 City,165,565,234,10254.94,3.05,0.2494,7,0.0242,0.0767,0.5682,0.2267,86,1
SLR000533,Mobiles & Accessories,Tier-3 Town,540,190,943,172437.8,4.38,0.2175,3,0.0378,0.2673,1.0,0.1213,31,0
SLR000534,Sports & Fitness,Tier-2 City,446,284,165,13125.67,3.97,0.1981,5,-0.2194,-0.4278,0.5817,0.2098,53,1
SLR000535,Electronics,Tier-1 Metro,85,645,1274,51069.23,4.51,0.1568,6,-0.2054,-0.0727,0.54,0.2011,21,0
SLR000536,Toys & Baby,Tier-3 Town,99,631,262,8842.53,4.09,0.2315,2,0.3154,-0.2041,0.3175,0.1848,29,1
SLR000537,Home & Kitchen,Tier-1 Metro,597,133,638,89900.62,3.8,0.1605,5,-0.3378,-0.0617,1.0,0.0931,4,0
SLR000538,Electronics,Tier-1 Metro,447,283,1087,124894.46,4.82,0.1947,5,0.0914,-0.0725,0.7204,0.1438,30,0
SLR000539,Toys & Baby,Tier-1 Metro,125,605,2786,165120.57,4.04,0.1474,7,0.4312,-0.001,0.5228,0.0695,15,0
SLR000540,Electronics,Tier-1 Metro,431,299,59,3328.82,4.39,0.1706,3,0.0341,-0.2662,0.4917,0.0915,10,0
SLR000541,Toys & Baby,Tier-1 Metro,0,730,679,38179.74,3.73,0.1189,5,0.0465,-0.1219,0.5819,0.1456,4,0
SLR000542,Grocery,Tier-1 Metro,291,439,212,17228.33,4.08,0.0742,4,0.0288,0.0461,0.7477,0.1182,0,0
SLR000543,Mobiles & Accessories,Tier-3 Town,641,89,42,7593.22,3.14,0.3204,9,-0.1207,-0.0563,0.6085,0.233,5,0
SLR000544,Electronics,Tier-3 Town,593,137,312,65958.35,3.88,0.2937,15,0.2192,-0.3125,0.6384,0.2116,64,1
SLR000545,Beauty & Personal Care,Tier-1 Metro,563,167,194,24531.99,3.84,0.127,4,-0.0004,0.1121,0.8148,0.0893,1,0
SLR000546,Electronics,Tier-2 City,397,333,743,69543.14,3.96,0.2124,5,0.2953,-0.0827,0.6389,0.1078,5,0
SLR000547,Mobiles & Accessories,Tier-3 Town,417,313,190,8609.15,3.92,0.2815,8,-0.0193,-0.2355,0.5316,0.1692,0,0
SLR000548,Beauty & Personal Care,Tier-1 Metro,0,730,430,7463.96,4.2,0.1539,7,-0.3024,-0.2632,0.4526,0.0908,40,0
SLR000549,Sports & Fitness,Tier-2 City,54,676,174,5759.67,3.02,0.2606,11,-0.3093,-0.253,0.9052,0.2493,38,1
SLR000550,Fashion,Tier-3 Town,202,528,993,70312.74,3.82,0.3594,5,-0.0813,0.1545,0.4859,0.2276,21,0
SLR000551,Fashion,Tier-2 City,462,268,730,98499.92,2.85,0.3039,10,-0.2807,0.0349,0.6156,0.2793,74,1
SLR000552,Grocery,Tier-2 City,259,471,913,23316.98,4.7,0.1157,3,0.7795,0.1006,0.6506,0.1847,0,0
SLR000553,Home & Kitchen,Tier-1 Metro,551,179,294,66897.66,3.71,0.1379,9,-0.0288,-0.3303,0.4841,0.1481,97,1
SLR000554,Home & Kitchen,Tier-2 City,548,182,470,50793.53,3.86,0.1522,3,-0.1883,-0.0396,0.6832,0.139,7,0
SLR000555,Electronics,Tier-1 Metro,562,168,807,105986.48,3.86,0.1649,11,0.5805,-0.0137,0.7908,0.1059,3,0
SLR000556,Grocery,Tier-3 Town,0,730,2329,82732.67,3.5,0.2075,11,-0.4241,-0.0392,0.4113,0.3292,26,1
SLR000557,Sports & Fitness,Tier-3 Town,484,246,255,32223.89,3.18,0.2865,9,-0.1894,-0.4134,0.88,0.2574,8,1
SLR000558,Sports & Fitness,Tier-2 City,166,564,1407,31766.27,3.98,0.1349,2,-0.1055,-0.2221,0.5744,0.1549,75,1
SLR000559,Sports & Fitness,Tier-1 Metro,0,730,617,11171.4,4.68,0.1258,5,-0.2427,0.219,0.6605,0.2001,48,1
SLR000560,Home & Kitchen,Tier-3 Town,0,730,991,23938.09,3.02,0.3041,11,-0.5194,-0.2708,0.4762,0.3742,5,1
SLR000561,Grocery,Tier-3 Town,234,496,277,8997.57,3.56,0.199,9,0.2706,0.0201,0.4416,0.2505,104,1
SLR000562,Mobiles & Accessories,Tier-1 Metro,522,208,599,41819.12,3.79,0.2315,7,0.0307,-0.3105,0.3882,0.1077,33,1
SLR000563,Mobiles & Accessories,Tier-2 City,340,390,565,20471.35,3.74,0.1718,1,-0.1987,0.0791,0.4615,0.0993,5,1
SLR000564,Beauty & Personal Care,Tier-2 City,292,438,756,68897.51,3.65,0.1464,4,0.1003,-0.3663,0.6098,0.2199,35,1
SLR000565,Mobiles & Accessories,Tier-2 City,413,317,246,19009.36,2.59,0.2794,6,-0.064,-0.3673,0.6763,0.1865,19,1
SLR000566,Mobiles & Accessories,Tier-3 Town,350,380,288,11350.51,3.16,0.2843,5,-0.0848,-0.2031,0.5038,0.2579,10,0
SLR000567,Grocery,Tier-1 Metro,657,73,76,20543.97,3.97,0.1143,5,0.1744,-0.301,0.6713,0.0812,21,0
SLR000568,Fashion,Tier-2 City,510,220,370,70102.43,3.44,0.3523,10,0.1923,-0.1939,0.3768,0.1939,29,1
SLR000569,Fashion,Tier-2 City,359,371,287,8869.75,3.49,0.3206,7,-0.0717,-0.2727,0.3979,0.2714,19,0
SLR000570,Mobiles & Accessories,Tier-1 Metro,583,147,342,95126.24,3.69,0.2328,9,-0.375,-0.1752,0.5362,0.1287,36,1
SLR000571,Beauty & Personal Care,Tier-1 Metro,661,69,222,78279.68,4.85,0.0797,0,0.2476,-0.03,0.9062,0.116,19,0
SLR000572,Toys & Baby,Tier-2 City,561,169,209,32724.48,3.38,0.1834,5,0.1539,-0.137,0.6581,0.1557,5,0
SLR000573,Beauty & Personal Care,Tier-2 City,633,97,167,48120.31,3.85,0.1693,8,-0.3446,-0.4356,0.567,0.1667,73,1
SLR000574,Toys & Baby,Tier-2 City,488,242,32,5270.16,3.28,0.2216,11,-0.6898,-0.2556,0.5784,0.2068,21,1
SLR000575,Beauty & Personal Care,Tier-3 Town,395,335,1247,98286.16,3.06,0.2487,6,-0.2232,-0.2959,0.8021,0.3444,15,1
SLR000576,Mobiles & Accessories,Tier-3 Town,348,382,127,10722.18,3.43,0.308,13,0.0367,-0.2971,0.8837,0.3136,46,1
SLR000577,Beauty & Personal Care,Tier-1 Metro,595,135,136,21569.72,4.03,0.0736,3,0.4734,0.353,0.4726,0.005,16,0
SLR000578,Grocery,Tier-1 Metro,214,516,788,47598.13,3.52,0.072,7,0.2133,0.0722,0.5519,0.1131,2,0
SLR000579,Electronics,Tier-1 Metro,155,575,948,62187.19,4.36,0.1686,7,-0.2188,-0.087,0.506,0.1121,5,0
SLR000580,Mobiles & Accessories,Tier-2 City,282,448,352,9685.44,2.26,0.2803,13,-0.2029,-0.2161,0.158,0.2199,46,1
SLR000581,Toys & Baby,Tier-3 Town,675,55,81,21128.55,3.95,0.2139,3,0.1631,-0.17,0.4721,0.1781,18,0
SLR000582,Mobiles & Accessories,Tier-2 City,650,80,129,42136.9,4.06,0.2172,4,-0.2571,-0.4976,0.6644,0.1945,37,1
SLR000583,Sports & Fitness,Tier-1 Metro,537,193,64,8228.38,4.06,0.1684,7,-0.0282,0.0663,0.6941,0.0656,25,0
SLR000584,Grocery,Tier-2 City,157,573,477,27027.32,4.29,0.1244,1,0.0686,0.2971,0.7479,0.0342,0,0
SLR000585,Home & Kitchen,Tier-3 Town,327,403,2817,73652.01,4.42,0.2238,3,0.0092,0.1429,0.6758,0.2533,8,0
SLR000586,Home & Kitchen,Tier-3 Town,0,730,612,21753.6,3.36,0.2484,8,-0.4763,0.0226,0.3008,0.2195,48,1
SLR000587,Sports & Fitness,Tier-1 Metro,381,349,222,14592.77,3.81,0.1156,7,-0.1162,0.2205,0.7805,0.1032,43,1
SLR000588,Beauty & Personal Care,Tier-2 City,651,79,114,23460.01,3.31,0.1848,8,-0.1262,0.0092,0.7094,0.2512,0,0
SLR000589,Grocery,Tier-1 Metro,618,112,64,16942.56,3.31,0.1172,2,0.0577,-0.2795,0.5705,0.1204,36,1
SLR000590,Mobiles & Accessories,Tier-2 City,0,730,1916,106138.34,4.45,0.2232,7,-0.392,0.0299,0.7329,0.0915,0,0
SLR000591,Beauty & Personal Care,Tier-1 Metro,17,713,388,8579.92,3.81,0.1319,3,0.1478,-0.0352,0.7297,0.1035,21,0
SLR000592,Fashion,Tier-2 City,343,387,302,25852.09,3.11,0.3389,14,-0.383,-0.2228,0.4544,0.2513,79,1
SLR000593,Sports & Fitness,Tier-2 City,351,379,986,46563.26,4.58,0.1603,7,0.1197,-0.3503,0.7732,0.1708,0,0
SLR000594,Sports & Fitness,Tier-2 City,605,125,88,25452.66,4.1,0.2023,11,-0.0232,-0.2408,0.4235,0.1183,96,1
SLR000595,Mobiles & Accessories,Tier-3 Town,373,357,433,30998.41,4.31,0.2199,5,-0.0762,-0.0648,0.8485,0.2379,5,0
SLR000596,Sports & Fitness,Tier-1 Metro,553,177,334,49195.93,4.45,0.0783,7,0.3618,0.1313,0.4725,0.0336,0,0
SLR000597,Home & Kitchen,Tier-3 Town,673,57,324,120960.76,3.7,0.2296,3,0.0058,0.0073,0.4167,0.1506,16,0
SLR000598,Sports & Fitness,Tier-1 Metro,380,350,1235,93847.29,3.56,0.1404,0,-0.0119,0.0151,0.9137,0.0893,0,0
SLR000599,Beauty & Personal Care,Tier-1 Metro,375,355,318,17598.72,3.73,0.1621,5,-0.0566,-0.1499,0.4622,0.1841,54,1
SLR000600,Fashion,Tier-3 Town,0,730,555,28412.03,2.82,0.391,9,-0.5621,-0.0395,0.6578,0.2159,63,1
SLR000601,Electronics,Tier-1 Metro,0,730,1470,39115.74,4.06,0.1679,10,0.3183,0.1609,0.9238,0.2019,11,0
SLR000602,Mobiles & Accessories,Tier-3 Town,461,269,317,35453.82,2.93,0.3383,11,-0.5407,-0.4315,0.5535,0.3732,31,1
SLR000603,Electronics,Tier-1 Metro,580,150,60,7015.18,3.28,0.1758,14,-0.0354,-0.1172,0.7556,0.1323,85,1
SLR000604,Beauty & Personal Care,Tier-2 City,77,653,93,4461.65,3.55,0.1946,10,-0.2109,-0.0745,0.4862,0.3626,5,1
SLR000605,Electronics,Tier-2 City,557,173,263,44800.56,3.66,0.1995,7,0.1952,0.0385,0.7102,0.2408,0,0
SLR000606,Mobiles & Accessories,Tier-2 City,481,249,36,1903.05,3.53,0.2481,8,-0.2071,-0.0537,0.8979,0.2638,66,1
SLR000607,Fashion,Tier-3 Town,517,213,263,39280.07,3.22,0.3682,6,-0.1802,-0.1499,0.4512,0.3336,107,1
SLR000608,Beauty & Personal Care,Tier-1 Metro,208,522,792,50845.43,4.07,0.1232,6,0.0693,0.0434,0.4509,0.1785,20,0
SLR000609,Home & Kitchen,Tier-1 Metro,273,457,2088,170648.47,3.88,0.1456,0,-0.1899,0.0547,0.6003,0.1304,9,0
SLR000610,Grocery,Tier-2 City,681,49,101,57265.16,4.15,0.1548,9,-0.8044,0.0095,0.5301,0.2339,12,0
SLR000611,Fashion,Tier-1 Metro,53,677,1495,41839.29,4.35,0.1967,6,0.4632,-0.0766,0.981,0.0,0,0
SLR000612,Sports & Fitness,Tier-1 Metro,536,194,502,83788.98,3.15,0.1598,7,-0.1423,-0.2715,0.1026,0.2551,42,1
SLR000613,Electronics,Tier-3 Town,363,367,249,7467.64,2.85,0.2968,14,-0.5895,-0.235,0.5152,0.3476,56,1
SLR000614,Grocery,Tier-1 Metro,345,385,253,26966.58,3.4,0.103,1,0.1072,0.0536,0.4056,0.2335,0,0
SLR000615,Beauty & Personal Care,Tier-2 City,253,477,1736,91061.26,3.78,0.1816,7,0.0189,-0.1782,0.6067,0.1253,5,1
SLR000616,Sports & Fitness,Tier-1 Metro,451,279,98,12286.99,3.61,0.222,12,-0.1283,-0.0692,0.079,0.2981,32,1
SLR000617,Beauty & Personal Care,Tier-1 Metro,0,730,1110,36936.41,3.72,0.1354,10,0.0492,-0.2376,0.4739,0.1473,42,1
SLR000618,Grocery,Tier-1 Metro,33,697,1995,30696.65,3.94,0.0772,2,0.1845,0.2115,0.4563,0.1243,8,0
SLR000619,Mobiles & Accessories,Tier-1 Metro,612,118,149,22007.14,3.7,0.1592,5,0.1325,-0.0626,0.7055,0.0381,0,0
SLR000620,Grocery,Tier-2 City,448,282,912,133363.39,4.11,0.1073,3,0.093,0.1463,0.7948,0.0307,4,0
SLR000621,Fashion,Tier-2 City,458,272,58,5609.88,3.7,0.3127,12,0.0108,-0.1389,0.5837,0.2524,32,0
SLR000622,Fashion,Tier-1 Metro,637,93,94,15346.82,4.09,0.2375,3,0.1396,0.0561,0.8418,0.0689,2,0
SLR000623,Grocery,Tier-3 Town,498,232,299,15994.53,4.13,0.1708,9,0.353,-0.1382,0.6734,0.1366,0,0
SLR000624,Grocery,Tier-2 City,693,37,96,47812.93,2.82,0.1865,18,-0.0298,-0.0992,0.6677,0.2605,37,1
SLR000625,Electronics,Tier-3 Town,368,362,2915,144202.47,4.27,0.2095,4,-0.1208,0.0935,0.7418,0.117,3,0
SLR000626,Mobiles & Accessories,Tier-1 Metro,370,360,844,30143.81,3.25,0.2293,6,0.1243,-0.0112,0.719,0.1927,27,1
SLR000627,Home & Kitchen,Tier-1 Metro,714,16,16,14172.33,3.87,0.2083,8,-0.0902,-0.1197,0.568,0.1599,16,1
SLR000628,Electronics,Tier-2 City,444,286,182,7057.16,3.03,0.2561,11,-0.3277,-0.6371,0.4556,0.1929,137,1
SLR000629,Sports & Fitness,Tier-1 Metro,114,616,1976,80624.97,4.38,0.1247,7,0.047,0.0104,0.6772,0.1017,45,0
SLR000630,Electronics,Tier-1 Metro,313,417,435,41540.27,4.35,0.1551,3,-0.2229,-0.0683,0.8502,0.0881,7,0
SLR000631,Mobiles & Accessories,Tier-1 Metro,462,268,179,17187.13,3.08,0.196,8,-0.3669,0.0465,0.7462,0.1689,8,0
SLR000632,Toys & Baby,Tier-2 City,603,127,298,77657.92,4.31,0.1336,1,-0.0221,0.253,0.7965,0.1706,38,0
SLR000633,Fashion,Tier-1 Metro,8,722,805,28962.48,3.57,0.2847,7,-0.1774,-0.1384,0.3801,0.1722,34,1
SLR000634,Mobiles & Accessories,Tier-1 Metro,143,587,1632,91745.92,4.35,0.1429,2,0.0827,0.2487,0.8225,0.0835,2,0
SLR000635,Fashion,Tier-3 Town,452,278,62,6741.29,2.93,0.3873,17,-0.3274,-0.492,0.4127,0.2791,70,1
SLR000636,Sports & Fitness,Tier-2 City,523,207,209,19863.81,3.54,0.2415,7,-0.2776,-0.2445,0.1672,0.2457,60,1
SLR000637,Toys & Baby,Tier-3 Town,477,253,309,25298.15,3.79,0.217,11,-0.2787,-0.2872,0.6441,0.2296,5,1
SLR000638,Electronics,Tier-1 Metro,168,562,704,43179.93,4.26,0.2024,8,0.2989,0.2886,0.4664,0.0462,0,0
SLR000639,Fashion,Tier-2 City,558,172,336,23280.3,3.24,0.2982,4,-0.3304,-0.0562,0.5038,0.1418,89,1
SLR000640,Beauty & Personal Care,Tier-2 City,356,374,135,11922.49,3.61,0.2233,14,-0.0856,-0.0327,0.6225,0.2001,12,1
SLR000641,Home & Kitchen,Tier-2 City,454,276,879,133130.34,4.71,0.1269,2,0.4787,0.0911,1.0,0.0716,23,0
SLR000642,Toys & Baby,Tier-1 Metro,305,425,769,22219.96,3.9,0.157,9,-0.3236,0.0199,0.4459,0.1873,12,0
SLR000643,Electronics,Tier-1 Metro,0,730,1113,31496.13,3.95,0.1725,10,-0.2873,-0.1771,0.4653,0.1032,29,0
SLR000644,Fashion,Tier-2 City,0,730,184,3067.11,3.81,0.3057,15,-0.247,0.0703,0.516,0.197,62,1
SLR000645,Electronics,Tier-1 Metro,0,730,774,30095.32,3.17,0.1867,8,-0.3708,0.0287,0.764,0.2479,23,1
SLR000646,Toys & Baby,Tier-2 City,14,716,1554,65353.13,3.46,0.1836,6,-0.2355,-0.0294,0.3712,0.2719,17,0
SLR000647,Mobiles & Accessories,Tier-1 Metro,442,288,281,14763.67,3.53,0.1717,5,0.0649,-0.1913,0.5419,0.1062,0,0
SLR000648,Beauty & Personal Care,Tier-2 City,618,112,71,7998.72,3.26,0.1835,4,-0.274,-0.1668,0.4853,0.1797,25,1
SLR000649,Electronics,Tier-3 Town,503,227,216,26342.8,4.31,0.2256,2,-0.1197,0.0929,0.7338,0.1261,1,0
SLR000650,Electronics,Tier-3 Town,603,127,142,17753.42,3.92,0.2502,5,0.2592,-0.1411,0.3548,0.2259,81,1
SLR000651,Electronics,Tier-3 Town,462,268,1290,63465.45,3.26,0.2514,6,-0.1398,-0.1126,0.8672,0.1497,9,0
SLR000652,Fashion,Tier-2 City,312,418,290,28185.94,2.67,0.3678,16,-0.3282,-0.6776,0.3396,0.4124,70,1
SLR000653,Home & Kitchen,Tier-1 Metro,215,515,444,21914.64,4.19,0.1794,8,-0.0572,-0.154,0.4915,0.175,0,0
SLR000654,Fashion,Tier-2 City,303,427,356,24234.23,3.46,0.312,6,-0.1041,-0.302,0.588,0.1104,67,1
SLR000655,Beauty & Personal Care,Tier-1 Metro,52,678,494,25205.04,3.1,0.1983,12,-0.4505,-0.1074,0.9628,0.2064,79,1
SLR000656,Beauty & Personal Care,Tier-1 Metro,268,462,277,21601.15,3.17,0.1198,5,-0.2296,-0.1801,0.8507,0.1381,5,0
SLR000657,Beauty & Personal Care,Tier-1 Metro,588,142,128,21550.95,4.36,0.1581,7,-0.1487,0.111,0.4698,0.1653,12,1
SLR000658,Mobiles & Accessories,Tier-2 City,400,330,179,13567.86,4.96,0.2293,3,-0.0068,0.2133,0.6465,0.1734,0,0
SLR000659,Toys & Baby,Tier-3 Town,435,295,323,42930.07,3.91,0.217,9,-0.1622,-0.1236,0.6582,0.2171,30,1
SLR000660,Beauty & Personal Care,Tier-2 City,311,419,575,50248.22,3.73,0.2107,6,0.0242,0.0137,0.3872,0.2182,0,0
SLR000661,Home & Kitchen,Tier-1 Metro,548,182,258,35198.4,4.41,0.126,3,-0.1756,-0.1038,0.8025,0.0927,10,0
SLR000662,Toys & Baby,Tier-3 Town,710,20,32,35190.49,4.56,0.1942,8,0.1666,-0.0149,0.6044,0.218,14,0
SLR000663,Electronics,Tier-2 City,298,432,399,21469.01,2.93,0.3,8,-0.584,-0.3345,0.5472,0.3231,105,1
SLR000664,Electronics,Tier-1 Metro,378,352,134,10179.0,3.76,0.2043,10,-0.2639,-0.1302,0.4409,0.1972,117,1
SLR000665,Sports & Fitness,Tier-1 Metro,567,163,567,121979.21,4.12,0.1549,6,-0.1263,-0.1636,0.5262,0.1417,0,0
SLR000666,Grocery,Tier-1 Metro,287,443,699,19083.24,4.69,0.0634,3,0.2093,0.0815,0.8546,0.0,45,0
SLR000667,Home & Kitchen,Tier-2 City,543,187,361,25226.97,4.56,0.1605,1,-0.1449,-0.0708,0.6572,0.0507,27,0
SLR000668,Beauty & Personal Care,Tier-3 Town,455,275,121,15960.77,4.28,0.2013,9,0.1504,0.2789,0.8296,0.1801,0,0
SLR000669,Sports & Fitness,Tier-1 Metro,514,216,293,25545.61,4.94,0.0885,1,0.3292,0.1265,0.3263,0.052,0,0
SLR000670,Grocery,Tier-1 Metro,405,325,393,34765.33,3.58,0.1426,14,-0.2434,-0.437,0.4226,0.1531,0,0
SLR000671,Grocery,Tier-2 City,519,211,53,8746.94,4.56,0.0849,4,0.4881,0.1893,0.505,0.1837,3,0
SLR000672,Grocery,Tier-1 Metro,525,205,171,20979.02,3.09,0.0835,6,0.0243,-0.0854,0.6852,0.177,0,0
SLR000673,Grocery,Tier-2 City,392,338,1605,165222.89,3.67,0.1306,5,0.1259,-0.2023,0.5689,0.1811,62,1
SLR000674,Grocery,Tier-3 Town,566,164,141,26621.82,3.41,0.2016,8,-0.0102,0.0115,0.6812,0.2322,15,1
SLR000675,Grocery,Tier-1 Metro,321,409,474,15272.75,3.84,0.1086,7,-0.6381,-0.0123,0.423,0.1198,15,1
SLR000676,Mobiles & Accessories,Tier-2 City,602,128,67,11198.17,3.85,0.2427,6,0.0012,-0.0192,0.457,0.2099,42,1
SLR000677,Mobiles & Accessories,Tier-2 City,381,349,320,29990.47,3.29,0.2739,13,-0.506,-0.2605,0.369,0.3353,11,1
SLR000678,Mobiles & Accessories,Tier-3 Town,144,586,805,23745.84,3.6,0.3104,6,-0.5185,-0.2091,0.5497,0.2057,28,1
SLR000679,Electronics,Tier-3 Town,404,326,729,53934.03,4.07,0.2167,2,-0.1468,-0.0886,0.9279,0.0879,15,0
SLR000680,Grocery,Tier-1 Metro,412,318,495,34886.37,3.32,0.1319,3,0.2535,0.1967,0.7135,0.1197,10,0
SLR000681,Home & Kitchen,Tier-2 City,628,102,291,77297.43,3.7,0.1618,3,0.2072,0.169,0.8039,0.1101,16,0
SLR000682,Home & Kitchen,Tier-1 Metro,140,590,645,24262.82,4.76,0.1326,3,-0.466,-0.1048,0.6325,0.1519,0,0
SLR000683,Beauty & Personal Care,Tier-1 Metro,454,276,85,3897.35,4.07,0.1103,4,0.1649,0.0448,0.6659,0.2061,126,1
SLR000684,Home & Kitchen,Tier-3 Town,323,407,566,39293.54,3.3,0.2489,6,0.0657,-0.0686,0.4646,0.1556,0,0
SLR000685,Toys & Baby,Tier-3 Town,597,133,158,14061.49,4.28,0.205,5,-0.181,0.1837,0.9223,0.2289,16,0
SLR000686,Mobiles & Accessories,Tier-1 Metro,0,730,2028,84795.43,4.16,0.1925,2,0.0059,0.1315,0.6927,0.059,5,0
SLR000687,Fashion,Tier-1 Metro,301,429,814,27606.51,3.26,0.2585,9,-0.626,0.0366,0.5617,0.1612,93,1
SLR000688,Mobiles & Accessories,Tier-1 Metro,67,663,778,38144.74,3.5,0.2301,14,0.0502,-0.215,0.6289,0.2169,66,1
SLR000689,Beauty & Personal Care,Tier-1 Metro,223,507,925,70395.89,3.26,0.145,5,-0.0822,0.1094,0.5893,0.1807,11,0
SLR000690,Grocery,Tier-2 City,284,446,364,15876.53,3.96,0.1568,5,0.41,-0.3416,0.6737,0.127,0,0
SLR000691,Beauty & Personal Care,Tier-3 Town,87,643,571,35252.52,4.22,0.1899,5,-0.1224,0.1393,0.6788,0.0681,4,0
SLR000692,Beauty & Personal Care,Tier-1 Metro,0,730,1005,31769.06,3.59,0.1483,5,-0.4428,-0.0895,0.525,0.177,22,0
SLR000693,Fashion,Tier-2 City,487,243,407,25758.71,2.65,0.3417,11,-0.1103,-0.2913,0.5677,0.2546,46,1
SLR000694,Toys & Baby,Tier-1 Metro,694,36,28,26246.39,4.57,0.0998,3,0.5277,0.3013,0.879,0.0,9,0
SLR000695,Fashion,Tier-2 City,237,493,2078,130756.28,3.66,0.287,2,-0.0684,-0.0489,0.6062,0.0899,6,0
SLR000696,Beauty & Personal Care,Tier-2 City,299,431,509,20802.46,3.73,0.1551,4,-0.1852,-0.0171,0.5516,0.3051,27,1
SLR000697,Mobiles & Accessories,Tier-1 Metro,533,197,224,30067.75,3.56,0.1959,7,0.0401,0.1365,0.5931,0.097,8,0
SLR000698,Beauty & Personal Care,Tier-2 City,187,543,332,10132.97,3.35,0.2044,11,-0.3144,-0.0925,0.377,0.2948,5,1
SLR000699,Electronics,Tier-1 Metro,470,260,566,63325.12,3.95,0.16,8,-0.2658,-0.2755,0.7553,0.17,58,1
SLR000700,Electronics,Tier-3 Town,310,420,834,24968.15,2.88,0.3356,13,-0.7627,-0.3415,0.6009,0.3536,34,1
SLR000701,Fashion,Tier-3 Town,450,280,369,33180.59,3.77,0.3373,9,-0.1149,0.2235,0.4987,0.1267,0,0
SLR000702,Grocery,Tier-1 Metro,608,122,109,24481.11,4.58,0.0825,3,0.4491,0.0751,0.345,0.1779,0,0
SLR000703,Sports & Fitness,Tier-1 Metro,622,108,99,26633.47,4.55,0.1556,7,-0.5445,-0.1175,0.4559,0.0844,5,0
SLR000704,Fashion,Tier-2 City,247,483,2530,136093.91,3.24,0.326,9,-0.1311,-0.1242,0.5248,0.0952,9,0
SLR000705,Sports & Fitness,Tier-2 City,461,269,171,14667.15,2.78,0.2073,5,-0.1488,-0.1819,0.5147,0.1934,26,1
SLR000706,Toys & Baby,Tier-3 Town,443,287,649,38636.41,4.17,0.2067,1,-0.2608,-0.0538,0.7446,0.1325,25,1
SLR000707,Mobiles & Accessories,Tier-2 City,385,345,507,57157.08,3.85,0.2448,5,-0.2264,0.1228,0.5749,0.2207,20,1
SLR000708,Toys & Baby,Tier-1 Metro,581,149,212,52697.92,3.98,0.1416,5,-0.5655,-0.2047,0.6768,0.1933,83,1
SLR000709,Mobiles & Accessories,Tier-1 Metro,464,266,230,30038.9,3.57,0.1922,10,-0.2902,-0.0617,0.9799,0.2042,6,1
SLR000710,Toys & Baby,Tier-3 Town,205,525,2524,182081.27,4.54,0.2018,5,0.1111,-0.011,0.8627,0.0925,16,0
SLR000711,Mobiles & Accessories,Tier-1 Metro,279,451,347,23536.06,3.59,0.1757,10,0.1892,-0.0356,0.7109,0.1586,23,1
SLR000712,Electronics,Tier-1 Metro,0,730,790,15197.96,4.14,0.1415,5,0.1093,0.0569,0.9759,0.0565,26,1
SLR000713,Electronics,Tier-2 City,558,172,427,96896.62,4.22,0.1521,4,0.0789,0.1376,0.6918,0.1602,19,0
SLR000714,Sports & Fitness,Tier-2 City,339,391,135,8115.56,4.3,0.1027,3,0.1568,-0.0541,0.9249,0.1159,13,0
SLR000715,Toys & Baby,Tier-1 Metro,396,334,157,13858.77,4.2,0.095,3,-0.1205,0.0568,0.792,0.0044,17,0
SLR000716,Electronics,Tier-3 Town,0,730,2152,36813.39,3.66,0.3006,9,-0.4564,-0.0304,0.5922,0.2286,5,1
SLR000717,Sports & Fitness,Tier-3 Town,155,575,903,30426.36,3.77,0.2621,6,-0.0942,-0.119,0.6179,0.2471,27,0
SLR000718,Home & Kitchen,Tier-2 City,619,111,168,25128.04,3.91,0.1822,1,0.0541,-0.0859,0.6656,0.111,19,0
SLR000719,Fashion,Tier-3 Town,417,313,1293,43696.62,3.5,0.328,15,-0.223,-0.2128,0.3589,0.1526,54,1
SLR000720,Grocery,Tier-3 Town,343,387,1330,77396.69,3.12,0.2276,7,-0.5254,-0.3179,0.6216,0.3563,25,1
SLR000721,Beauty & Personal Care,Tier-3 Town,493,237,375,53986.46,3.36,0.2186,13,-0.5347,-0.2258,0.6816,0.3911,43,1
SLR000722,Mobiles & Accessories,Tier-1 Metro,166,564,1264,61486.35,3.88,0.1999,5,-0.1925,0.0797,0.6097,0.1237,8,0
SLR000723,Toys & Baby,Tier-1 Metro,515,215,252,36965.8,3.91,0.103,5,0.3464,0.0574,0.488,0.0277,7,0
SLR000724,Electronics,Tier-1 Metro,269,461,696,37747.05,3.36,0.1534,4,-0.0245,0.0807,0.5217,0.0529,5,0
SLR000725,Grocery,Tier-2 City,476,254,383,46696.88,4.13,0.1193,2,-0.0803,-0.0285,0.4176,0.2122,19,1
SLR000726,Home & Kitchen,Tier-1 Metro,527,203,216,32087.87,4.03,0.118,8,0.1019,0.133,0.5728,0.1926,0,0
SLR000727,Toys & Baby,Tier-1 Metro,247,483,58,2069.55,4.15,0.1646,8,-0.3632,0.2881,0.343,0.1262,158,1
SLR000728,Grocery,Tier-1 Metro,248,482,756,29241.72,4.28,0.0858,4,-0.2029,-0.27,0.5233,0.1048,0,0
SLR000729,Fashion,Tier-3 Town,423,307,678,69242.77,3.53,0.3589,7,0.1065,-0.045,0.6497,0.2054,67,1
SLR000730,Fashion,Tier-2 City,147,583,737,45884.73,3.83,0.2918,8,0.1192,-0.0477,0.5716,0.1878,30,1
SLR000731,Electronics,Tier-2 City,662,68,43,11538.35,4.0,0.1698,3,0.0243,0.1236,0.6659,0.2297,50,1
SLR000732,Electronics,Tier-1 Metro,255,475,1327,49110.31,4.11,0.1979,5,-0.0423,-0.053,0.5737,0.2499,12,0
SLR000733,Toys & Baby,Tier-2 City,266,464,750,57593.44,3.27,0.198,9,-0.2141,-0.1196,0.6707,0.2233,39,1
SLR000734,Grocery,Tier-3 Town,488,242,678,103356.31,2.42,0.2117,14,-0.1547,-0.2009,0.651,0.2887,19,1
SLR000735,Toys & Baby,Tier-1 Metro,464,266,1111,53581.97,4.11,0.1515,3,0.1951,0.0812,0.6515,0.0669,12,0
SLR000736,Home & Kitchen,Tier-3 Town,280,450,533,22915.58,3.87,0.2076,5,-0.0302,-0.296,0.722,0.1966,18,0
SLR000737,Mobiles & Accessories,Tier-1 Metro,0,730,365,14950.03,3.31,0.2079,4,0.2666,-0.373,0.643,0.0717,43,1
SLR000738,Grocery,Tier-3 Town,412,318,667,81180.8,3.97,0.1953,7,-0.2395,-0.1522,0.6899,0.2747,1,0
SLR000739,Sports & Fitness,Tier-1 Metro,671,59,29,13331.5,3.73,0.1044,4,-0.2032,-0.2221,1.0,0.0501,43,1
SLR000740,Toys & Baby,Tier-1 Metro,664,66,176,72117.31,4.57,0.1485,3,0.0498,-0.2286,0.8223,0.1522,11,0
SLR000741,Home & Kitchen,Tier-2 City,0,730,1063,15998.9,3.66,0.1561,3,-0.4846,-0.2089,0.6599,0.2236,0,0
SLR000742,Electronics,Tier-1 Metro,482,248,316,32087.71,3.23,0.2064,7,0.023,-0.0961,0.3547,0.1303,2,0
SLR000743,Beauty & Personal Care,Tier-2 City,609,121,107,33555.43,3.99,0.1572,5,0.1795,0.0497,0.7517,0.0642,1,0
SLR000744,Toys & Baby,Tier-1 Metro,647,83,198,74104.71,3.98,0.1301,5,0.2688,-0.0621,0.6242,0.0967,17,0
SLR000745,Home & Kitchen,Tier-2 City,589,141,213,39981.83,3.81,0.2307,4,-0.1435,-0.2631,0.3635,0.097,28,0
SLR000746,Sports & Fitness,Tier-1 Metro,243,487,362,19614.7,3.62,0.1903,13,-0.2802,-0.101,0.6738,0.1718,72,1
SLR000747,Fashion,Tier-1 Metro,480,250,209,18514.94,3.33,0.3247,9,-0.5942,-0.3997,0.7146,0.1517,91,1
SLR000748,Electronics,Tier-3 Town,0,730,114,6282.47,3.96,0.2831,6,-0.149,-0.3104,0.7599,0.2476,0,0
SLR000749,Home & Kitchen,Tier-3 Town,16,714,1533,81366.03,3.62,0.268,10,-0.5853,-0.1973,0.5685,0.2445,30,0
SLR000750,Home & Kitchen,Tier-2 City,0,730,1610,87406.18,3.56,0.1694,7,-0.1747,-0.1155,0.5075,0.2144,2,0
SLR000751,Toys & Baby,Tier-3 Town,522,208,140,8307.44,3.66,0.2517,13,-0.2445,0.0118,0.7438,0.2245,0,0
SLR000752,Home & Kitchen,Tier-1 Metro,77,653,1179,58941.7,3.24,0.2085,5,-0.1544,-0.2974,0.8124,0.2182,0,0
SLR000753,Fashion,Tier-3 Town,362,368,342,30307.47,3.1,0.34,8,-0.079,-0.1751,0.5138,0.2534,54,1
SLR000754,Sports & Fitness,Tier-1 Metro,373,357,670,20985.23,4.67,0.0745,1,0.1984,0.5211,0.5993,0.0236,9,0
SLR000755,Grocery,Tier-1 Metro,354,376,326,13634.78,3.24,0.1641,8,-0.2677,-0.0803,0.2963,0.3173,7,1
SLR000756,Electronics,Tier-1 Metro,343,387,381,10523.96,4.13,0.1508,2,0.2247,-0.0873,0.6374,0.0197,10,0
SLR000757,Toys & Baby,Tier-3 Town,387,343,516,16278.01,4.1,0.2558,9,-0.3078,-0.261,0.5123,0.3412,55,1
SLR000758,Electronics,Tier-2 City,8,722,515,10191.53,3.85,0.1979,5,-0.0206,-0.3344,0.4391,0.2258,14,0
SLR000759,Grocery,Tier-2 City,430,300,724,42009.87,4.02,0.1634,10,-0.0229,0.0043,0.529,0.1473,4,0
SLR000760,Beauty & Personal Care,Tier-1 Metro,537,193,435,44272.89,4.38,0.0809,3,0.2601,-0.0347,0.6091,0.0811,12,0
SLR000761,Grocery,Tier-1 Metro,688,42,30,9435.31,3.95,0.0854,5,-0.1134,-0.003,0.7913,0.1913,31,1
SLR000762,Toys & Baby,Tier-3 Town,586,144,243,26234.63,3.78,0.2277,11,0.0609,0.0293,0.741,0.257,21,0
SLR000763,Toys & Baby,Tier-1 Metro,486,244,676,91347.31,4.27,0.1429,11,0.0291,-0.3749,0.5593,0.0599,2,0
SLR000764,Fashion,Tier-2 City,622,108,234,41379.17,2.7,0.3439,5,-0.1438,-0.1722,0.488,0.2158,5,1
SLR000765,Toys & Baby,Tier-2 City,638,92,159,25905.98,4.05,0.1589,6,0.2026,-0.3136,0.5149,0.2175,0,0
SLR000766,Home & Kitchen,Tier-1 Metro,523,207,91,5156.79,3.7,0.1359,3,-0.0335,-0.2233,0.613,0.1268,85,1
SLR000767,Fashion,Tier-2 City,86,644,239,6795.27,3.8,0.3,12,-0.3952,0.0135,0.6969,0.1539,30,1
SLR000768,Electronics,Tier-1 Metro,650,80,107,51771.26,4.47,0.1723,7,-0.11,-0.1087,0.7362,0.2557,42,1
SLR000769,Sports & Fitness,Tier-2 City,223,507,331,9260.33,4.34,0.1862,5,0.0364,-0.1411,0.861,0.1314,2,0
SLR000770,Fashion,Tier-3 Town,114,616,999,28205.28,3.98,0.3615,3,-0.5114,-0.0117,0.462,0.1981,11,0
SLR000771,Electronics,Tier-1 Metro,473,257,290,33926.67,4.09,0.1734,9,-0.5529,-0.0862,0.6929,0.116,85,1
SLR000772,Fashion,Tier-1 Metro,678,52,71,31259.39,3.56,0.2745,8,-0.1072,0.0562,0.5124,0.171,52,1
SLR000773,Beauty & Personal Care,Tier-2 City,542,188,216,43066.01,3.99,0.1941,7,0.0098,0.0543,0.9225,0.2473,7,0
SLR000774,Fashion,Tier-1 Metro,443,287,273,33200.91,3.06,0.2879,6,-0.153,-0.2176,0.6325,0.0698,40,0
SLR000775,Grocery,Tier-2 City,447,283,261,34972.22,3.42,0.1809,14,-0.5693,-0.0074,0.7858,0.2383,44,1
SLR000776,Beauty & Personal Care,Tier-1 Metro,155,575,438,22275.39,3.39,0.1496,6,0.2541,-0.2302,0.5043,0.1383,112,1
SLR000777,Toys & Baby,Tier-1 Metro,524,206,795,154135.45,3.77,0.1323,6,-0.1105,0.0242,0.517,0.1995,0,0
SLR000778,Mobiles & Accessories,Tier-1 Metro,578,152,251,67398.42,3.82,0.2333,10,0.1173,-0.0966,0.3582,0.216,13,0
SLR000779,Sports & Fitness,Tier-2 City,387,343,210,17071.09,3.31,0.2129,7,-0.092,-0.6537,0.6007,0.2257,0,0
SLR000780,Toys & Baby,Tier-1 Metro,547,183,667,50691.56,3.7,0.1591,6,-0.565,-0.1243,0.6677,0.187,68,1
SLR000781,Beauty & Personal Care,Tier-1 Metro,293,437,1158,102080.71,3.15,0.1535,8,-0.3128,-0.196,0.8339,0.2272,5,0
SLR000782,Sports & Fitness,Tier-1 Metro,0,730,1649,54620.73,4.62,0.1114,1,0.1883,0.0286,0.5396,0.1571,21,0
SLR000783,Toys & Baby,Tier-3 Town,203,527,1104,59924.89,3.52,0.2549,13,-0.2988,-0.1757,0.8459,0.2394,105,1
SLR000784,Home & Kitchen,Tier-1 Metro,564,166,1039,97775.34,4.8,0.1363,4,0.5596,-0.146,0.916,0.1037,14,0
SLR000785,Beauty & Personal Care,Tier-2 City,454,276,17,1467.62,2.53,0.1786,8,-0.3944,-0.0961,0.5124,0.2479,53,1
SLR000786,Fashion,Tier-1 Metro,476,254,277,43406.71,3.77,0.3001,10,-0.3505,-0.2538,0.592,0.151,22,1
SLR000787,Sports & Fitness,Tier-3 Town,0,730,326,10457.44,4.05,0.25,4,-0.09,-0.1659,0.4023,0.1709,5,1
SLR000788,Home & Kitchen,Tier-3 Town,132,598,910,41661.56,4.44,0.2338,9,0.089,-0.1423,0.9379,0.191,0,0
SLR000789,Mobiles & Accessories,Tier-1 Metro,477,253,84,8112.64,3.76,0.1693,10,-0.1339,0.1429,0.3896,0.0672,0,0
SLR000790,Sports & Fitness,Tier-3 Town,340,390,402,14635.1,4.17,0.2243,7,-0.4421,0.1189,0.8389,0.1215,21,0
SLR000791,Home & Kitchen,Tier-1 Metro,701,29,80,111959.52,3.99,0.1218,6,0.1618,0.109,1.0,0.0813,13,0
SLR000792,Electronics,Tier-1 Metro,571,159,264,32999.6,3.45,0.1621,4,0.0448,-0.2017,0.6063,0.1378,25,0
SLR000793,Beauty & Personal Care,Tier-3 Town,215,515,1378,109741.67,3.69,0.2354,6,-0.0004,-0.0768,0.8371,0.2551,0,0
SLR000794,Beauty & Personal Care,Tier-1 Metro,636,94,184,21597.13,3.49,0.1531,9,-0.147,-0.0906,0.5234,0.2266,7,0
SLR000795,Fashion,Tier-2 City,497,233,182,22960.54,3.62,0.2648,6,-0.0583,-0.0402,0.6117,0.1499,0,0
SLR000796,Fashion,Tier-2 City,696,34,54,26228.93,3.2,0.3476,9,-0.0518,-0.1961,0.6157,0.2226,0,0
SLR000797,Fashion,Tier-1 Metro,618,112,103,10075.97,3.72,0.2582,3,0.0574,-0.1473,0.5438,0.0551,83,1
SLR000798,Beauty & Personal Care,Tier-3 Town,404,326,1090,98622.3,3.91,0.2329,1,0.156,0.2687,0.9758,0.062,12,0
SLR000799,Toys & Baby,Tier-1 Metro,491,239,341,58134.83,3.22,0.1642,8,-0.3641,-0.0491,0.7336,0.0873,32,1
SLR000800,Toys & Baby,Tier-3 Town,300,430,234,16351.38,3.51,0.2495,14,-0.1203,-0.1289,0.4149,0.2061,0,0
SLR000801,Home & Kitchen,Tier-1 Metro,74,656,719,40630.0,3.55,0.1222,4,0.3321,0.138,0.8896,0.0848,17,0
SLR000802,Home & Kitchen,Tier-2 City,0,730,2053,60598.87,4.31,0.1692,0,-0.012,0.1164,0.9107,0.1024,9,0
SLR000803,Grocery,Tier-3 Town,0,730,922,50979.85,3.41,0.2363,6,-0.6566,-0.3581,0.7088,0.2879,5,1
SLR000804,Electronics,Tier-1 Metro,367,363,678,49245.85,3.58,0.1914,7,-0.4432,0.073,0.8837,0.1631,22,0
SLR000805,Electronics,Tier-2 City,311,419,764,47790.28,2.95,0.2246,11,-0.4798,-0.263,0.4803,0.251,29,1
SLR000806,Home & Kitchen,Tier-1 Metro,601,129,199,21854.28,3.26,0.1657,4,-0.312,0.1745,0.5662,0.1366,28,1
SLR000807,Mobiles & Accessories,Tier-1 Metro,596,134,179,50041.6,3.72,0.2204,5,-0.3283,-0.142,0.7893,0.1966,5,1
SLR000808,Toys & Baby,Tier-3 Town,580,150,118,21859.64,3.03,0.309,15,-0.3744,-0.1431,0.6577,0.3569,5,1
SLR000809,Sports & Fitness,Tier-1 Metro,553,177,200,43609.53,3.97,0.1482,6,0.3349,0.0313,0.3596,0.1828,10,1
SLR000810,Toys & Baby,Tier-3 Town,544,186,366,48364.24,4.02,0.256,9,-0.0734,-0.1181,0.4067,0.1159,32,1
SLR000811,Home & Kitchen,Tier-1 Metro,145,585,1375,58127.78,3.19,0.1358,5,0.1037,0.0084,0.5087,0.1155,98,1
SLR000812,Fashion,Tier-3 Town,455,275,2273,150994.26,3.22,0.3777,7,0.0341,-0.1467,0.7124,0.1867,70,1
SLR000813,Beauty & Personal Care,Tier-2 City,321,409,370,32478.43,3.58,0.1599,4,-0.1204,0.104,0.559,0.1502,13,1
SLR000814,Electronics,Tier-2 City,602,128,105,21915.98,3.49,0.2023,7,0.3556,-0.304,0.754,0.264,101,1
SLR000815,Fashion,Tier-3 Town,71,659,665,33645.31,3.36,0.3686,15,-0.2407,-0.237,0.5402,0.2984,5,1
SLR000816,Mobiles & Accessories,Tier-1 Metro,0,730,2170,105883.04,3.6,0.2108,9,0.3386,-0.1272,0.9007,0.1624,6,0
SLR000817,Sports & Fitness,Tier-1 Metro,464,266,227,15922.91,3.65,0.186,8,-0.2896,-0.2093,0.6298,0.1531,47,1
SLR000818,Fashion,Tier-3 Town,524,206,342,61669.41,3.98,0.336,8,-0.3671,0.0848,0.6152,0.229,17,1
SLR000819,Home & Kitchen,Tier-2 City,313,417,684,48079.75,4.38,0.1266,4,-0.0551,0.0733,0.4011,0.1747,0,0
SLR000820,Beauty & Personal Care,Tier-1 Metro,486,244,732,62054.03,3.85,0.1005,2,0.2904,0.135,0.557,0.1109,0,0
SLR000821,Fashion,Tier-3 Town,0,730,224,9999.34,2.45,0.4193,16,-0.3781,-0.2522,0.369,0.3767,12,1
SLR000822,Grocery,Tier-2 City,327,403,1759,108314.25,4.04,0.1516,3,0.1452,0.0237,0.8813,0.1838,14,0
SLR000823,Home & Kitchen,Tier-3 Town,528,202,560,61133.43,3.51,0.2859,8,-0.5805,-0.0565,0.5755,0.113,3,0
SLR000824,Beauty & Personal Care,Tier-3 Town,380,350,121,7072.11,3.8,0.248,12,-0.2234,0.1232,0.496,0.2643,8,1
SLR000825,Beauty & Personal Care,Tier-2 City,240,490,557,24177.82,3.61,0.1556,7,-0.1063,-0.3857,0.7967,0.1377,0,0
SLR000826,Home & Kitchen,Tier-1 Metro,690,40,12,7753.52,3.29,0.1929,8,-0.1425,0.0205,0.4491,0.1905,31,1
SLR000827,Mobiles & Accessories,Tier-3 Town,631,99,121,13552.84,3.26,0.286,6,-0.2844,0.0756,0.6958,0.267,26,0
SLR000828,Home & Kitchen,Tier-2 City,171,559,553,26313.84,3.33,0.2142,4,-0.2047,-0.3107,0.5707,0.1724,23,1
SLR000829,Fashion,Tier-2 City,390,340,488,54663.49,3.41,0.2996,10,-0.2225,0.0925,0.6337,0.2674,81,1
SLR000830,Grocery,Tier-1 Metro,627,103,149,33247.02,4.68,0.0759,3,0.4717,0.1321,0.5805,0.0779,0,0
SLR000831,Fashion,Tier-1 Metro,0,730,1588,32886.5,3.43,0.2525,9,0.0072,-0.0724,0.5111,0.1373,17,1
SLR000832,Toys & Baby,Tier-1 Metro,531,199,673,63664.39,3.97,0.1319,5,0.1244,0.1947,0.7638,0.1327,15,0
SLR000833,Grocery,Tier-1 Metro,204,526,2224,66708.61,3.02,0.0965,1,-0.4043,0.1183,0.8737,0.113,31,0
SLR000834,Home & Kitchen,Tier-3 Town,394,336,675,41711.91,3.59,0.2398,6,-0.1041,-0.1051,0.8626,0.2421,0,0
SLR000835,Electronics,Tier-2 City,368,362,86,2703.53,3.76,0.1979,6,0.0217,0.0746,0.3828,0.1968,7,0
SLR000836,Mobiles & Accessories,Tier-1 Metro,395,335,959,104005.17,2.91,0.2063,9,0.2551,0.0912,0.5307,0.1995,26,1
SLR000837,Home & Kitchen,Tier-1 Metro,222,508,873,71812.58,4.17,0.1773,14,0.1995,0.0428,0.3117,0.259,135,1
SLR000838,Beauty & Personal Care,Tier-1 Metro,312,418,294,14976.43,4.09,0.1141,10,0.1665,-0.0895,0.5572,0.1402,23,1
SLR000839,Electronics,Tier-1 Metro,458,272,111,7459.86,3.29,0.2122,10,-0.6347,-0.3322,0.777,0.278,31,1
SLR000840,Beauty & Personal Care,Tier-1 Metro,566,164,203,45147.87,4.04,0.0986,7,-0.2136,0.0096,0.7436,0.1409,3,0
SLR000841,Home & Kitchen,Tier-1 Metro,546,184,1199,101665.17,4.02,0.1475,4,0.0904,0.213,0.7526,0.0941,4,0
SLR000842,Electronics,Tier-3 Town,381,349,127,8717.52,3.49,0.3038,8,-0.1698,0.0284,0.5917,0.3596,14,0
SLR000843,Toys & Baby,Tier-2 City,457,273,516,77725.69,3.4,0.2324,12,-0.1286,-0.4773,0.2408,0.2732,81,1
SLR000844,Fashion,Tier-3 Town,407,323,438,28195.81,3.14,0.3832,11,-0.3422,-0.347,0.6501,0.259,12,1
SLR000845,Mobiles & Accessories,Tier-3 Town,687,43,23,15241.58,3.57,0.3094,14,-0.0899,-0.1944,0.6216,0.1891,0,0
SLR000846,Grocery,Tier-1 Metro,0,730,625,20012.37,4.02,0.136,8,-0.5562,-0.0226,0.685,0.146,14,1
SLR000847,Beauty & Personal Care,Tier-3 Town,574,156,208,15580.02,3.98,0.2036,3,-0.0733,0.1953,0.7632,0.2608,9,0
SLR000848,Toys & Baby,Tier-2 City,455,275,527,70835.63,4.05,0.1871,6,0.1405,-0.2979,0.8101,0.1107,10,0
SLR000849,Home & Kitchen,Tier-1 Metro,518,212,1015,59442.25,4.03,0.1635,4,-0.1065,-0.2138,0.7663,0.1461,15,0
SLR000850,Fashion,Tier-1 Metro,333,397,117,8462.17,3.84,0.2765,13,-0.6975,0.0231,0.5174,0.2446,99,1
SLR000851,Toys & Baby,Tier-2 City,80,650,760,38606.57,3.59,0.1889,1,-0.4339,-0.0743,1.0,0.1417,20,0
SLR000852,Grocery,Tier-1 Metro,238,492,700,37662.48,3.54,0.09,4,-0.1468,0.2348,0.7014,0.1452,0,0
SLR000853,Toys & Baby,Tier-2 City,468,262,671,100219.86,4.0,0.1758,6,0.0621,0.1865,0.8407,0.1469,0,0
SLR000854,Sports & Fitness,Tier-1 Metro,433,297,136,18056.89,3.75,0.1044,2,-0.151,0.0251,0.8227,0.0272,4,0
SLR000855,Toys & Baby,Tier-3 Town,425,305,47,3541.34,4.33,0.2473,4,-0.2377,-0.1635,0.3895,0.1807,84,1
SLR000856,Home & Kitchen,Tier-1 Metro,604,126,57,5654.15,3.83,0.1477,7,-0.3742,-0.1423,0.1759,0.183,26,1
SLR000857,Home & Kitchen,Tier-3 Town,238,492,467,29250.69,3.5,0.2207,4,-0.3114,0.1487,0.7194,0.2971,33,1
SLR000858,Toys & Baby,Tier-1 Metro,371,359,355,27582.06,4.19,0.12,7,0.1665,-0.226,0.5681,0.1359,25,0
SLR000859,Beauty & Personal Care,Tier-1 Metro,570,160,125,21299.9,4.61,0.0885,1,0.009,0.0752,0.909,0.0124,4,0
SLR000860,Home & Kitchen,Tier-1 Metro,335,395,109,11026.53,4.44,0.1527,5,-0.4019,0.0588,0.7099,0.0583,10,0
SLR000861,Home & Kitchen,Tier-1 Metro,405,325,229,10034.29,4.09,0.1746,5,-0.1587,-0.019,0.5824,0.1438,4,0
SLR000862,Sports & Fitness,Tier-1 Metro,342,388,732,29851.48,3.85,0.1324,7,-0.2763,-0.0359,0.9352,0.2374,86,1
SLR000863,Grocery,Tier-2 City,0,730,679,25806.5,3.86,0.1464,5,-0.1283,-0.0885,0.7512,0.1943,0,0
SLR000864,Toys & Baby,Tier-1 Metro,0,730,3959,84372.52,4.28,0.1848,9,-0.3186,-0.3418,0.7392,0.2316,5,0
SLR000865,Mobiles & Accessories,Tier-1 Metro,373,357,413,33402.3,3.82,0.2061,6,-0.4512,-0.5193,0.4703,0.2142,5,1
SLR000866,Mobiles & Accessories,Tier-3 Town,98,632,1256,46597.91,3.97,0.2425,6,-0.2635,-0.2523,0.8881,0.1301,17,0
SLR000867,Sports & Fitness,Tier-1 Metro,345,385,495,22423.1,3.95,0.135,4,0.0081,0.0574,0.8576,0.1686,0,0
SLR000868,Fashion,Tier-1 Metro,580,150,998,118069.44,4.06,0.2577,3,0.2729,0.004,0.6207,0.0913,9,0
SLR000869,Toys & Baby,Tier-1 Metro,273,457,288,19543.53,3.74,0.1627,4,0.1014,-0.2476,0.3099,0.2336,69,1
SLR000870,Sports & Fitness,Tier-1 Metro,577,153,297,23250.54,4.26,0.1462,5,-0.2052,0.3169,0.6871,0.0501,5,0
SLR000871,Beauty & Personal Care,Tier-3 Town,649,81,209,57870.59,3.45,0.2374,13,-0.2919,-0.005,0.6611,0.2243,39,1
SLR000872,Mobiles & Accessories,Tier-3 Town,459,271,485,72712.69,3.49,0.2526,7,0.1534,-0.1191,0.9202,0.2376,16,0
SLR000873,Sports & Fitness,Tier-3 Town,326,404,147,6772.08,3.97,0.2606,5,-0.4927,0.0669,0.8032,0.2472,12,0
SLR000874,Toys & Baby,Tier-2 City,46,684,580,24565.56,4.34,0.1482,4,-0.3628,0.13,0.5727,0.1563,0,0
SLR000875,Mobiles & Accessories,Tier-2 City,494,236,673,110395.86,3.53,0.2121,8,0.0236,-0.0507,0.5874,0.1206,45,0
SLR000876,Toys & Baby,Tier-1 Metro,267,463,1870,146092.12,3.88,0.1219,10,-0.0031,-0.3054,0.84,0.2082,36,1
SLR000877,Grocery,Tier-1 Metro,439,291,860,113180.76,4.42,0.081,2,0.0673,-0.0964,0.3396,0.1837,12,0
SLR000878,Grocery,Tier-2 City,485,245,412,56740.91,3.94,0.1437,8,0.1293,-0.4568,0.4163,0.2044,0,0
SLR000879,Toys & Baby,Tier-2 City,509,221,957,118615.16,3.88,0.1227,9,0.1188,-0.016,0.9078,0.2069,12,0
SLR000880,Sports & Fitness,Tier-1 Metro,0,730,841,30723.67,3.84,0.1399,5,0.1272,0.014,0.5277,0.1465,1,0
SLR000881,Fashion,Tier-1 Metro,289,441,1113,103254.23,2.98,0.2492,8,-0.2527,-0.1315,0.6546,0.1629,21,0
SLR000882,Toys & Baby,Tier-1 Metro,707,23,25,19675.77,3.79,0.1451,8,-0.4862,-0.3535,0.5288,0.2055,23,1
SLR000883,Grocery,Tier-1 Metro,470,260,552,27606.31,4.53,0.0982,4,0.1545,-0.0518,0.6597,0.004,3,0
SLR000884,Toys & Baby,Tier-1 Metro,200,530,143,8423.16,4.33,0.1005,0,-0.2477,0.1423,0.8286,0.0369,7,0
SLR000885,Toys & Baby,Tier-1 Metro,303,427,14,704.75,4.39,0.1125,9,0.0301,-0.112,0.8144,0.1117,0,0
SLR000886,Home & Kitchen,Tier-1 Metro,141,589,776,43710.06,4.11,0.1277,0,-0.2298,-0.1278,0.7654,0.0922,1,0
SLR000887,Beauty & Personal Care,Tier-1 Metro,305,425,1029,30222.03,3.64,0.0923,2,-0.0449,-0.2216,0.7656,0.0,28,0
SLR000888,Sports & Fitness,Tier-2 City,257,473,2714,129548.59,3.71,0.1789,4,0.3191,-0.3406,0.7019,0.323,103,1
SLR000889,Electronics,Tier-1 Metro,194,536,1006,54142.59,3.68,0.1791,9,0.1678,-0.2406,0.8309,0.2082,66,1
SLR000890,Home & Kitchen,Tier-1 Metro,420,310,206,26147.02,4.42,0.1003,3,0.0052,0.0969,1.0,0.1159,0,0
SLR000891,Sports & Fitness,Tier-1 Metro,367,363,358,34884.96,3.88,0.1295,9,-0.4031,-0.2319,0.6685,0.2613,19,0
SLR000892,Electronics,Tier-1 Metro,0,730,1394,77365.09,3.55,0.1953,12,-0.6864,-0.176,0.4527,0.2511,57,1
SLR000893,Mobiles & Accessories,Tier-3 Town,382,348,426,13214.22,2.82,0.3238,5,-0.6414,-0.16,0.4008,0.2648,5,1
SLR000894,Mobiles & Accessories,Tier-2 City,112,618,1660,57563.22,3.66,0.2315,8,-0.4866,-0.0065,0.6594,0.1785,0,0
SLR000895,Toys & Baby,Tier-1 Metro,0,730,705,17578.3,3.6,0.167,6,-0.2375,0.0186,0.466,0.1755,9,0
SLR000896,Beauty & Personal Care,Tier-2 City,470,260,251,36974.63,4.79,0.1409,10,0.6683,0.0694,0.5984,0.1674,41,0
SLR000897,Electronics,Tier-1 Metro,445,285,459,31248.94,3.89,0.1766,3,0.0173,0.1395,0.7282,0.0386,23,0
SLR000898,Fashion,Tier-1 Metro,140,590,340,23758.37,3.46,0.2877,13,-0.3758,-0.4082,0.3358,0.3028,42,1
SLR000899,Grocery,Tier-2 City,21,709,232,9861.66,3.26,0.2034,9,-0.3212,-0.1646,0.4066,0.2335,0,0
SLR000900,Grocery,Tier-1 Metro,506,224,376,56767.53,3.65,0.1771,4,-0.5784,-0.3748,0.684,0.0932,4,0
SLR000901,Grocery,Tier-1 Metro,334,396,570,28476.81,3.68,0.082,3,0.1301,-0.0265,0.8059,0.1733,57,1
SLR000902,Home & Kitchen,Tier-2 City,518,212,493,27482.91,4.08,0.1838,3,0.0385,-0.1512,0.5147,0.0111,52,1
SLR000903,Sports & Fitness,Tier-2 City,544,186,260,43273.66,4.33,0.1442,5,-0.1363,0.0779,0.8677,0.0885,2,0
SLR000904,Fashion,Tier-2 City,565,165,584,58966.47,4.16,0.2751,10,-0.3814,-0.2758,0.5871,0.0418,12,0
SLR000905,Electronics,Tier-2 City,297,433,271,11322.29,3.22,0.2348,9,-0.3641,-0.1606,0.5733,0.1306,17,0
SLR000906,Sports & Fitness,Tier-1 Metro,621,109,392,38392.46,4.23,0.0904,3,0.0106,-0.0765,0.5374,0.0595,19,1
SLR000907,Beauty & Personal Care,Tier-2 City,163,567,1008,52274.73,3.74,0.1922,10,0.0856,-0.3242,0.4347,0.1635,10,0
SLR000908,Toys & Baby,Tier-1 Metro,634,96,54,10764.54,2.91,0.15,6,0.2963,0.293,0.7097,0.1696,13,0
SLR000909,Fashion,Tier-1 Metro,433,297,851,32708.66,3.52,0.2693,9,-0.1938,-0.2004,0.3958,0.2368,63,1
SLR000910,Mobiles & Accessories,Tier-2 City,307,423,2234,139047.31,3.96,0.2623,8,-0.2421,0.0988,0.7947,0.1395,36,1
SLR000911,Grocery,Tier-2 City,620,110,256,28308.66,3.2,0.1712,10,0.0041,-0.4998,0.4613,0.1873,70,1
SLR000912,Beauty & Personal Care,Tier-2 City,588,142,206,36481.89,3.36,0.2372,7,-0.3118,-0.3756,0.6154,0.2818,142,1
SLR000913,Home & Kitchen,Tier-1 Metro,507,223,143,17010.05,4.11,0.1497,6,-0.2175,-0.1126,0.9314,0.0347,25,0
SLR000914,Fashion,Tier-2 City,660,70,53,14805.58,3.31,0.2921,7,0.0103,-0.1911,0.7378,0.1745,0,0
SLR000915,Sports & Fitness,Tier-1 Metro,512,218,163,26474.9,3.47,0.1778,9,-0.3283,-0.1397,0.4484,0.2893,12,0
SLR000916,Sports & Fitness,Tier-1 Metro,575,155,248,44994.5,3.89,0.1238,4,-0.0373,-0.2115,0.7498,0.1478,18,0
SLR000917,Home & Kitchen,Tier-1 Metro,659,71,31,4973.89,2.85,0.1797,7,-0.2818,-0.0022,0.6664,0.2592,18,1
SLR000918,Grocery,Tier-2 City,229,501,370,19330.06,3.96,0.1015,4,-0.1862,0.2769,0.9287,0.0676,9,0
SLR000919,Fashion,Tier-2 City,0,730,1661,68742.84,3.54,0.2846,5,0.3328,0.0203,0.6436,0.1613,0,0
SLR000920,Grocery,Tier-1 Metro,526,204,255,28610.15,4.96,0.0635,1,0.6395,0.1441,0.7159,0.0564,0,0
SLR000921,Beauty & Personal Care,Tier-1 Metro,0,730,562,19900.49,2.93,0.2052,14,-0.5898,-0.257,0.5847,0.2562,17,0
SLR000922,Mobiles & Accessories,Tier-2 City,274,456,166,6261.28,3.27,0.2634,7,-0.4134,-0.3242,0.6801,0.2133,4,0
SLR000923,Mobiles & Accessories,Tier-3 Town,597,133,193,53241.79,3.41,0.28,7,-0.11,-0.0283,0.5952,0.1946,1,0
SLR000924,Sports & Fitness,Tier-1 Metro,318,412,561,52196.85,4.04,0.1469,6,-0.3692,-0.1959,0.5225,0.0638,16,0
SLR000925,Electronics,Tier-1 Metro,674,56,101,44988.51,2.8,0.1998,3,0.1248,-0.1254,0.6848,0.1687,25,0
SLR000926,Home & Kitchen,Tier-1 Metro,108,622,802,34347.27,4.21,0.1598,3,0.3,-0.0911,0.8254,0.1056,0,0
SLR000927,Toys & Baby,Tier-2 City,407,323,1005,82632.25,3.68,0.1934,5,-0.2863,-0.096,0.9009,0.1641,0,0
SLR000928,Fashion,Tier-2 City,506,224,110,12280.18,4.23,0.2346,2,-0.2398,0.0706,0.6208,0.0691,0,0
SLR000929,Fashion,Tier-2 City,11,719,498,19394.03,3.94,0.2647,7,-0.1148,0.0256,0.8933,0.0,1,0
SLR000930,Electronics,Tier-3 Town,607,123,194,27058.06,4.5,0.2227,4,-0.1287,0.0901,1.0,0.1799,21,1
SLR000931,Sports & Fitness,Tier-3 Town,599,131,108,26621.14,3.43,0.2753,6,-0.3284,-0.1964,0.5205,0.2159,8,0
SLR000932,Toys & Baby,Tier-1 Metro,149,581,716,23232.24,4.17,0.1077,2,0.1441,0.1312,0.5898,0.2307,0,0
SLR000933,Toys & Baby,Tier-2 City,486,244,328,32050.19,4.32,0.1552,5,0.0123,-0.0042,0.6971,0.1973,12,0
SLR000934,Home & Kitchen,Tier-3 Town,562,168,98,18309.5,3.37,0.2492,9,0.2258,-0.2333,0.7426,0.1965,6,0
SLR000935,Electronics,Tier-2 City,0,730,443,10095.37,3.67,0.2517,7,-0.0351,-0.2437,0.5647,0.2226,3,0
SLR000936,Fashion,Tier-2 City,533,197,272,47271.52,3.54,0.3089,10,-0.1793,-0.0828,0.5577,0.1436,87,1
SLR000937,Mobiles & Accessories,Tier-1 Metro,528,202,228,12538.65,2.53,0.2689,6,-0.5395,-0.366,0.2282,0.2219,62,1
SLR000938,Home & Kitchen,Tier-1 Metro,207,523,1013,38335.07,3.6,0.1526,10,-0.1981,-0.1688,0.7039,0.244,17,1
SLR000939,Mobiles & Accessories,Tier-1 Metro,406,324,324,22645.93,3.84,0.239,10,-0.0957,0.1057,0.6114,0.2076,72,1
SLR000940,Toys & Baby,Tier-1 Metro,0,730,372,15589.39,3.19,0.1482,9,-0.6176,-0.3852,0.4361,0.3105,5,1
SLR000941,Sports & Fitness,Tier-1 Metro,660,70,278,53410.33,4.41,0.0604,4,0.6696,-0.2072,0.858,0.0,0,0
SLR000942,Grocery,Tier-1 Metro,579,151,67,17711.79,3.34,0.1711,14,0.0359,-0.1519,0.5981,0.2215,33,1
SLR000943,Toys & Baby,Tier-1 Metro,476,254,387,18288.4,3.76,0.1876,5,-0.2745,0.0943,0.4605,0.1002,0,0
SLR000944,Electronics,Tier-2 City,621,109,94,18285.92,3.03,0.2284,8,-0.786,0.0526,0.437,0.2325,0,0
SLR000945,Sports & Fitness,Tier-2 City,375,355,931,69050.05,2.88,0.2489,7,-0.4837,-0.4023,0.5623,0.3454,67,1
SLR000946,Beauty & Personal Care,Tier-3 Town,241,489,202,14857.72,3.47,0.2596,9,-0.2222,-0.2316,0.7032,0.2625,54,1
SLR000947,Sports & Fitness,Tier-1 Metro,96,634,125,4766.48,4.71,0.1688,7,0.2975,0.1532,0.8884,0.1749,0,0
SLR000948,Sports & Fitness,Tier-3 Town,0,730,1177,52731.17,2.96,0.2613,6,-0.2184,0.0962,0.5513,0.3461,5,1
SLR000949,Fashion,Tier-1 Metro,558,172,289,52664.84,3.78,0.2527,11,0.0648,-0.0599,0.6368,0.0727,36,0
SLR000950,Grocery,Tier-1 Metro,0,730,1107,49599.26,4.3,0.0585,0,0.1128,0.0521,0.5799,0.0815,13,0
SLR000951,Toys & Baby,Tier-1 Metro,0,730,438,22382.74,4.06,0.1484,4,-0.3397,0.0352,0.5746,0.2314,41,0
SLR000952,Toys & Baby,Tier-2 City,0,730,567,23145.46,4.0,0.1136,6,0.4685,-0.0419,0.7315,0.1524,34,0
SLR000953,Grocery,Tier-1 Metro,361,369,572,29673.02,4.56,0.1037,7,-0.1727,0.1528,0.6384,0.1077,30,0
SLR000954,Mobiles & Accessories,Tier-1 Metro,160,570,1843,101336.7,4.45,0.1573,3,0.0466,0.2269,1.0,0.0,37,1
SLR000955,Electronics,Tier-2 City,557,173,581,66447.94,3.75,0.1642,3,0.566,-0.1234,0.9958,0.1083,20,0
SLR000956,Electronics,Tier-1 Metro,522,208,160,9868.44,4.91,0.15,2,-0.1621,0.3122,0.711,0.0171,20,0
SLR000957,Fashion,Tier-2 City,264,466,363,28425.52,4.71,0.2634,6,0.1148,-0.2008,0.6718,0.1312,8,0
SLR000958,Mobiles & Accessories,Tier-2 City,403,327,260,16810.14,2.95,0.2458,8,-0.04,-0.357,0.4476,0.1929,5,1
SLR000959,Home & Kitchen,Tier-2 City,115,615,870,58486.23,4.12,0.2198,9,-0.1588,-0.0815,0.2807,0.176,79,1
SLR000960,Beauty & Personal Care,Tier-3 Town,270,460,338,30175.82,3.22,0.237,4,-0.0711,-0.366,0.6099,0.3111,54,1
SLR000961,Grocery,Tier-1 Metro,601,129,390,107300.12,4.81,0.1366,6,0.1164,0.2466,0.6664,0.052,6,0
SLR000962,Sports & Fitness,Tier-2 City,295,435,1149,43101.64,4.11,0.1833,5,-0.1355,0.0434,0.4852,0.1641,13,0
SLR000963,Mobiles & Accessories,Tier-2 City,443,287,45,6123.39,3.28,0.2489,16,-0.3139,-0.3226,0.6625,0.3184,7,1
SLR000964,Home & Kitchen,Tier-3 Town,340,390,155,4968.12,3.56,0.275,13,-0.1359,-0.0298,0.4247,0.3255,18,1
SLR000965,Fashion,Tier-1 Metro,485,245,238,18742.72,3.18,0.2789,11,-0.5795,-0.3015,0.4839,0.1509,76,1
SLR000966,Beauty & Personal Care,Tier-3 Town,384,346,275,28031.25,3.96,0.2212,17,-0.1059,0.1218,0.5513,0.2117,9,0
SLR000967,Grocery,Tier-2 City,280,450,396,16599.11,4.04,0.1242,7,-0.0974,-0.1658,0.5691,0.1647,0,0
SLR000968,Mobiles & Accessories,Tier-2 City,74,656,379,23302.87,3.05,0.1958,8,0.2486,0.0,0.5692,0.1623,13,0
SLR000969,Sports & Fitness,Tier-1 Metro,653,77,204,87692.01,3.55,0.1678,7,-0.1221,-0.2693,0.4385,0.1505,77,1
SLR000970,Mobiles & Accessories,Tier-2 City,416,314,422,15823.22,3.31,0.2493,7,-0.2933,-0.3443,0.4634,0.2432,0,0
SLR000971,Fashion,Tier-1 Metro,672,58,35,24041.75,4.07,0.2371,13,0.2012,-0.0698,0.4158,0.092,0,0
SLR000972,Mobiles & Accessories,Tier-3 Town,497,233,650,45813.61,3.93,0.2853,8,-0.1776,-0.0245,0.7918,0.218,25,1
SLR000973,Mobiles & Accessories,Tier-1 Metro,0,730,1668,86952.85,4.07,0.1609,3,0.0304,0.1291,0.9617,0.0968,21,0
SLR000974,Grocery,Tier-2 City,557,173,235,53721.16,3.9,0.1652,3,-0.5025,-0.1221,0.4839,0.1837,0,0
SLR000975,Beauty & Personal Care,Tier-1 Metro,400,330,426,48054.2,3.09,0.1588,10,-0.31,-0.3311,0.6278,0.2198,73,1
SLR000976,Toys & Baby,Tier-1 Metro,112,618,668,25270.96,3.23,0.1735,8,-0.1109,-0.289,0.5608,0.3011,72,1
SLR000977,Electronics,Tier-3 Town,0,730,1490,64215.02,3.51,0.2745,8,-0.2793,-0.042,0.8025,0.317,23,0
SLR000978,Home & Kitchen,Tier-1 Metro,678,52,155,64409.39,4.75,0.1184,7,0.3355,-0.0712,0.8247,0.1409,3,0
SLR000979,Mobiles & Accessories,Tier-1 Metro,64,666,208,3883.25,3.37,0.1933,10,-0.2639,0.2067,0.6776,0.1028,8,0
SLR000980,Toys & Baby,Tier-1 Metro,522,208,525,56803.21,4.48,0.0903,2,0.3262,-0.0604,0.7128,0.123,19,0
SLR000981,Electronics,Tier-3 Town,323,407,100,8769.82,2.76,0.2946,8,-0.2404,-0.5432,0.6298,0.3899,102,1
SLR000982,Home & Kitchen,Tier-3 Town,485,245,153,10241.87,2.74,0.303,16,0.129,-0.1679,0.5866,0.229,38,1
SLR000983,Toys & Baby,Tier-1 Metro,547,183,326,36734.98,4.68,0.0865,1,0.2252,0.2104,0.8077,0.1072,0,0
SLR000984,Beauty & Personal Care,Tier-1 Metro,508,222,215,38686.05,4.15,0.095,1,0.5909,0.0574,0.6096,0.0765,7,1
SLR000985,Fashion,Tier-1 Metro,516,214,33,4931.9,3.37,0.2804,9,-0.0193,-0.3844,0.332,0.1223,0,0
SLR000986,Electronics,Tier-1 Metro,473,257,696,31026.91,3.6,0.1677,3,-0.2419,-0.1008,0.975,0.1324,5,0
SLR000987,Grocery,Tier-2 City,0,730,1634,72870.44,4.39,0.1034,8,0.2161,-0.2759,0.5029,0.0847,17,0
SLR000988,Home & Kitchen,Tier-3 Town,0,730,1199,57111.45,3.36,0.2441,4,-0.1245,-0.0988,0.6314,0.2309,0,0
SLR000989,Beauty & Personal Care,Tier-2 City,542,188,287,44233.17,3.75,0.1807,10,-0.3994,-0.1166,0.7497,0.1465,22,1
SLR000990,Home & Kitchen,Tier-3 Town,484,246,349,50720.38,3.22,0.2557,5,0.2027,-0.1737,0.6141,0.2825,40,1
SLR000991,Home & Kitchen,Tier-1 Metro,0,730,1316,33975.89,4.13,0.1902,4,-0.06,0.0457,0.4997,0.0988,24,0
SLR000992,Toys & Baby,Tier-2 City,530,200,985,137949.51,4.09,0.1722,6,0.2208,-0.1157,0.2428,0.0551,7,0
SLR000993,Beauty & Personal Care,Tier-2 City,401,329,352,44250.96,4.15,0.1276,2,0.4373,0.1556,0.5807,0.0573,45,0
SLR000994,Home & Kitchen,Tier-3 Town,612,118,152,51273.36,4.33,0.2099,10,-0.3728,0.1289,0.5907,0.1533,0,0
SLR000995,Sports & Fitness,Tier-2 City,624,106,121,23861.32,3.41,0.2309,6,-0.1705,-0.1979,0.591,0.2677,43,1
SLR000996,Grocery,Tier-2 City,600,130,29,3846.19,4.36,0.1355,1,-0.4272,-0.1087,0.3184,0.2891,44,1
SLR000997,Sports & Fitness,Tier-3 Town,382,348,672,77127.1,3.63,0.2512,9,0.1049,0.0042,0.6607,0.274,6,0
SLR000998,Toys & Baby,Tier-2 City,590,140,251,58215.64,3.42,0.1936,14,-0.417,-0.234,0.4086,0.242,11,0
SLR000999,Mobiles & Accessories,Tier-3 Town,415,315,214,7553.59,3.32,0.3218,10,-0.3455,-0.0932,0.5221,0.3731,20,1
SLR001000,Electronics,Tier-1 Metro,667,63,36,18218.53,4.14,0.1544,7,-0.3849,0.078,0.4515,0.1705,18,0
SLR001001,Fashion,Tier-3 Town,376,354,265,28598.22,1.83,0.3938,13,-0.6449,0.0201,0.6805,0.355,27,1
SLR001002,Electronics,Tier-1 Metro,0,730,1516,37262.58,3.45,0.1772,2,0.4367,-0.3436,0.6803,0.1017,8,0
SLR001003,Fashion,Tier-1 Metro,616,114,619,113141.54,3.86,0.252,12,-0.0139,-0.0675,0.453,0.1146,10,0
SLR001004,Home & Kitchen,Tier-1 Metro,280,450,909,38112.59,3.54,0.1752,6,-0.0361,0.1171,0.6741,0.1497,33,1
SLR001005,Mobiles & Accessories,Tier-1 Metro,423,307,1266,110624.57,4.01,0.1683,3,-0.1633,0.0006,0.5585,0.1364,2,0
SLR001006,Fashion,Tier-1 Metro,509,221,110,12664.19,3.67,0.2466,6,-0.3707,-0.0896,0.5821,0.1078,5,0
SLR001007,Mobiles & Accessories,Tier-2 City,112,618,409,26714.62,2.73,0.2708,8,-0.0651,-0.2253,0.3677,0.2664,37,0
SLR001008,Grocery,Tier-1 Metro,283,447,351,32334.43,3.7,0.147,6,0.1849,0.1197,0.745,0.1602,42,1
SLR001009,Electronics,Tier-2 City,233,497,2748,229125.52,3.94,0.2185,8,-0.2789,-0.087,0.5709,0.1939,9,0
SLR001010,Toys & Baby,Tier-2 City,533,197,52,5536.45,3.21,0.2088,7,-0.3867,-0.1265,0.9281,0.1915,5,1
SLR001011,Fashion,Tier-1 Metro,599,131,187,50649.23,3.96,0.2518,3,-0.1802,-0.0844,0.6794,0.1194,27,0
SLR001012,Electronics,Tier-2 City,536,194,96,10618.84,3.88,0.1966,4,-0.1609,-0.1422,0.3476,0.1514,86,1
SLR001013,Fashion,Tier-1 Metro,0,730,857,33525.75,3.83,0.2641,9,0.0901,-0.3053,0.6994,0.1578,125,1
SLR001014,Sports & Fitness,Tier-3 Town,539,191,30,4854.73,2.69,0.3079,8,-0.429,-0.2758,0.3272,0.3792,9,1
SLR001015,Beauty & Personal Care,Tier-1 Metro,545,185,363,45687.35,3.5,0.1243,5,-0.2814,0.1219,0.5803,0.1218,12,0
SLR001016,Toys & Baby,Tier-1 Metro,431,299,1013,44637.77,4.01,0.1417,4,0.481,-0.0232,0.7274,0.1916,0,0
SLR001017,Sports & Fitness,Tier-3 Town,689,41,3,1869.38,3.71,0.2331,4,-0.2104,-0.1864,0.9069,0.239,1,0
SLR001018,Home & Kitchen,Tier-1 Metro,247,483,786,41921.38,3.04,0.2501,1,-0.6126,-0.1649,0.5615,0.3401,22,1
SLR001019,Home & Kitchen,Tier-2 City,0,730,2006,77821.58,3.18,0.2151,10,0.0059,-0.3036,0.5012,0.228,45,1
SLR001020,Mobiles & Accessories,Tier-1 Metro,491,239,470,26884.11,4.35,0.1562,1,0.0479,0.2279,0.7525,0.1452,13,0
SLR001021,Sports & Fitness,Tier-2 City,0,730,1512,25289.6,4.48,0.1872,6,0.0319,-0.1107,0.8239,0.0645,0,0
SLR001022,Grocery,Tier-1 Metro,532,198,266,31692.85,4.17,0.0968,5,0.1543,-0.117,0.8031,0.1251,0,0
SLR001023,Sports & Fitness,Tier-3 Town,173,557,71,5159.89,4.28,0.2153,6,-0.0325,-0.0993,0.7224,0.321,13,0
SLR001024,Beauty & Personal Care,Tier-2 City,36,694,1055,33574.86,3.53,0.1744,9,-0.434,-0.1702,0.5034,0.1451,18,0
SLR001025,Toys & Baby,Tier-1 Metro,633,97,129,39752.99,3.2,0.1644,6,-0.3972,0.271,0.7842,0.1225,23,1
SLR001026,Fashion,Tier-3 Town,158,572,1418,95709.23,2.89,0.3504,11,-0.1299,-0.4504,0.536,0.2561,31,0
SLR001027,Beauty & Personal Care,Tier-1 Metro,324,406,64,1662.9,4.22,0.1128,4,-0.3045,0.0382,0.4312,0.1018,12,0
SLR001028,Electronics,Tier-1 Metro,0,730,1074,59231.6,4.09,0.1955,10,-0.7858,-0.3517,0.318,0.1573,19,1
SLR001029,Mobiles & Accessories,Tier-2 City,0,730,853,22763.96,4.17,0.2118,5,0.4031,0.0127,0.6137,0.0726,0,0
SLR001030,Mobiles & Accessories,Tier-2 City,387,343,93,6937.71,4.22,0.2169,0,-0.2164,-0.3372,0.8651,0.1389,34,0
SLR001031,Fashion,Tier-1 Metro,188,542,607,40786.09,3.56,0.2853,5,0.3554,0.0001,0.3489,0.1487,5,0
SLR001032,Fashion,Tier-2 City,232,498,819,49360.56,3.13,0.2773,13,-0.4731,-0.2548,0.6329,0.2851,41,1
SLR001033,Toys & Baby,Tier-2 City,236,494,130,3761.75,4.06,0.1688,4,-0.3328,0.2198,0.7254,0.2254,44,1
SLR001034,Home & Kitchen,Tier-2 City,375,355,481,26023.66,3.75,0.2211,6,-0.0531,-0.2664,0.6866,0.177,9,0
SLR001035,Sports & Fitness,Tier-2 City,156,574,2304,98829.9,3.24,0.18,8,0.475,-0.1421,0.8304,0.0584,0,0
SLR001036,Fashion,Tier-1 Metro,324,406,572,52570.74,4.29,0.176,4,0.2577,-0.1749,0.9351,0.0545,35,0
SLR001037,Beauty & Personal Care,Tier-1 Metro,698,32,61,22988.51,3.97,0.1461,6,-0.4954,-0.0271,0.6756,0.1699,32,1
SLR001038,Toys & Baby,Tier-1 Metro,372,358,502,43923.87,3.76,0.1552,4,-0.2229,-0.0686,0.509,0.2122,24,1
SLR001039,Home & Kitchen,Tier-2 City,376,354,656,52221.2,3.08,0.1839,6,-0.4677,-0.3133,0.5325,0.1883,5,1
SLR001040,Home & Kitchen,Tier-2 City,514,216,113,15932.43,3.51,0.2137,4,-0.2581,0.0689,0.5476,0.1292,0,0
SLR001041,Beauty & Personal Care,Tier-1 Metro,576,154,132,22510.04,2.89,0.1498,10,-0.392,-0.4551,0.0921,0.2986,85,1
SLR001042,Electronics,Tier-2 City,0,730,701,33914.09,2.75,0.2243,8,-0.3483,-0.4166,0.7207,0.2086,36,1
SLR001043,Sports & Fitness,Tier-1 Metro,720,10,53,30184.7,4.43,0.164,4,-0.0087,-0.3217,0.5465,0.2186,10,1
SLR001044,Beauty & Personal Care,Tier-1 Metro,560,170,51,4221.39,2.92,0.1322,8,-0.1176,-0.1227,0.5887,0.1965,134,1
SLR001045,Grocery,Tier-1 Metro,631,99,80,29693.98,3.62,0.1532,12,-0.5152,0.0045,0.4783,0.1787,38,1
SLR001046,Mobiles & Accessories,Tier-1 Metro,225,505,309,15972.83,3.66,0.1902,4,-0.0044,-0.2072,0.6745,0.1612,25,0
SLR001047,Electronics,Tier-2 City,229,501,1963,111750.03,3.75,0.1609,4,0.0231,0.163,0.6402,0.0709,5,0
SLR001048,Sports & Fitness,Tier-2 City,94,636,1670,63978.29,4.35,0.1623,5,-0.3677,-0.2186,0.6079,0.1717,18,1
SLR001049,Toys & Baby,Tier-2 City,0,730,702,35225.63,3.36,0.2345,7,-0.2437,0.0684,0.4197,0.1739,34,1
SLR001050,Electronics,Tier-1 Metro,393,337,271,13459.01,3.46,0.1711,7,-0.0683,-0.13,0.541,0.1602,78,1
SLR001051,Electronics,Tier-2 City,663,67,36,13157.42,3.01,0.257,3,-0.2305,-0.3014,0.3866,0.2318,12,1
SLR001052,Grocery,Tier-2 City,422,308,736,56176.03,4.46,0.122,5,0.1532,-0.0595,1.0,0.1402,0,0
SLR001053,Mobiles & Accessories,Tier-3 Town,428,302,487,45325.68,4.82,0.2702,3,-0.4718,-0.0116,0.5664,0.1692,0,0
SLR001054,Grocery,Tier-1 Metro,605,125,137,45747.37,4.65,0.0869,5,0.2924,-0.1552,0.6547,0.0875,38,0
SLR001055,Beauty & Personal Care,Tier-2 City,502,228,36,4775.06,3.55,0.1509,11,-0.242,0.1397,0.8869,0.1214,19,0
SLR001056,Grocery,Tier-3 Town,196,534,914,68983.57,3.95,0.2139,5,0.4753,-0.0964,0.7612,0.209,0,0
SLR001057,Toys & Baby,Tier-1 Metro,667,63,77,18690.65,3.83,0.1358,6,0.1629,-0.003,0.5281,0.1372,42,1
SLR001058,Toys & Baby,Tier-2 City,90,640,1270,50984.62,5.0,0.1375,5,0.1546,0.0199,0.8847,0.1064,17,0
SLR001059,Grocery,Tier-1 Metro,484,246,479,58976.7,3.77,0.1286,7,0.0565,0.045,0.5445,0.1598,29,1
SLR001060,Fashion,Tier-1 Metro,619,111,447,153215.56,3.77,0.2774,10,0.0351,0.0861,0.6353,0.154,16,0
SLR001061,Beauty & Personal Care,Tier-1 Metro,215,515,2388,115569.1,4.73,0.0897,3,-0.0096,0.4461,0.6767,0.0014,0,0
SLR001062,Beauty & Personal Care,Tier-1 Metro,455,275,1004,116753.07,3.81,0.1389,5,-0.266,-0.2368,0.6363,0.161,5,1
SLR001063,Electronics,Tier-1 Metro,15,715,1632,64206.03,3.81,0.1357,4,-0.3995,-0.0767,0.4531,0.0101,34,1
SLR001064,Beauty & Personal Care,Tier-1 Metro,587,143,113,10895.31,3.33,0.124,3,-0.0949,-0.1333,0.6325,0.1324,5,1
SLR001065,Beauty & Personal Care,Tier-3 Town,229,501,402,18381.46,3.18,0.2155,14,0.0922,-0.3962,0.7357,0.3214,20,1
SLR001066,Toys & Baby,Tier-1 Metro,276,454,207,18304.99,3.37,0.1406,7,-0.0865,-0.3544,0.7404,0.1346,50,1
SLR001067,Mobiles & Accessories,Tier-2 City,188,542,2253,109759.8,3.31,0.2773,5,-0.5435,-0.2272,0.5697,0.2061,40,1
SLR001068,Sports & Fitness,Tier-1 Metro,635,95,125,39880.7,3.56,0.1584,4,-0.21,-0.317,0.5014,0.205,0,0
SLR001069,Grocery,Tier-2 City,523,207,227,35186.38,3.7,0.131,11,0.1728,0.0972,0.6645,0.2579,77,1
SLR001070,Grocery,Tier-2 City,533,197,198,28980.34,3.97,0.1779,9,-0.4188,-0.3123,0.4921,0.153,21,1
SLR001071,Home & Kitchen,Tier-2 City,463,267,405,43884.83,4.46,0.1828,3,0.2136,-0.0816,0.5983,0.1161,7,0
SLR001072,Grocery,Tier-3 Town,444,286,163,18276.04,2.53,0.2392,9,-0.3301,-0.2394,0.4924,0.1969,33,1
SLR001073,Home & Kitchen,Tier-2 City,554,176,335,50145.69,3.99,0.1942,3,0.525,-0.1306,0.6966,0.1776,46,1
SLR001074,Beauty & Personal Care,Tier-1 Metro,233,497,450,21453.81,3.2,0.1277,8,-0.0416,-0.1477,0.6213,0.1719,3,0
SLR001075,Electronics,Tier-3 Town,590,140,708,150462.71,3.73,0.2815,6,-0.0533,-0.1371,0.618,0.1513,12,1
SLR001076,Beauty & Personal Care,Tier-1 Metro,274,456,639,50596.57,3.14,0.1398,5,-0.2591,0.0305,0.4178,0.13,69,1
SLR001077,Mobiles & Accessories,Tier-2 City,0,730,2197,83428.09,3.49,0.2255,6,-0.1479,-0.2752,0.7813,0.2578,5,1
SLR001078,Electronics,Tier-1 Metro,627,103,194,53171.24,5.0,0.1945,3,0.1369,0.1034,0.6142,0.0731,8,0
SLR001079,Sports & Fitness,Tier-3 Town,543,187,233,25510.86,3.34,0.2767,6,-0.2217,-0.0905,0.3121,0.3333,0,0
SLR001080,Mobiles & Accessories,Tier-3 Town,576,154,530,40010.41,3.29,0.2825,10,-0.1793,-0.1673,0.8429,0.1501,16,0
SLR001081,Mobiles & Accessories,Tier-3 Town,541,189,231,25017.44,4.57,0.2562,9,0.111,0.0164,0.839,0.1395,14,0
SLR001082,Sports & Fitness,Tier-2 City,473,257,278,39213.01,2.92,0.2168,6,0.1323,-0.1721,0.2939,0.28,46,1
SLR001083,Fashion,Tier-1 Metro,472,258,501,53856.55,3.95,0.2601,3,-0.3223,-0.0573,0.6371,0.132,41,0
SLR001084,Electronics,Tier-1 Metro,594,136,52,15613.16,3.76,0.143,3,0.3135,0.07,0.763,0.1614,51,1
SLR001085,Sports & Fitness,Tier-1 Metro,30,700,3223,71179.27,4.07,0.1401,6,0.0359,0.0413,0.4807,0.2139,19,0
SLR001086,Sports & Fitness,Tier-3 Town,453,277,468,62984.66,3.37,0.2899,9,-0.5197,0.0471,0.5532,0.2718,88,1
SLR001087,Grocery,Tier-1 Metro,437,293,352,14954.81,4.19,0.1021,6,-0.229,-0.1306,0.5712,0.1197,71,1
SLR001088,Fashion,Tier-2 City,582,148,535,132347.61,2.52,0.3136,9,-0.271,-0.2264,0.3582,0.1558,6,0
SLR001089,Sports & Fitness,Tier-2 City,192,538,225,7614.28,3.11,0.2246,7,-0.6488,-0.234,0.5969,0.3726,19,1
SLR001090,Electronics,Tier-2 City,378,352,958,34129.56,3.79,0.2326,8,0.2696,-0.004,0.6226,0.147,3,0
SLR001091,Beauty & Personal Care,Tier-2 City,100,630,1815,118229.84,3.47,0.1788,6,-0.0987,0.0173,0.6804,0.0567,9,0
SLR001092,Sports & Fitness,Tier-2 City,0,730,2891,128663.16,3.82,0.1378,1,0.1504,-0.0447,0.5125,0.0627,0,0
SLR001093,Electronics,Tier-1 Metro,282,448,594,42831.94,3.69,0.1509,3,0.3285,0.0795,0.6673,0.0996,0,0
SLR001094,Electronics,Tier-2 City,392,338,70,4740.7,3.31,0.2735,11,0.1951,0.0913,0.5807,0.2346,13,1
SLR001095,Toys & Baby,Tier-2 City,193,537,701,47806.43,3.91,0.2243,5,-0.095,-0.1013,0.5385,0.2255,0,0
SLR001096,Beauty & Personal Care,Tier-2 City,312,418,231,11427.29,3.53,0.1758,6,-0.327,-0.2382,0.5659,0.2356,38,1
SLR001097,Grocery,Tier-2 City,0,730,1187,21749.42,2.84,0.1858,14,-0.9771,-0.2416,0.6762,0.2102,14,1
SLR001098,Home & Kitchen,Tier-3 Town,547,183,138,28242.91,4.08,0.2208,6,-0.0353,0.0482,0.7518,0.2224,56,1
SLR001099,Beauty & Personal Care,Tier-2 City,526,204,167,17742.7,3.68,0.1729,5,-0.3563,-0.284,0.4138,0.1631,15,1
SLR001100,Sports & Fitness,Tier-1 Metro,627,103,58,15557.51,3.98,0.1101,6,0.1749,-0.0167,0.6691,0.1872,5,0
SLR001101,Toys & Baby,Tier-3 Town,656,74,197,86329.64,4.02,0.1655,3,0.5325,-0.0819,0.7295,0.1155,30,0
SLR001102,Home & Kitchen,Tier-2 City,283,447,161,3798.5,3.38,0.2635,10,-0.1751,-0.0515,0.4957,0.2632,55,1
SLR001103,Home & Kitchen,Tier-1 Metro,592,138,262,69982.23,3.14,0.1208,13,-0.2759,-0.2347,0.4531,0.1813,15,0
SLR001104,Sports & Fitness,Tier-1 Metro,318,412,273,26357.41,3.74,0.1575,5,-0.1859,-0.077,0.5821,0.0708,35,1
SLR001105,Grocery,Tier-3 Town,374,356,374,43647.67,3.12,0.1996,6,0.1574,0.1246,0.4556,0.2395,1,0
SLR001106,Home & Kitchen,Tier-1 Metro,0,730,1409,41447.64,4.08,0.1589,8,-0.1323,-0.2023,0.7264,0.0948,182,1
SLR001107,Sports & Fitness,Tier-3 Town,433,297,352,19982.68,3.91,0.2062,8,-0.3625,0.187,0.6978,0.2525,0,0
SLR001108,Electronics,Tier-2 City,63,667,562,21512.78,3.24,0.1824,4,-0.1463,0.0354,0.6563,0.1649,16,0
SLR001109,Electronics,Tier-1 Metro,374,356,200,13664.68,4.46,0.155,4,0.242,0.0987,0.7356,0.0714,6,0
SLR001110,Home & Kitchen,Tier-1 Metro,96,634,1843,35248.93,3.73,0.2047,5,-0.3916,-0.1668,0.5545,0.1707,0,0
SLR001111,Home & Kitchen,Tier-3 Town,407,323,192,12653.01,3.52,0.2605,9,-0.1338,-0.0101,0.8523,0.3038,15,0
SLR001112,Grocery,Tier-3 Town,656,74,96,20297.94,3.73,0.2382,14,-0.6084,-0.1859,0.4217,0.3121,10,1
SLR001113,Beauty & Personal Care,Tier-2 City,621,109,23,3842.6,2.89,0.1916,10,-0.2589,-0.114,0.6225,0.2845,34,1
SLR001114,Toys & Baby,Tier-1 Metro,422,308,1068,73843.48,4.27,0.1262,3,-0.3457,0.1307,0.5025,0.0861,45,0
SLR001115,Mobiles & Accessories,Tier-1 Metro,563,167,698,50454.46,3.77,0.1791,2,0.0825,0.0971,1.0,0.1428,5,0
SLR001116,Electronics,Tier-2 City,258,472,771,47562.49,4.13,0.152,5,0.0213,0.0221,0.5467,0.1066,9,0
SLR001117,Toys & Baby,Tier-1 Metro,330,400,738,68614.94,3.92,0.1563,11,-0.5034,-0.2381,0.6646,0.2057,24,1
SLR001118,Beauty & Personal Care,Tier-2 City,568,162,119,30594.72,3.24,0.1941,4,-0.14,-0.0785,0.3665,0.2694,15,1
SLR001119,Electronics,Tier-1 Metro,0,730,466,22767.94,4.04,0.1698,9,0.2635,0.2437,0.6271,0.0366,13,0
SLR001120,Electronics,Tier-1 Metro,459,271,462,49029.55,3.91,0.1615,3,-0.085,0.0227,0.7042,0.062,0,0
SLR001121,Grocery,Tier-2 City,122,608,1021,32912.5,4.12,0.1162,5,0.0508,0.0035,0.513,0.1189,33,0
SLR001122,Beauty & Personal Care,Tier-1 Metro,131,599,363,15596.45,4.25,0.1143,5,-0.329,0.0826,0.8104,0.0145,15,0
SLR001123,Grocery,Tier-3 Town,439,291,218,15225.05,3.62,0.2746,10,-0.3436,0.0143,0.6779,0.3647,6,0
SLR001124,Beauty & Personal Care,Tier-1 Metro,498,232,248,43356.77,3.42,0.1956,11,-0.1758,-0.2957,0.6027,0.0959,53,1
SLR001125,Grocery,Tier-3 Town,624,106,108,14449.31,3.32,0.2093,10,-0.0261,-0.0634,0.8348,0.2518,0,0
SLR001126,Grocery,Tier-1 Metro,214,516,601,48583.91,3.6,0.08,4,-0.3262,-0.2014,0.6111,0.116,5,1
SLR001127,Beauty & Personal Care,Tier-1 Metro,0,730,2795,96815.2,4.32,0.1211,3,0.0987,0.2662,0.6858,0.0599,15,0
SLR001128,Sports & Fitness,Tier-1 Metro,471,259,1009,157914.86,4.17,0.1557,2,-0.1279,-0.0284,0.5105,0.0786,9,0
SLR001129,Beauty & Personal Care,Tier-1 Metro,372,358,141,9306.78,3.11,0.0993,8,0.073,-0.034,0.5334,0.1704,18,0
SLR001130,Grocery,Tier-3 Town,0,730,864,40114.64,3.49,0.1621,3,-0.2995,0.0509,0.4189,0.1565,26,1
SLR001131,Mobiles & Accessories,Tier-1 Metro,360,370,388,14378.59,4.54,0.158,2,0.3123,-0.0089,0.7571,0.084,11,0
SLR001132,Beauty & Personal Care,Tier-1 Metro,421,309,903,117826.82,4.1,0.1276,8,-0.2769,-0.0992,0.6246,0.1978,0,0
SLR001133,Beauty & Personal Care,Tier-2 City,297,433,778,71655.04,3.66,0.2196,11,-0.2132,-0.4352,0.4433,0.2185,85,1
SLR001134,Mobiles & Accessories,Tier-1 Metro,0,730,1096,30647.3,3.52,0.175,9,0.145,-0.2361,0.6314,0.2346,23,0
SLR001135,Sports & Fitness,Tier-1 Metro,0,730,691,17733.56,3.09,0.1708,4,-0.2331,-0.1864,0.6242,0.1826,19,1
SLR001136,Beauty & Personal Care,Tier-3 Town,655,75,247,94491.06,3.78,0.2285,3,-0.0139,-0.2184,0.6422,0.2073,5,1
SLR001137,Electronics,Tier-2 City,243,487,370,23628.28,4.02,0.2238,8,0.0333,-0.069,0.6384,0.1633,31,1
SLR001138,Grocery,Tier-1 Metro,509,221,384,42336.77,4.25,0.0836,8,0.0623,-0.0708,0.6101,0.0208,0,0
SLR001139,Home & Kitchen,Tier-3 Town,385,345,417,26132.09,3.5,0.3141,6,-0.4126,-0.0241,0.6283,0.2633,15,0
SLR001140,Toys & Baby,Tier-2 City,4,726,2791,126404.39,3.5,0.1483,5,0.2861,0.0949,0.5766,0.1411,12,0
SLR001141,Beauty & Personal Care,Tier-1 Metro,519,211,787,75663.43,4.83,0.083,3,0.1741,0.0603,0.778,0.1129,27,0
SLR001142,Beauty & Personal Care,Tier-2 City,0,730,589,25396.19,4.79,0.1736,6,-0.1067,-0.161,0.6892,0.1143,0,0
SLR001143,Beauty & Personal Care,Tier-1 Metro,639,91,497,90068.9,4.55,0.0948,0,-0.3903,0.1922,0.8006,0.1064,6,0
SLR001144,Home & Kitchen,Tier-2 City,550,180,503,33942.44,4.26,0.1783,5,0.1311,-0.1643,0.7026,0.2191,0,0
SLR001145,Electronics,Tier-1 Metro,589,141,146,40654.58,3.43,0.1884,3,0.0278,-0.0884,0.674,0.22,135,1
SLR001146,Mobiles & Accessories,Tier-1 Metro,427,303,379,21728.12,3.17,0.2301,7,-0.3155,-0.042,0.7042,0.1862,9,0
SLR001147,Grocery,Tier-1 Metro,0,730,952,13712.96,3.77,0.0972,4,0.0443,0.496,0.6548,0.1482,6,0
SLR001148,Beauty & Personal Care,Tier-1 Metro,560,170,498,36233.05,3.74,0.1542,8,0.0604,-0.2281,0.5143,0.2318,40,1
SLR001149,Toys & Baby,Tier-3 Town,354,376,193,10208.04,3.22,0.2803,8,-0.2977,-0.2539,0.4189,0.2856,18,1
SLR001150,Toys & Baby,Tier-2 City,390,340,1222,50768.6,3.7,0.1732,4,0.4228,0.2286,0.7751,0.1778,0,0
SLR001151,Toys & Baby,Tier-2 City,405,325,491,51343.33,3.73,0.1716,4,0.3722,-0.1865,0.6149,0.1521,38,0
SLR001152,Mobiles & Accessories,Tier-2 City,586,144,407,106068.44,4.25,0.2696,4,0.0001,0.0173,0.7711,0.2402,10,0
SLR001153,Electronics,Tier-1 Metro,556,174,202,31436.09,4.13,0.1539,6,-0.2816,0.0282,0.7271,0.1474,18,1
SLR001154,Toys & Baby,Tier-2 City,245,485,1036,88859.51,3.7,0.2068,7,-0.3828,-0.2184,0.4824,0.3295,58,1
SLR001155,Home & Kitchen,Tier-2 City,241,489,160,10138.09,4.02,0.2208,10,-0.0473,-0.0186,0.7598,0.2378,15,0
SLR001156,Toys & Baby,Tier-2 City,529,201,313,46881.82,3.82,0.2119,11,0.1411,-0.033,0.705,0.2353,14,0
SLR001157,Beauty & Personal Care,Tier-1 Metro,521,209,141,14982.09,3.51,0.1575,7,-0.0679,-0.1443,0.6194,0.1198,3,0
SLR001158,Grocery,Tier-3 Town,506,224,336,32445.48,3.3,0.212,9,-0.1463,0.0747,0.4304,0.2872,1,0
SLR001159,Electronics,Tier-3 Town,372,358,255,7891.81,2.67,0.2758,8,-0.1529,-0.1517,0.4826,0.2358,46,1
SLR001160,Beauty & Personal Care,Tier-2 City,529,201,294,16171.8,4.0,0.154,6,-0.1781,-0.0984,0.72,0.1192,5,0
SLR001161,Grocery,Tier-1 Metro,0,730,1333,27453.08,4.45,0.0843,3,0.1193,0.155,0.7887,0.1269,1,0
SLR001162,Fashion,Tier-2 City,0,730,1741,89960.72,3.83,0.278,7,0.0271,-0.0268,0.7286,0.0584,11,0
SLR001163,Home & Kitchen,Tier-1 Metro,0,730,4705,202591.19,3.57,0.1829,5,-0.1862,0.0431,0.4092,0.1705,23,0
SLR001164,Electronics,Tier-1 Metro,269,461,455,25199.48,4.22,0.1938,4,0.3695,-0.0393,0.4929,0.1177,12,0
SLR001165,Fashion,Tier-1 Metro,495,235,442,62272.55,3.63,0.2639,7,-0.2647,-0.1544,0.677,0.1641,33,1
SLR001166,Home & Kitchen,Tier-3 Town,376,354,956,45858.57,4.2,0.2276,4,0.2973,-0.0708,0.9877,0.1639,56,1
SLR001167,Fashion,Tier-2 City,226,504,423,30366.81,2.82,0.3376,6,-0.514,-0.323,0.7586,0.2217,11,0
SLR001168,Mobiles & Accessories,Tier-1 Metro,304,426,96,7016.34,2.68,0.2311,15,-0.4665,-0.3491,0.5162,0.1885,46,1
SLR001169,Beauty & Personal Care,Tier-1 Metro,328,402,815,56871.47,3.71,0.1158,6,-0.1151,-0.1736,0.4442,0.0251,38,1
SLR001170,Fashion,Tier-1 Metro,574,156,157,26574.99,3.48,0.2967,7,-0.5872,-0.1818,0.6254,0.2359,127,1
SLR001171,Mobiles & Accessories,Tier-1 Metro,0,730,1200,51138.14,3.61,0.1919,5,-0.1334,-0.1453,0.6207,0.042,10,0
SLR001172,Fashion,Tier-1 Metro,516,214,462,49436.81,3.51,0.2661,7,-0.0097,-0.0914,0.4851,0.1921,11,0
SLR001173,Toys & Baby,Tier-1 Metro,592,138,180,44504.49,3.88,0.1559,2,0.3238,0.0193,0.5145,0.1929,22,1
SLR001174,Grocery,Tier-1 Metro,549,181,191,28185.31,4.66,0.0905,4,0.1554,-0.0016,0.4999,0.2356,22,0
SLR001175,Electronics,Tier-3 Town,0,730,963,25801.23,3.67,0.2862,14,0.216,-0.0722,0.7627,0.2702,0,0
SLR001176,Home & Kitchen,Tier-2 City,519,211,151,28516.98,4.05,0.1967,8,-0.4465,-0.0556,0.5075,0.1415,0,0
SLR001177,Sports & Fitness,Tier-3 Town,392,338,2123,165731.66,3.47,0.2263,12,-0.2222,-0.1614,0.5309,0.0957,45,1
SLR001178,Fashion,Tier-1 Metro,409,321,63,3939.96,3.46,0.314,14,-0.5507,-0.0711,0.4057,0.2643,5,1
SLR001179,Toys & Baby,Tier-2 City,492,238,345,48357.26,4.15,0.1823,6,0.0851,0.0004,0.7716,0.1662,13,0
SLR001180,Grocery,Tier-2 City,0,730,798,32040.23,3.37,0.1566,6,-0.3162,-0.0598,0.7403,0.1823,0,0
SLR001181,Grocery,Tier-3 Town,487,243,460,35369.3,3.17,0.2238,9,0.1381,0.1409,0.557,0.254,76,1
SLR001182,Fashion,Tier-1 Metro,569,161,139,36078.33,3.69,0.2674,10,-0.0424,0.2403,0.6881,0.1175,0,0
SLR001183,Beauty & Personal Care,Tier-3 Town,0,730,2552,66929.45,4.62,0.2029,4,0.4805,0.0533,0.6031,0.1893,6,0
SLR001184,Fashion,Tier-1 Metro,440,290,175,12959.43,4.33,0.2187,1,-0.1411,0.2189,0.6742,0.1511,19,0
SLR001185,Home & Kitchen,Tier-1 Metro,577,153,98,24506.97,3.36,0.1742,4,-0.46,-0.3486,0.4402,0.167,71,1
SLR001186,Fashion,Tier-1 Metro,583,147,99,28154.44,3.55,0.2786,12,-0.1231,-0.1395,0.6544,0.1731,1,0
SLR001187,Home & Kitchen,Tier-1 Metro,495,235,115,14401.35,3.22,0.2322,9,-0.1677,-0.3725,0.4015,0.2647,31,1
SLR001188,Grocery,Tier-2 City,585,145,509,59585.47,3.96,0.1158,2,0.2295,-0.1649,0.6881,0.0843,48,1
SLR001189,Beauty & Personal Care,Tier-1 Metro,667,63,71,24203.78,3.89,0.1662,13,-0.1981,0.0698,0.5268,0.1271,10,1
SLR001190,Mobiles & Accessories,Tier-2 City,67,663,2087,129386.18,3.69,0.2005,3,-0.0991,0.1456,0.5203,0.0684,0,0
SLR001191,Fashion,Tier-1 Metro,327,403,184,14707.09,3.44,0.265,6,-0.0504,0.0061,0.5711,0.1068,5,1
SLR001192,Electronics,Tier-2 City,511,219,335,22514.85,3.69,0.1844,5,0.1032,-0.1138,0.5527,0.2205,2,0
SLR001193,Toys & Baby,Tier-3 Town,556,174,186,37156.91,3.54,0.2276,4,0.1687,-0.4867,0.6795,0.287,32,1
SLR001194,Beauty & Personal Care,Tier-2 City,481,249,290,27201.22,3.93,0.2109,8,0.361,-0.2999,0.634,0.158,51,1
SLR001195,Home & Kitchen,Tier-2 City,334,396,377,17957.65,3.48,0.2016,5,-0.327,-0.193,0.672,0.2031,12,0
SLR001196,Sports & Fitness,Tier-2 City,556,174,114,12600.77,3.89,0.1933,10,-0.5392,-0.0113,0.7958,0.131,9,0
SLR001197,Sports & Fitness,Tier-3 Town,625,105,330,109613.04,4.03,0.197,3,-0.0573,-0.1956,0.6278,0.2335,0,0
SLR001198,Mobiles & Accessories,Tier-2 City,243,487,308,24664.76,4.31,0.2846,5,-0.726,-0.4496,0.7688,0.2253,4,0
SLR001199,Mobiles & Accessories,Tier-1 Metro,0,730,2256,50146.87,3.45,0.1835,6,-0.1521,0.0613,1.0,0.188,13,0
SLR001200,Toys & Baby,Tier-3 Town,252,478,554,41593.6,3.3,0.249,6,-0.5346,-0.127,0.4521,0.3289,45,1
SLR001201,Beauty & Personal Care,Tier-3 Town,685,45,90,78269.84,3.54,0.2566,13,0.4566,-0.0098,0.4646,0.3108,11,0
SLR001202,Beauty & Personal Care,Tier-1 Metro,586,144,194,26162.36,3.49,0.1436,4,0.0538,-0.2145,0.5758,0.1803,76,1
SLR001203,Beauty & Personal Care,Tier-1 Metro,566,164,62,8544.48,3.44,0.1778,8,-0.2165,-0.2105,0.4448,0.3334,69,1
SLR001204,Electronics,Tier-1 Metro,343,387,463,40057.7,3.56,0.1593,7,-0.1363,-0.3096,0.7083,0.187,44,1
SLR001205,Beauty & Personal Care,Tier-1 Metro,103,627,792,45320.88,4.23,0.1457,5,-0.1126,-0.4451,0.4497,0.1055,20,0
SLR001206,Electronics,Tier-2 City,0,730,552,14192.09,3.34,0.2454,10,-0.7308,-0.0955,0.4303,0.2886,29,1
SLR001207,Grocery,Tier-2 City,536,194,248,23583.09,3.88,0.1641,9,0.3903,0.1003,0.7541,0.1328,0,0
SLR001208,Mobiles & Accessories,Tier-3 Town,422,308,58,7679.51,3.92,0.2985,7,0.1596,-0.1899,0.78,0.2992,11,0
SLR001209,Mobiles & Accessories,Tier-2 City,333,397,1676,79184.63,3.94,0.21,5,-0.2364,0.0667,0.6326,0.1464,9,0
SLR001210,Sports & Fitness,Tier-1 Metro,596,134,82,24756.99,4.23,0.1569,5,-0.1504,0.2414,1.0,0.0955,6,0
SLR001211,Mobiles & Accessories,Tier-1 Metro,0,730,1154,49608.93,3.81,0.1634,4,0.0609,-0.0208,0.7477,0.0612,9,0
SLR001212,Sports & Fitness,Tier-3 Town,351,379,643,56788.12,3.44,0.2523,7,-0.3926,-0.3365,0.5143,0.202,23,1
SLR001213,Home & Kitchen,Tier-2 City,426,304,97,4135.47,4.29,0.1569,2,0.134,-0.0385,0.9048,0.139,28,0
SLR001214,Electronics,Tier-2 City,446,284,604,40182.09,3.75,0.2273,7,-0.187,0.0163,0.7913,0.2212,0,0
SLR001215,Toys & Baby,Tier-1 Metro,413,317,115,6331.24,4.29,0.1319,4,0.0408,-0.0141,0.6283,0.0844,2,0
SLR001216,Toys & Baby,Tier-2 City,208,522,126,4037.48,3.93,0.1772,5,-0.0684,0.0694,0.5667,0.0532,0,0
SLR001217,Sports & Fitness,Tier-2 City,0,730,448,11370.02,3.31,0.2163,6,-0.766,-0.1934,0.5289,0.3127,9,1
SLR001218,Electronics,Tier-1 Metro,609,121,229,71874.97,4.48,0.1605,3,-0.0915,0.1639,0.6979,0.1352,13,0
SLR001219,Electronics,Tier-1 Metro,1,729,258,7552.29,3.27,0.1968,8,-0.4784,-0.2917,0.4196,0.1504,58,1
SLR001220,Mobiles & Accessories,Tier-2 City,388,342,993,67206.23,3.3,0.2504,8,-0.2439,-0.299,0.376,0.1543,25,0
SLR001221,Toys & Baby,Tier-1 Metro,524,206,207,33222.79,3.45,0.1473,2,0.0035,-0.1302,0.734,0.0743,20,0
SLR001222,Fashion,Tier-1 Metro,532,198,401,64361.13,4.14,0.22,8,0.0253,0.3323,0.8884,0.0772,2,0
SLR001223,Mobiles & Accessories,Tier-1 Metro,445,285,107,14449.16,3.13,0.2098,5,-0.1218,-0.2353,0.341,0.211,38,0
SLR001224,Fashion,Tier-1 Metro,0,730,2087,53400.61,2.72,0.2634,7,0.2777,0.1173,0.7054,0.1502,15,1
SLR001225,Electronics,Tier-1 Metro,6,724,919,41856.06,3.08,0.1797,4,-0.0821,-0.003,0.6386,0.2153,27,0
SLR001226,Electronics,Tier-3 Town,429,301,171,18464.82,4.12,0.2517,6,-0.2412,-0.2704,0.3434,0.2718,0,0
SLR001227,Sports & Fitness,Tier-3 Town,252,478,742,19937.85,3.07,0.2631,9,-0.7819,-0.0661,0.478,0.3195,32,1
SLR001228,Fashion,Tier-3 Town,594,136,386,43687.1,3.48,0.3736,11,0.0487,-0.3463,0.5587,0.2159,75,1
SLR001229,Beauty & Personal Care,Tier-3 Town,678,52,114,73786.96,3.82,0.2143,5,-0.0404,-0.1492,0.524,0.249,52,1
SLR001230,Beauty & Personal Care,Tier-3 Town,412,318,1177,143167.34,3.39,0.2778,9,0.007,-0.4464,0.3364,0.3379,17,1
SLR001231,Electronics,Tier-2 City,423,307,842,114258.21,3.43,0.228,10,-0.377,-0.2358,0.6451,0.1688,154,1
SLR001232,Home & Kitchen,Tier-2 City,533,197,386,53430.92,4.1,0.1992,6,0.2766,0.0078,0.4203,0.1371,40,1
SLR001233,Beauty & Personal Care,Tier-3 Town,103,627,438,21661.98,4.19,0.2206,9,-0.5567,-0.13,0.414,0.1624,12,0
SLR001234,Home & Kitchen,Tier-1 Metro,459,271,231,30644.18,3.3,0.1944,12,-0.1469,-0.1313,0.3581,0.2117,36,1
SLR001235,Fashion,Tier-2 City,0,730,725,21690.9,3.97,0.2543,4,0.05,0.2251,0.7526,0.0747,23,0
SLR001236,Sports & Fitness,Tier-1 Metro,212,518,181,7824.73,3.32,0.1519,8,0.2185,-0.1967,0.3911,0.2262,29,1
SLR001237,Beauty & Personal Care,Tier-2 City,286,444,399,14488.76,3.83,0.2059,8,-0.2092,-0.3449,0.3935,0.297,15,1
SLR001238,Home & Kitchen,Tier-2 City,345,385,972,105570.08,5.0,0.1448,5,-0.0154,0.1602,0.5701,0.129,0,0
SLR001239,Fashion,Tier-1 Metro,122,608,172,3910.09,3.34,0.2776,7,-0.503,-0.2207,0.3995,0.2123,65,1
SLR001240,Toys & Baby,Tier-1 Metro,422,308,776,100696.27,3.1,0.1432,8,-0.2394,-0.0113,0.3804,0.1021,27,0
SLR001241,Beauty & Personal Care,Tier-2 City,343,387,743,65009.88,3.62,0.1484,5,0.3015,0.0824,0.62,0.1253,0,0
SLR001242,Sports & Fitness,Tier-2 City,403,327,267,23590.45,3.64,0.1973,7,-0.5124,-0.2969,0.4288,0.2636,19,1
SLR001243,Mobiles & Accessories,Tier-2 City,238,492,97,4746.79,3.68,0.238,1,0.0328,0.0711,0.4508,0.1789,15,0
SLR001244,Mobiles & Accessories,Tier-2 City,158,572,947,28900.84,4.19,0.2582,13,-0.0979,-0.0908,0.4389,0.2929,86,1
SLR001245,Toys & Baby,Tier-2 City,9,721,1181,20973.77,3.95,0.1499,5,-0.5223,-0.1255,0.7271,0.1158,15,0
SLR001246,Sports & Fitness,Tier-1 Metro,631,99,258,106792.2,3.62,0.1043,3,-0.0905,0.1285,0.5866,0.0439,20,0
SLR001247,Fashion,Tier-2 City,507,223,264,41521.05,3.38,0.3304,8,0.0495,-0.1245,0.4671,0.2737,0,0
SLR001248,Mobiles & Accessories,Tier-1 Metro,230,500,872,22870.35,3.06,0.2187,12,-0.4099,-0.5104,0.545,0.2383,48,1
SLR001249,Electronics,Tier-1 Metro,521,209,383,75687.71,3.75,0.1554,5,-0.392,-0.0666,0.5256,0.1258,2,0
SLR001250,Toys & Baby,Tier-2 City,108,622,1869,76919.69,2.71,0.2115,7,-0.2511,-0.2778,0.4566,0.3362,31,1
SLR001251,Mobiles & Accessories,Tier-2 City,381,349,86,10324.57,3.44,0.2682,4,-0.3626,0.0499,0.5628,0.1537,4,0
SLR001252,Fashion,Tier-1 Metro,149,581,729,22720.82,3.37,0.2355,15,-0.222,-0.3152,0.7405,0.1465,18,1
SLR001253,Toys & Baby,Tier-3 Town,174,556,709,24795.24,2.42,0.2742,10,-0.4804,-0.5494,0.5367,0.3128,40,1
SLR001254,Grocery,Tier-1 Metro,319,411,1965,107621.1,3.82,0.0879,3,0.33,-0.0375,0.7595,0.1724,4,0
SLR001255,Beauty & Personal Care,Tier-1 Metro,363,367,799,61552.67,4.11,0.1007,6,0.1039,-0.2871,0.848,0.1384,12,1
SLR001256,Sports & Fitness,Tier-2 City,629,101,27,3418.46,3.41,0.2359,11,0.1122,-0.217,0.369,0.3234,9,0
SLR001257,Fashion,Tier-1 Metro,248,482,162,10661.37,2.89,0.2925,10,-0.2875,-0.4173,0.5308,0.2415,0,0
SLR001258,Mobiles & Accessories,Tier-1 Metro,259,471,1488,52513.74,3.95,0.1823,5,0.1218,-0.0077,0.6515,0.064,1,0
SLR001259,Grocery,Tier-1 Metro,553,177,130,18573.21,3.55,0.142,7,0.317,-0.1214,0.5401,0.113,0,0
SLR001260,Grocery,Tier-1 Metro,0,730,4650,125134.34,3.81,0.0877,4,0.2246,-0.0257,0.7187,0.1047,7,0
SLR001261,Sports & Fitness,Tier-2 City,285,445,2715,168357.59,3.77,0.1193,0,0.2912,0.3404,0.6188,0.208,0,0
SLR001262,Toys & Baby,Tier-1 Metro,445,285,674,71275.31,4.49,0.1161,8,0.1606,0.314,0.8094,0.1217,1,0
SLR001263,Beauty & Personal Care,Tier-3 Town,511,219,642,75127.96,4.29,0.1896,12,0.1488,-0.1364,0.7033,0.1471,28,0
SLR001264,Home & Kitchen,Tier-1 Metro,264,466,175,13296.15,3.45,0.1871,4,-0.4927,-0.047,0.7642,0.2208,65,1
SLR001265,Home & Kitchen,Tier-2 City,640,90,29,13307.74,2.77,0.2914,6,-0.4377,-0.2298,0.3992,0.2886,42,1
SLR001266,Home & Kitchen,Tier-1 Metro,215,515,1072,64400.01,4.0,0.1353,5,0.114,-0.0269,0.6762,0.173,4,0
SLR001267,Grocery,Tier-1 Metro,451,279,380,42442.05,3.97,0.0791,5,0.3501,-0.3672,0.7676,0.1188,4,0
SLR001268,Electronics,Tier-3 Town,612,118,182,40903.05,3.48,0.2668,6,-0.0341,-0.2045,0.5614,0.1984,6,0
SLR001269,Grocery,Tier-3 Town,368,362,390,27446.36,3.94,0.2002,6,-0.2203,0.0982,0.786,0.2111,5,0
SLR001270,Mobiles & Accessories,Tier-1 Metro,570,160,428,57430.81,4.14,0.1664,3,-0.3644,0.0949,0.8522,0.2077,7,0
SLR001271,Home & Kitchen,Tier-2 City,582,148,174,28186.22,2.9,0.2241,6,-0.2536,-0.2029,0.775,0.2593,24,1
SLR001272,Mobiles & Accessories,Tier-3 Town,463,267,234,31643.66,3.64,0.3186,9,0.0459,-0.289,0.5176,0.2113,4,0
SLR001273,Fashion,Tier-1 Metro,89,641,161,4010.87,3.48,0.2789,4,-0.2908,-0.2477,0.7275,0.1487,118,1
SLR001274,Home & Kitchen,Tier-1 Metro,0,730,491,27306.24,3.45,0.1683,5,0.1094,-0.1167,0.6499,0.1451,3,0
SLR001275,Beauty & Personal Care,Tier-1 Metro,0,730,1134,54586.29,4.07,0.1479,3,-0.093,0.3578,0.6709,0.1261,81,1
SLR001276,Toys & Baby,Tier-3 Town,628,102,241,32782.24,4.29,0.2155,5,-0.0159,0.0316,0.5218,0.1589,57,1
SLR001277,Fashion,Tier-2 City,469,261,160,8824.61,3.4,0.2988,5,-0.3539,-0.1387,0.7979,0.0957,5,1
SLR001278,Electronics,Tier-3 Town,334,396,65,4276.61,3.28,0.3108,9,0.2127,-0.0982,0.4044,0.2912,5,1
SLR001279,Mobiles & Accessories,Tier-2 City,395,335,657,39270.76,3.57,0.1824,3,0.21,0.1888,0.591,0.0988,20,1
SLR001280,Fashion,Tier-2 City,626,104,102,21856.74,3.4,0.3081,6,-0.1427,-0.0699,0.6095,0.131,1,0
SLR001281,Toys & Baby,Tier-3 Town,442,288,610,39872.41,3.47,0.247,9,-0.1914,-0.0163,0.8476,0.2826,18,0
SLR001282,Fashion,Tier-2 City,529,201,105,18237.68,3.4,0.315,17,-0.0917,-0.3082,0.729,0.2514,59,1
SLR001283,Electronics,Tier-1 Metro,0,730,1687,61422.28,4.44,0.1497,4,0.0278,0.2001,0.8974,0.083,6,0
SLR001284,Toys & Baby,Tier-3 Town,447,283,370,28622.44,2.88,0.2649,10,-0.0926,-0.0042,0.6212,0.3208,23,1
SLR001285,Mobiles & Accessories,Tier-3 Town,194,536,1449,36050.57,2.38,0.3176,11,-0.5392,-0.4565,0.5782,0.4163,14,1
SLR001286,Electronics,Tier-3 Town,230,500,463,31490.26,3.26,0.2419,11,0.0879,-0.2292,0.6197,0.2985,11,1
SLR001287,Grocery,Tier-1 Metro,229,501,311,13832.98,3.83,0.127,4,-0.1201,0.0075,0.4279,0.184,40,1
SLR001288,Electronics,Tier-2 City,335,395,640,50669.72,3.79,0.187,7,-0.2452,0.065,0.6666,0.2589,14,0
SLR001289,Fashion,Tier-1 Metro,257,473,1225,56015.4,3.74,0.2529,11,-0.3294,-0.1586,0.3759,0.1344,50,1
SLR001290,Beauty & Personal Care,Tier-2 City,205,525,290,10382.8,3.74,0.1519,9,-0.4558,-0.1976,0.7512,0.1854,4,0
SLR001291,Grocery,Tier-2 City,561,169,249,44419.84,4.14,0.0634,5,0.578,0.1703,0.5828,0.0648,10,0
SLR001292,Electronics,Tier-3 Town,457,273,400,22108.25,4.39,0.2775,6,-0.4032,-0.1396,0.6159,0.1945,29,0
SLR001293,Mobiles & Accessories,Tier-2 City,609,121,203,52560.41,3.36,0.2521,8,-0.1152,-0.2196,0.5066,0.3308,39,1
SLR001294,Mobiles & Accessories,Tier-1 Metro,554,176,40,8642.5,3.68,0.2385,10,-0.1175,-0.2491,0.6326,0.1743,27,1
SLR001295,Sports & Fitness,Tier-1 Metro,134,596,309,13503.9,4.4,0.1679,1,-0.2494,0.0889,0.5936,0.1289,0,0
SLR001296,Toys & Baby,Tier-2 City,517,213,866,113664.11,3.21,0.1867,7,-0.1356,-0.1765,0.4417,0.1844,62,1
SLR001297,Beauty & Personal Care,Tier-3 Town,463,267,285,16549.33,3.24,0.2448,12,-0.1761,0.0455,0.4836,0.26,22,1
SLR001298,Beauty & Personal Care,Tier-2 City,338,392,911,65426.95,3.94,0.1946,11,0.1411,-0.0235,0.432,0.2061,0,0
SLR001299,Fashion,Tier-2 City,509,221,204,13999.68,3.02,0.3242,12,-0.8388,-0.1049,0.6976,0.1816,13,0
SLR001300,Toys & Baby,Tier-1 Metro,494,236,242,35293.96,3.62,0.1209,4,-0.3818,-0.0533,0.5704,0.1292,45,1
SLR001301,Mobiles & Accessories,Tier-1 Metro,529,201,393,57766.06,4.18,0.1767,4,-0.3752,0.1266,0.8646,0.0,54,1
SLR001302,Electronics,Tier-3 Town,232,498,1874,155611.82,3.52,0.283,9,-0.6865,-0.2216,0.3647,0.2338,10,0
SLR001303,Electronics,Tier-1 Metro,632,98,199,66729.43,3.83,0.2072,5,-0.1513,-0.4227,0.6732,0.1808,69,1
SLR001304,Sports & Fitness,Tier-2 City,229,501,470,26312.39,3.17,0.2144,10,0.1125,-0.3108,0.469,0.3242,10,1
SLR001305,Grocery,Tier-3 Town,124,606,1470,30435.98,4.15,0.2058,7,-0.0288,-0.0309,0.6657,0.1634,6,0
SLR001306,Home & Kitchen,Tier-1 Metro,686,44,154,67696.25,3.95,0.1288,4,-0.2539,-0.0019,0.5996,0.0414,7,0
SLR001307,Fashion,Tier-2 City,83,647,1676,42884.62,3.61,0.2993,8,0.0211,0.0625,0.7476,0.1662,70,1
SLR001308,Sports & Fitness,Tier-1 Metro,610,120,103,16269.24,3.45,0.1354,3,-0.2104,-0.005,0.6418,0.0192,15,0
SLR001309,Beauty & Personal Care,Tier-3 Town,285,445,956,77383.48,3.96,0.195,8,0.2665,-0.2143,0.4251,0.2907,114,1
SLR001310,Toys & Baby,Tier-1 Metro,389,341,98,3411.68,4.03,0.176,6,-0.2751,-0.1846,0.6771,0.1793,15,1
SLR001311,Toys & Baby,Tier-1 Metro,366,364,661,51066.52,3.1,0.1689,7,-0.2843,0.0883,0.4319,0.1764,0,0
SLR001312,Home & Kitchen,Tier-1 Metro,303,427,449,40495.68,3.5,0.1175,3,0.155,-0.1438,0.6619,0.2168,1,0
SLR001313,Sports & Fitness,Tier-1 Metro,265,465,457,12929.51,3.78,0.1659,10,-0.6517,-0.0736,0.5676,0.1341,12,1
SLR001314,Beauty & Personal Care,Tier-2 City,487,243,409,23592.4,4.57,0.1118,4,-0.129,-0.2068,0.7107,0.0913,12,0
SLR001315,Home & Kitchen,Tier-1 Metro,390,340,362,21513.67,4.08,0.1643,4,-0.3107,-0.3459,0.7233,0.156,2,0
SLR001316,Electronics,Tier-3 Town,145,585,389,20635.81,3.88,0.2442,6,-0.2274,-0.1843,0.5267,0.1922,5,0
SLR001317,Toys & Baby,Tier-1 Metro,336,394,827,79986.94,4.01,0.0784,1,0.3348,0.1441,0.8335,0.0,13,0
SLR001318,Sports & Fitness,Tier-1 Metro,403,327,127,11364.78,3.53,0.1707,9,-0.3562,-0.242,0.6614,0.1194,17,0
SLR001319,Fashion,Tier-1 Metro,415,315,461,18973.98,3.95,0.2285,5,0.0744,-0.1322,0.7262,0.1652,56,1
SLR001320,Electronics,Tier-1 Metro,195,535,1162,83097.16,2.45,0.2127,9,-0.2584,-0.3844,0.5452,0.2502,54,1
SLR001321,Mobiles & Accessories,Tier-1 Metro,702,28,25,16679.73,4.56,0.168,8,0.0548,-0.2369,0.9084,0.1476,0,0
SLR001322,Home & Kitchen,Tier-2 City,0,730,1576,61716.3,2.61,0.2294,8,-0.3683,0.0292,0.5539,0.2921,5,1
SLR001323,Electronics,Tier-2 City,435,295,154,16793.67,3.69,0.1798,2,-0.2972,0.0228,0.9099,0.1356,16,0
SLR001324,Electronics,Tier-2 City,422,308,247,21368.11,3.77,0.2102,6,0.0311,-0.0956,0.4157,0.2015,44,1
SLR001325,Sports & Fitness,Tier-1 Metro,313,417,817,50681.98,4.27,0.1214,3,0.154,0.0174,0.6218,0.0639,25,0
SLR001326,Beauty & Personal Care,Tier-3 Town,655,75,56,16209.06,3.57,0.1692,6,-0.0086,-0.258,0.4362,0.1707,39,0
SLR001327,Beauty & Personal Care,Tier-2 City,547,183,147,11320.53,3.38,0.1941,11,-0.1569,-0.0577,0.5552,0.2037,8,0
SLR001328,Beauty & Personal Care,Tier-2 City,324,406,278,24423.92,3.88,0.2019,9,-0.046,-0.1498,0.5373,0.1628,58,1
SLR001329,Sports & Fitness,Tier-2 City,690,40,221,66191.75,3.77,0.1465,4,-0.0338,0.0616,0.6333,0.2266,31,1
SLR001330,Fashion,Tier-1 Metro,327,403,1888,59642.7,4.27,0.2462,4,0.0335,0.1675,0.6875,0.0,0,0
SLR001331,Beauty & Personal Care,Tier-1 Metro,66,664,1878,75143.01,3.31,0.1623,6,-0.355,-0.1201,0.524,0.1241,28,1
SLR001332,Mobiles & Accessories,Tier-1 Metro,570,160,362,76809.0,4.02,0.1885,2,0.2949,-0.022,0.4104,0.0869,9,0
SLR001333,Sports & Fitness,Tier-2 City,133,597,1308,76721.97,3.38,0.166,8,0.2494,0.0106,0.6,0.1352,0,0
SLR001334,Electronics,Tier-2 City,279,451,1540,119170.47,4.69,0.1905,2,0.0094,-0.0039,0.5967,0.1503,9,0
SLR001335,Beauty & Personal Care,Tier-1 Metro,312,418,744,53059.31,3.09,0.1342,5,-0.2288,-0.0111,0.7245,0.1525,13,0
SLR001336,Toys & Baby,Tier-3 Town,653,77,81,24717.48,3.08,0.2532,6,0.0803,-0.3035,0.4382,0.3497,5,1
SLR001337,Beauty & Personal Care,Tier-2 City,614,116,182,55282.79,4.36,0.1493,7,-0.004,-0.0154,0.6912,0.1352,1,0
SLR001338,Beauty & Personal Care,Tier-3 Town,544,186,371,57692.28,2.97,0.2447,8,0.0327,-0.1823,0.2162,0.2847,54,1
SLR001339,Home & Kitchen,Tier-2 City,274,456,541,20689.2,4.1,0.122,5,-0.1433,0.09,0.4629,0.1546,5,0
SLR001340,Home & Kitchen,Tier-1 Metro,169,561,450,9303.09,2.84,0.1676,11,-0.1109,-0.095,0.4859,0.2414,49,1
SLR001341,Sports & Fitness,Tier-2 City,396,334,210,13238.96,4.2,0.1189,3,0.2599,-0.0854,0.6585,0.2043,2,0
SLR001342,Electronics,Tier-1 Metro,478,252,484,45869.1,4.91,0.1413,5,0.0889,0.0745,0.5955,0.0957,5,0
SLR001343,Fashion,Tier-3 Town,638,92,179,75814.73,2.7,0.3796,10,-0.1224,-0.3379,0.5675,0.294,6,1
SLR001344,Fashion,Tier-1 Metro,181,549,649,40755.36,3.12,0.2364,7,-0.7374,-0.1003,0.8159,0.0567,41,1
SLR001345,Beauty & Personal Care,Tier-2 City,449,281,876,116629.03,3.59,0.1416,4,0.0559,-0.0366,0.8766,0.0854,10,0
SLR001346,Home & Kitchen,Tier-3 Town,424,306,303,27251.75,3.82,0.2118,0,0.5014,-0.3592,0.6255,0.1753,0,0
SLR001347,Beauty & Personal Care,Tier-1 Metro,670,60,26,8711.22,3.76,0.1206,9,-0.1791,-0.1943,0.7204,0.1175,60,1
SLR001348,Sports & Fitness,Tier-3 Town,639,91,116,22805.4,3.34,0.2736,5,0.0431,0.0415,0.569,0.1863,7,0
SLR001349,Electronics,Tier-2 City,542,188,721,93872.5,3.9,0.208,5,0.2338,-0.0701,0.5971,0.1515,0,0
SLR001350,Beauty & Personal Care,Tier-2 City,226,504,391,16281.06,3.2,0.1922,8,-0.079,-0.4792,0.5926,0.2856,77,1
SLR001351,Mobiles & Accessories,Tier-1 Metro,649,81,129,62339.68,3.9,0.1758,9,-0.1656,-0.0552,0.5021,0.1496,6,1
SLR001352,Grocery,Tier-2 City,307,423,111,8275.25,4.21,0.0456,0,0.6823,-0.0789,0.7348,0.0276,11,0
SLR001353,Grocery,Tier-3 Town,349,381,382,31598.92,3.92,0.193,9,0.4133,-0.0947,0.6476,0.3015,40,0
SLR001354,Sports & Fitness,Tier-3 Town,119,611,1539,83568.27,3.68,0.2636,8,-0.5648,-0.1127,0.3677,0.251,44,1
SLR001355,Fashion,Tier-2 City,486,244,124,9374.15,2.56,0.3588,11,-0.2054,-0.4265,0.3976,0.3346,62,1
SLR001356,Toys & Baby,Tier-1 Metro,414,316,510,34217.74,3.95,0.1548,3,0.2302,0.062,0.6718,0.1411,0,0
SLR001357,Fashion,Tier-1 Metro,487,243,255,26780.3,2.91,0.3025,3,-0.645,-0.0448,0.1281,0.2441,12,1
SLR001358,Toys & Baby,Tier-2 City,587,143,314,76865.79,3.82,0.1739,9,-0.0502,-0.2268,0.3356,0.1973,0,0
SLR001359,Toys & Baby,Tier-2 City,0,730,1253,25719.0,4.95,0.1297,7,0.0124,0.1902,0.7861,0.0529,10,0
SLR001360,Sports & Fitness,Tier-1 Metro,153,577,257,9783.57,3.49,0.1772,6,-0.1398,-0.0418,0.3824,0.219,18,0
SLR001361,Home & Kitchen,Tier-2 City,197,533,897,43554.16,3.57,0.1796,8,-0.3189,-0.1998,0.4247,0.2752,69,1
SLR001362,Mobiles & Accessories,Tier-1 Metro,645,85,124,50360.17,3.69,0.2141,9,-0.1115,-0.0135,0.6412,0.0204,30,0
SLR001363,Home & Kitchen,Tier-1 Metro,536,194,210,20856.41,3.04,0.1734,3,-0.0611,0.049,1.0,0.0918,17,0
SLR001364,Grocery,Tier-2 City,595,135,115,27324.4,3.86,0.1671,4,-0.1954,-0.2409,0.4869,0.2304,18,0
SLR001365,Electronics,Tier-2 City,649,81,294,94726.15,4.23,0.2355,12,-0.484,-0.2626,0.6377,0.2233,67,1
SLR001366,Electronics,Tier-1 Metro,532,198,851,157083.15,4.36,0.1427,3,0.04,-0.216,0.6497,0.1819,57,1
SLR001367,Fashion,Tier-1 Metro,453,277,60,5325.52,3.34,0.2986,6,0.087,-0.1524,0.4155,0.2011,43,1
SLR001368,Sports & Fitness,Tier-1 Metro,452,278,150,15787.39,4.27,0.2003,4,-0.2451,-0.3997,0.4079,0.1929,7,0
SLR001369,Beauty & Personal Care,Tier-3 Town,496,234,187,12538.9,2.48,0.2807,3,-0.1821,-0.2761,0.507,0.439,0,0
SLR001370,Mobiles & Accessories,Tier-3 Town,413,317,1389,150744.53,4.01,0.2554,11,0.2198,0.0288,0.4722,0.2043,2,0
SLR001371,Beauty & Personal Care,Tier-1 Metro,546,184,123,8454.27,3.77,0.1343,8,-0.7337,0.1108,0.4449,0.2502,23,0
SLR001372,Grocery,Tier-1 Metro,0,730,899,39103.23,3.8,0.104,4,0.1423,-0.1223,0.6721,0.2262,0,0
SLR001373,Beauty & Personal Care,Tier-1 Metro,374,356,389,37202.77,4.09,0.1163,8,0.0152,-0.1769,0.6206,0.1493,5,0
SLR001374,Electronics,Tier-1 Metro,525,205,385,59887.8,3.4,0.1431,5,0.5062,-0.1512,0.5655,0.1145,16,0
SLR001375,Mobiles & Accessories,Tier-3 Town,423,307,210,25209.85,3.71,0.2983,7,-0.3809,-0.161,0.4983,0.232,19,1
SLR001376,Beauty & Personal Care,Tier-3 Town,204,526,941,73001.81,3.34,0.2443,5,-0.5807,0.1255,0.6131,0.3254,0,0
SLR001377,Sports & Fitness,Tier-2 City,133,597,1089,75850.29,3.95,0.1945,9,-0.5013,-0.1708,0.4878,0.3151,44,1
SLR001378,Beauty & Personal Care,Tier-1 Metro,463,267,578,50671.29,3.52,0.1313,2,0.4435,0.2682,0.6311,0.0,8,0
SLR001379,Mobiles & Accessories,Tier-3 Town,195,535,204,10204.97,4.01,0.2877,10,-0.081,-0.0143,0.6136,0.2512,0,0
SLR001380,Electronics,Tier-1 Metro,515,215,256,38007.17,3.78,0.1584,10,-0.3014,-0.1257,0.9571,0.1812,10,1
SLR001381,Home & Kitchen,Tier-2 City,15,715,1472,41755.89,3.76,0.199,4,-0.3634,-0.197,0.4631,0.2639,5,1
SLR001382,Toys & Baby,Tier-2 City,439,291,420,40375.71,3.3,0.2452,13,-0.2169,-0.2087,0.6065,0.1578,21,0
SLR001383,Fashion,Tier-2 City,674,56,61,38078.39,3.89,0.2611,3,0.2863,-0.0926,0.8621,0.2061,0,0
SLR001384,Fashion,Tier-2 City,71,659,342,20196.34,3.26,0.3,9,-0.2923,-0.2012,0.522,0.1517,20,0
SLR001385,Mobiles & Accessories,Tier-3 Town,308,422,16,1094.66,3.86,0.2818,9,0.4485,-0.1156,0.6678,0.2425,81,1
SLR001386,Mobiles & Accessories,Tier-2 City,520,210,101,9249.17,3.04,0.2085,4,-0.3999,-0.1982,0.422,0.1269,5,1
SLR001387,Grocery,Tier-1 Metro,280,450,347,19131.21,4.24,0.0771,2,0.577,0.1419,0.8114,0.0681,20,0
SLR001388,Toys & Baby,Tier-1 Metro,460,270,394,50229.24,3.67,0.1741,6,-0.9455,-0.159,0.7349,0.2141,9,0
SLR001389,Mobiles & Accessories,Tier-2 City,614,116,280,93347.04,3.26,0.2766,17,0.1249,-0.5018,0.6587,0.2613,116,1
SLR001390,Grocery,Tier-2 City,246,484,1083,53931.88,3.34,0.1689,9,-0.3942,-0.1088,0.6622,0.2677,39,1
SLR001391,Electronics,Tier-1 Metro,263,467,1953,125697.77,3.66,0.2005,8,-0.029,0.1132,0.6803,0.1444,4,0
SLR001392,Sports & Fitness,Tier-1 Metro,678,52,35,8497.52,3.59,0.1442,8,0.071,-0.0312,0.6079,0.172,52,1
SLR001393,Home & Kitchen,Tier-2 City,0,730,1159,31047.05,4.22,0.1749,8,-0.3176,-0.3436,0.4557,0.1308,8,0
SLR001394,Fashion,Tier-2 City,594,136,208,25638.65,4.11,0.2557,5,0.2664,-0.0931,0.7506,0.1418,20,0
SLR001395,Electronics,Tier-1 Metro,404,326,269,30733.74,4.57,0.1098,1,0.064,0.1674,0.6252,0.1065,9,0
SLR001396,Fashion,Tier-1 Metro,615,115,213,57079.64,3.12,0.2352,5,-0.4783,-0.0371,0.4453,0.1122,42,1
SLR001397,Toys & Baby,Tier-2 City,562,168,194,39574.87,3.83,0.1642,3,0.2354,0.0929,0.8099,0.13,0,0
SLR001398,Fashion,Tier-1 Metro,42,688,603,9959.22,4.05,0.2648,6,-0.1143,-0.1931,0.8725,0.1336,0,0
SLR001399,Electronics,Tier-3 Town,533,197,680,139287.87,3.35,0.271,9,-0.388,-0.2476,0.8424,0.1442,101,1
SLR001400,Toys & Baby,Tier-2 City,227,503,1284,92496.65,3.55,0.1972,12,-0.1096,0.0917,0.7018,0.1651,12,0
SLR001401,Fashion,Tier-1 Metro,579,151,363,75283.33,3.36,0.2606,6,-0.3006,-0.2444,0.8115,0.0666,5,1
SLR001402,Mobiles & Accessories,Tier-3 Town,140,590,883,16672.73,3.69,0.2532,9,0.116,0.0757,0.8985,0.2963,15,0
SLR001403,Toys & Baby,Tier-2 City,576,154,86,22963.45,3.54,0.1793,7,-0.3661,-0.297,0.5202,0.2559,23,1
SLR001404,Mobiles & Accessories,Tier-3 Town,568,162,905,231876.34,3.46,0.3212,12,0.0676,-0.2754,0.5177,0.2702,0,0
SLR001405,Mobiles & Accessories,Tier-1 Metro,0,730,1294,24757.24,3.42,0.1874,8,0.2224,-0.0399,0.5836,0.2805,1,0
SLR001406,Fashion,Tier-3 Town,168,562,850,59794.12,3.32,0.3479,5,0.462,-0.0418,0.5334,0.295,60,1
SLR001407,Toys & Baby,Tier-2 City,265,465,798,48461.51,3.95,0.1705,9,-0.1141,-0.0116,0.6461,0.0685,0,0
SLR001408,Beauty & Personal Care,Tier-1 Metro,579,151,221,53727.13,3.54,0.0952,6,-0.0045,0.1345,0.7053,0.1118,16,0
SLR001409,Electronics,Tier-1 Metro,597,133,549,136354.66,4.05,0.1237,2,0.2086,0.1134,0.6757,0.0391,0,0
SLR001410,Mobiles & Accessories,Tier-3 Town,648,82,17,3719.99,2.78,0.3206,12,0.4458,-0.2247,0.4544,0.4019,26,1
SLR001411,Beauty & Personal Care,Tier-3 Town,75,655,41,1096.92,3.11,0.3119,14,-0.7393,-0.3083,0.2186,0.3567,23,1
SLR001412,Sports & Fitness,Tier-1 Metro,485,245,26,4325.2,3.18,0.2049,8,-0.0088,-0.2678,0.6564,0.1191,6,0
SLR001413,Electronics,Tier-1 Metro,504,226,372,50906.69,3.54,0.1239,5,0.0234,0.1071,0.706,0.1707,11,0
SLR001414,Sports & Fitness,Tier-1 Metro,524,206,213,22653.76,4.11,0.1259,4,-0.2016,-0.1068,0.7397,0.128,0,0
SLR001415,Toys & Baby,Tier-1 Metro,0,730,445,10133.49,4.76,0.1382,6,-0.0887,-0.4789,0.4429,0.1949,26,1
SLR001416,Toys & Baby,Tier-1 Metro,637,93,194,64257.18,3.22,0.2019,5,-0.072,-0.1637,0.5667,0.2285,63,1
SLR001417,Mobiles & Accessories,Tier-2 City,304,426,897,63792.93,3.96,0.2657,10,0.3631,-0.1136,0.7644,0.2113,19,1
SLR001418,Sports & Fitness,Tier-1 Metro,606,124,136,44374.54,4.13,0.1175,6,-0.1323,-0.0854,0.3084,0.1539,0,0
SLR001419,Grocery,Tier-2 City,408,322,94,5466.62,4.74,0.1276,2,0.4386,0.1652,0.9,0.1561,4,0
SLR001420,Electronics,Tier-3 Town,673,57,76,18874.29,3.09,0.2913,6,-0.5901,-0.0743,0.5954,0.2638,37,1
SLR001421,Home & Kitchen,Tier-2 City,103,627,923,59119.48,3.87,0.1723,1,0.0545,-0.1737,0.454,0.0986,2,0
SLR001422,Mobiles & Accessories,Tier-1 Metro,319,411,1398,128949.24,3.94,0.1759,3,-0.5576,-0.1287,0.6568,0.1801,49,1
SLR001423,Beauty & Personal Care,Tier-1 Metro,139,591,640,29464.9,4.27,0.1465,3,-0.2265,-0.2236,0.3989,0.1503,27,0
SLR001424,Sports & Fitness,Tier-3 Town,0,730,449,16331.03,3.77,0.2403,10,-0.1407,-0.1621,0.6009,0.2195,6,1
SLR001425,Home & Kitchen,Tier-1 Metro,256,474,1811,102551.94,4.2,0.1441,9,0.022,-0.0922,0.5169,0.1707,5,1
SLR001426,Beauty & Personal Care,Tier-1 Metro,401,329,857,65384.84,3.52,0.1121,3,-0.394,-0.0109,0.6231,0.2091,49,1
SLR001427,Sports & Fitness,Tier-1 Metro,340,390,693,70343.3,3.73,0.1425,6,0.324,-0.0851,0.501,0.1112,6,0
SLR001428,Beauty & Personal Care,Tier-2 City,443,287,872,123464.24,4.7,0.108,4,0.3176,-0.0996,0.7971,0.0896,12,0
SLR001429,Home & Kitchen,Tier-2 City,281,449,369,16546.72,3.7,0.1984,11,-0.2695,-0.1102,0.491,0.148,3,0
SLR001430,Beauty & Personal Care,Tier-1 Metro,269,461,759,26503.07,3.29,0.2027,7,-0.5981,-0.2377,0.5305,0.2285,7,0
SLR001431,Electronics,Tier-3 Town,196,534,773,20256.89,4.02,0.2641,5,0.1087,0.1267,0.4745,0.261,7,0
SLR001432,Electronics,Tier-1 Metro,246,484,1525,87112.96,4.07,0.1396,3,-0.1549,-0.0125,0.6908,0.103,15,0
SLR001433,Electronics,Tier-3 Town,679,51,188,74827.21,3.17,0.2977,6,-0.4086,-0.1666,0.7452,0.2357,46,1
SLR001434,Electronics,Tier-2 City,220,510,1004,40635.78,3.25,0.2449,11,-0.5259,-0.03,0.43,0.2056,95,1
SLR001435,Beauty & Personal Care,Tier-3 Town,438,292,277,10868.9,3.26,0.226,5,-0.0639,-0.0615,0.7916,0.3426,5,1
SLR001436,Sports & Fitness,Tier-1 Metro,388,342,283,31976.28,4.27,0.1327,6,0.0016,-0.1682,0.8227,0.1535,7,0
SLR001437,Mobiles & Accessories,Tier-1 Metro,312,418,857,22725.18,3.67,0.2108,2,0.2288,-0.0902,0.6664,0.1294,0,0
SLR001438,Fashion,Tier-1 Metro,391,339,341,32468.36,3.02,0.284,6,-0.1531,-0.1926,0.712,0.0886,23,0
SLR001439,Fashion,Tier-3 Town,235,495,454,35048.55,3.58,0.3802,14,-0.3586,-0.3549,0.6869,0.1922,5,1
SLR001440,Electronics,Tier-2 City,330,400,658,64705.75,3.64,0.2537,6,-0.3861,0.1437,0.435,0.1413,21,0
SLR001441,Electronics,Tier-2 City,521,209,187,26643.15,4.21,0.143,4,0.5498,0.1114,0.6322,0.0936,32,0
SLR001442,Sports & Fitness,Tier-1 Metro,80,650,529,29893.48,4.44,0.1337,9,-0.1233,0.1821,0.4928,0.0318,2,0
SLR001443,Fashion,Tier-3 Town,577,153,206,26846.7,4.02,0.2969,9,0.3269,-0.1134,0.6684,0.1703,14,0
SLR001444,Toys & Baby,Tier-2 City,340,390,153,11482.09,2.78,0.2369,7,-0.9052,-0.382,0.3946,0.3679,116,1
SLR001445,Home & Kitchen,Tier-2 City,449,281,705,30763.46,4.22,0.1941,6,0.027,-0.0485,0.756,0.2636,2,0
SLR001446,Toys & Baby,Tier-1 Metro,506,224,55,3747.32,3.87,0.1077,5,-0.1112,-0.0243,0.755,0.1113,2,0
SLR001447,Mobiles & Accessories,Tier-3 Town,133,597,745,49035.26,3.12,0.323,12,0.1409,-0.1973,0.82,0.331,78,1
SLR001448,Home & Kitchen,Tier-2 City,156,574,1206,23373.72,4.17,0.1581,2,0.1178,0.0427,0.6464,0.1127,0,0
SLR001449,Mobiles & Accessories,Tier-3 Town,332,398,107,7072.23,3.5,0.2962,6,-0.239,-0.2343,0.5035,0.2387,35,1
SLR001450,Grocery,Tier-2 City,613,117,1013,199836.12,4.03,0.1142,0,0.6433,0.229,0.6115,0.0444,0,0
SLR001451,Electronics,Tier-2 City,128,602,705,42296.16,3.64,0.2538,8,-0.0156,-0.221,0.6274,0.2188,39,1
SLR001452,Fashion,Tier-1 Metro,635,95,364,100868.85,2.67,0.3199,17,-0.0751,-0.2298,0.3735,0.1412,12,1
SLR001453,Mobiles & Accessories,Tier-2 City,383,347,639,41928.66,3.3,0.2401,5,-0.2524,-0.1274,0.6708,0.0759,11,0
SLR001454,Home & Kitchen,Tier-3 Town,395,335,29,3280.82,3.62,0.3214,7,-0.2251,-0.3554,0.7258,0.3414,31,1
SLR001455,Toys & Baby,Tier-1 Metro,543,187,79,8435.99,3.89,0.1267,5,-0.1726,0.0955,0.6133,0.2189,19,1
SLR001456,Fashion,Tier-1 Metro,220,510,236,18508.69,3.41,0.3022,12,-0.3212,-0.1502,0.5778,0.0925,0,0
SLR001457,Sports & Fitness,Tier-1 Metro,666,64,59,37182.97,3.62,0.1532,7,0.1469,-0.2545,0.3888,0.1381,64,1
SLR001458,Fashion,Tier-1 Metro,591,139,296,59216.44,4.32,0.2717,8,-0.4085,-0.1605,0.5284,0.1817,11,1
SLR001459,Mobiles & Accessories,Tier-1 Metro,638,92,15,3465.37,3.9,0.1468,8,-0.1193,-0.1767,0.4998,0.1536,10,1
SLR001460,Sports & Fitness,Tier-2 City,536,194,692,148771.58,3.86,0.2093,8,0.1642,-0.0589,0.5843,0.1741,2,0
SLR001461,Grocery,Tier-2 City,722,8,20,24330.33,3.67,0.1599,2,-0.2148,0.0208,0.836,0.2188,8,1
SLR001462,Sports & Fitness,Tier-3 Town,313,417,580,38556.38,2.7,0.2582,11,-0.434,-0.2463,0.4121,0.3192,5,1
SLR001463,Grocery,Tier-3 Town,644,86,113,39586.18,3.61,0.1765,4,0.2032,-0.2906,0.9111,0.235,38,1
SLR001464,Mobiles & Accessories,Tier-1 Metro,601,129,343,53618.29,3.77,0.1809,7,-0.8288,-0.0496,0.7919,0.221,25,1
SLR001465,Sports & Fitness,Tier-1 Metro,552,178,181,20457.27,3.46,0.1658,7,0.2166,-0.3821,0.6584,0.1683,39,1
SLR001466,Sports & Fitness,Tier-1 Metro,442,288,370,53878.87,4.39,0.1007,3,-0.0412,0.0533,1.0,0.0549,9,0
SLR001467,Grocery,Tier-3 Town,588,142,312,32955.47,2.72,0.2098,5,-0.3795,-0.1976,0.7507,0.2957,41,1
SLR001468,Fashion,Tier-1 Metro,544,186,234,50633.07,4.9,0.2096,2,0.1086,0.2463,0.8441,0.0,35,0
SLR001469,Mobiles & Accessories,Tier-3 Town,494,236,132,20069.72,4.41,0.2829,15,0.3559,-0.172,0.6526,0.2041,11,0
SLR001470,Mobiles & Accessories,Tier-1 Metro,393,337,567,44166.77,3.95,0.1648,6,0.0748,-0.0569,0.565,0.195,31,0
SLR001471,Electronics,Tier-3 Town,62,668,2033,88153.94,3.69,0.2524,6,-0.2057,-0.181,0.9925,0.1793,21,0
SLR001472,Home & Kitchen,Tier-3 Town,590,140,45,6435.71,3.42,0.2338,4,-0.0157,-0.3646,0.4571,0.2868,5,1
SLR001473,Sports & Fitness,Tier-1 Metro,460,270,838,116899.2,3.74,0.1772,7,-0.3429,-0.0199,0.3515,0.1805,69,1
SLR001474,Home & Kitchen,Tier-3 Town,89,641,1500,31152.89,3.73,0.2211,6,-0.2952,-0.0353,0.4094,0.4053,31,1
SLR001475,Fashion,Tier-2 City,0,730,486,7470.38,3.72,0.2983,12,-0.1227,-0.0493,0.532,0.1263,49,1
SLR001476,Grocery,Tier-1 Metro,255,475,620,25250.78,3.74,0.127,7,-0.2672,-0.0772,0.6249,0.1779,0,0
SLR001477,Home & Kitchen,Tier-2 City,216,514,480,20750.84,4.61,0.1242,6,0.212,0.1307,0.8583,0.1005,6,0
SLR001478,Home & Kitchen,Tier-1 Metro,494,236,565,61670.85,4.18,0.1473,3,-0.002,0.1975,0.4799,0.0406,142,1
SLR001479,Electronics,Tier-1 Metro,513,217,367,42496.58,4.14,0.1828,8,-0.5466,0.1947,0.7536,0.1124,11,0
SLR001480,Toys & Baby,Tier-1 Metro,641,89,19,3032.66,4.12,0.1461,6,-0.0756,-0.0292,0.6855,0.1855,0,0
SLR001481,Grocery,Tier-3 Town,597,133,198,27124.19,4.32,0.218,10,-0.3828,-0.2952,0.4475,0.231,37,1
SLR001482,Grocery,Tier-2 City,274,456,116,10182.98,3.18,0.1999,11,0.1416,0.1252,0.589,0.147,11,1
SLR001483,Sports & Fitness,Tier-2 City,517,213,700,92326.03,3.27,0.207,8,-0.1326,-0.0363,0.6804,0.2229,28,1
SLR001484,Electronics,Tier-1 Metro,380,350,800,32720.03,2.8,0.1852,5,0.23,-0.113,0.2697,0.2119,50,1
SLR001485,Grocery,Tier-3 Town,578,152,147,33803.08,3.42,0.2303,9,-0.5156,-0.2002,0.5322,0.3126,8,0
SLR001486,Grocery,Tier-3 Town,644,86,175,36061.93,3.94,0.1721,3,-0.1016,-0.0851,0.7668,0.2635,2,0
SLR001487,Home & Kitchen,Tier-1 Metro,187,543,518,37703.57,3.91,0.1536,6,0.4883,-0.013,0.4985,0.0234,0,0
SLR001488,Beauty & Personal Care,Tier-2 City,56,674,1433,66704.23,3.85,0.1624,11,0.0313,0.002,0.6754,0.1509,12,1
SLR001489,Home & Kitchen,Tier-1 Metro,11,719,716,40898.35,3.27,0.1785,8,-0.0533,0.0056,0.572,0.1757,44,0
SLR001490,Fashion,Tier-2 City,531,199,1331,112384.5,3.86,0.2765,3,-0.3533,0.0122,0.6084,0.1799,0,0
SLR001491,Toys & Baby,Tier-2 City,483,247,223,21206.95,3.77,0.1802,8,-0.0495,-0.0202,0.596,0.1147,0,0
SLR001492,Home & Kitchen,Tier-1 Metro,597,133,365,40108.95,4.15,0.1511,4,0.2386,0.0555,0.7158,0.1499,0,0
SLR001493,Electronics,Tier-1 Metro,522,208,745,94942.4,3.5,0.1693,3,-0.0148,0.0101,0.4606,0.1628,0,0
SLR001494,Fashion,Tier-2 City,253,477,2421,113991.49,3.01,0.3243,11,-0.5238,-0.1563,1.0,0.1657,112,1
SLR001495,Home & Kitchen,Tier-1 Metro,492,238,405,50248.58,3.2,0.2031,9,0.0103,-0.1473,0.6722,0.1697,62,1
SLR001496,Home & Kitchen,Tier-3 Town,681,49,109,80424.04,2.58,0.3091,15,0.063,-0.2142,0.4489,0.3085,49,1
SLR001497,Fashion,Tier-3 Town,151,579,537,38193.09,3.86,0.3513,6,-0.2958,-0.2027,0.6954,0.2052,0,0
SLR001498,Home & Kitchen,Tier-1 Metro,0,730,604,10707.35,3.94,0.1081,3,0.0934,0.0802,0.9412,0.156,90,1
SLR001499,Mobiles & Accessories,Tier-3 Town,467,263,234,19705.3,4.46,0.2553,8,0.1591,-0.2125,0.9405,0.2067,14,1
SLR001500,Home & Kitchen,Tier-1 Metro,304,426,585,19189.76,3.48,0.1816,3,0.2037,-0.1386,0.3416,0.0843,4,0
SLR001501,Grocery,Tier-1 Metro,288,442,218,5337.77,3.94,0.1036,3,0.5243,-0.2111,0.7839,0.1945,21,0
SLR001502,Home & Kitchen,Tier-1 Metro,265,465,473,26607.62,3.97,0.152,3,0.3181,-0.0176,0.873,0.1104,41,0
SLR001503,Sports & Fitness,Tier-1 Metro,498,232,361,31391.37,4.76,0.0727,4,0.3501,0.3226,0.6267,0.0443,0,0
SLR001504,Home & Kitchen,Tier-2 City,270,460,977,23454.04,4.35,0.1651,5,0.1907,0.0357,0.5431,0.1658,11,0
SLR001505,Electronics,Tier-1 Metro,347,383,2674,250284.09,4.23,0.1306,1,-0.032,-0.1245,0.5192,0.0923,45,0
SLR001506,Fashion,Tier-2 City,341,389,527,22790.34,3.7,0.2789,5,0.2474,-0.3195,1.0,0.0523,2,0
SLR001507,Beauty & Personal Care,Tier-2 City,164,566,444,20982.59,3.97,0.1313,7,-0.2767,-0.043,0.8586,0.1428,0,0
SLR001508,Mobiles & Accessories,Tier-1 Metro,665,65,151,34707.63,4.47,0.1548,2,0.057,-0.1135,0.6859,0.1168,22,0
SLR001509,Toys & Baby,Tier-1 Metro,0,730,1270,55021.5,3.68,0.1355,10,-0.3371,-0.0742,0.627,0.2296,1,0
SLR001510,Beauty & Personal Care,Tier-1 Metro,208,522,279,10097.76,4.08,0.1272,2,-0.0377,0.3809,0.8774,0.1299,0,0
SLR001511,Mobiles & Accessories,Tier-1 Metro,582,148,139,28083.36,3.35,0.1726,6,-0.2014,0.0917,0.342,0.1376,62,1
SLR001512,Sports & Fitness,Tier-2 City,531,199,536,57593.15,3.24,0.1847,2,-0.2834,-0.0185,0.5989,0.2409,35,1
SLR001513,Fashion,Tier-2 City,144,586,668,17112.09,3.4,0.2719,4,0.0214,-0.2998,0.7656,0.1773,14,0
SLR001514,Grocery,Tier-3 Town,338,392,16,755.74,3.46,0.2232,10,0.1356,-0.4007,0.7508,0.2373,9,0
SLR001515,Mobiles & Accessories,Tier-1 Metro,496,234,149,24843.85,3.44,0.143,9,0.0216,-0.1134,0.5312,0.1614,5,0
SLR001516,Fashion,Tier-2 City,301,429,86,8119.31,3.52,0.2953,11,-0.1329,0.1131,0.44,0.0915,20,0
SLR001517,Electronics,Tier-2 City,204,526,288,13575.13,4.77,0.1534,3,0.3197,0.0635,0.6088,0.1736,14,0
SLR001518,Mobiles & Accessories,Tier-1 Metro,466,264,716,50275.6,3.4,0.2394,8,-0.0686,-0.0913,0.4881,0.2228,47,1
SLR001519,Fashion,Tier-2 City,615,115,190,49710.12,3.73,0.2413,5,0.1614,-0.0965,0.8562,0.08,32,0
SLR001520,Sports & Fitness,Tier-3 Town,399,331,273,16577.37,3.32,0.2368,10,-0.1912,-0.0117,0.5963,0.2078,48,1
SLR001521,Sports & Fitness,Tier-1 Metro,693,37,41,36771.91,3.15,0.1736,2,-0.3383,-0.0902,0.4956,0.128,37,1
SLR001522,Fashion,Tier-2 City,0,730,2167,63403.42,3.09,0.3357,9,-0.7292,-0.1627,0.4388,0.3694,34,1
SLR001523,Mobiles & Accessories,Tier-2 City,441,289,615,86551.24,3.68,0.2263,6,-0.0136,-0.0811,0.5231,0.2692,160,1
SLR001524,Sports & Fitness,Tier-2 City,493,237,462,47291.65,4.34,0.1394,5,0.3063,0.1786,0.4164,0.1469,98,1
SLR001525,Home & Kitchen,Tier-2 City,0,730,1207,35123.37,4.01,0.2319,8,-0.4981,-0.0918,0.709,0.1576,0,0
SLR001526,Home & Kitchen,Tier-1 Metro,292,438,587,51636.92,3.5,0.1781,8,-0.3186,0.0422,0.2781,0.1581,0,0
SLR001527,Toys & Baby,Tier-1 Metro,387,343,246,17437.05,3.9,0.1325,3,-0.2624,-0.1067,0.6414,0.1911,22,0
SLR001528,Toys & Baby,Tier-1 Metro,593,137,337,32230.11,3.77,0.1027,8,0.437,0.1046,0.5433,0.0602,6,0
SLR001529,Toys & Baby,Tier-1 Metro,293,437,532,35498.81,3.96,0.135,7,0.0344,-0.1245,0.3411,0.1981,22,0
SLR001530,Electronics,Tier-1 Metro,374,356,348,38303.16,3.37,0.1757,15,-0.1725,-0.2091,0.6003,0.1423,5,1
SLR001531,Grocery,Tier-1 Metro,0,730,641,21145.86,3.6,0.1566,11,-0.4764,-0.4232,0.6036,0.2077,5,1
SLR001532,Electronics,Tier-1 Metro,581,149,413,64213.78,3.48,0.1664,3,0.4068,0.1917,0.5927,0.0686,16,0
SLR001533,Sports & Fitness,Tier-3 Town,336,394,636,26749.51,3.05,0.2567,9,-0.1517,-0.0375,0.5884,0.3148,18,0
SLR001534,Electronics,Tier-1 Metro,612,118,55,9254.14,4.08,0.1805,6,0.0648,0.0155,0.4756,0.2382,0,0
SLR001535,Grocery,Tier-1 Metro,648,82,105,20920.43,3.38,0.1265,9,-0.1273,0.027,0.3595,0.1386,5,1
SLR001536,Home & Kitchen,Tier-3 Town,689,41,123,70251.07,3.39,0.2829,13,-0.4424,-0.3237,0.5206,0.1981,41,1
SLR001537,Beauty & Personal Care,Tier-3 Town,363,367,133,6627.11,3.58,0.2582,11,-0.2017,0.0076,0.6514,0.1473,22,0
SLR001538,Electronics,Tier-1 Metro,357,373,637,52356.8,3.5,0.1605,4,-0.0846,0.0619,0.471,0.1541,19,0
SLR001539,Sports & Fitness,Tier-1 Metro,388,342,620,59208.05,3.99,0.1345,7,-0.0489,-0.0835,0.481,0.0589,22,0
SLR001540,Toys & Baby,Tier-2 City,190,540,299,18613.84,3.74,0.1606,6,0.0712,-0.0522,0.6758,0.1274,12,0
SLR001541,Mobiles & Accessories,Tier-1 Metro,302,428,421,29505.58,2.76,0.1945,10,-0.2538,-0.1286,0.5879,0.1853,36,1
SLR001542,Toys & Baby,Tier-1 Metro,160,570,810,29244.03,4.4,0.1547,4,-0.0417,-0.1359,0.6887,0.1221,25,1
SLR001543,Grocery,Tier-3 Town,0,730,72,1885.8,3.06,0.2447,5,-0.7827,-0.1091,0.6877,0.288,5,0
SLR001544,Mobiles & Accessories,Tier-3 Town,637,93,193,80832.86,3.07,0.2953,11,0.2232,-0.2786,0.7051,0.2688,17,0
SLR001545,Electronics,Tier-2 City,109,621,1053,68842.16,3.51,0.2102,4,-0.7111,-0.1607,0.4696,0.2036,80,1
SLR001546,Home & Kitchen,Tier-1 Metro,650,80,109,24839.75,3.6,0.1131,3,0.2788,0.1146,0.475,0.118,13,0
SLR001547,Sports & Fitness,Tier-2 City,302,428,802,45393.9,3.04,0.2297,6,0.0704,0.0203,0.7347,0.1405,80,1
SLR001548,Electronics,Tier-1 Metro,281,449,41,3705.26,4.58,0.145,3,-0.2537,0.1366,0.6994,0.0179,4,0
SLR001549,Fashion,Tier-1 Metro,166,564,470,17508.88,3.42,0.3051,13,0.073,-0.4467,0.5709,0.2061,5,1
SLR001550,Toys & Baby,Tier-1 Metro,690,40,76,20036.32,3.85,0.1607,6,0.172,0.0283,0.6167,0.0965,5,1
SLR001551,Home & Kitchen,Tier-2 City,669,61,96,45438.55,4.37,0.1799,3,0.033,-0.2085,0.559,0.0951,2,0
SLR001552,Grocery,Tier-1 Metro,456,274,152,22952.92,5.0,0.0397,1,0.3405,0.3338,0.8614,0.0125,3,0
SLR001553,Toys & Baby,Tier-2 City,0,730,1849,81366.56,3.72,0.1601,6,0.208,0.3238,0.7213,0.1338,9,0
SLR001554,Toys & Baby,Tier-2 City,517,213,1026,194942.07,3.4,0.2054,12,-0.2307,-0.1749,0.6816,0.203,14,1
SLR001555,Fashion,Tier-1 Metro,442,288,512,52660.32,3.83,0.2464,6,0.206,-0.0763,0.5424,0.2257,8,0
SLR001556,Home & Kitchen,Tier-1 Metro,121,609,1532,100652.13,4.29,0.1537,2,0.0695,-0.1948,0.507,0.1309,27,0
SLR001557,Home & Kitchen,Tier-1 Metro,558,172,243,58545.25,3.29,0.1623,3,0.1542,-0.0004,0.6907,0.0282,24,1
SLR001558,Fashion,Tier-2 City,443,287,215,16073.05,2.28,0.372,12,-0.6138,-0.1813,0.3678,0.3751,52,1
SLR001559,Toys & Baby,Tier-3 Town,677,53,64,41212.04,3.86,0.226,4,0.3747,0.0178,0.9768,0.2067,20,1
SLR001560,Grocery,Tier-3 Town,439,291,192,27084.32,3.26,0.2205,4,-0.2687,-0.2796,0.5844,0.2933,120,1
SLR001561,Mobiles & Accessories,Tier-1 Metro,329,401,430,21055.62,3.22,0.2329,10,-0.6361,-0.0971,0.4557,0.2482,143,1
SLR001562,Fashion,Tier-2 City,307,423,415,24765.13,3.15,0.319,13,-0.2437,-0.3255,0.6991,0.1844,80,1
SLR001563,Toys & Baby,Tier-1 Metro,209,521,866,30347.56,3.52,0.0923,3,0.1745,-0.0146,0.4553,0.1615,15,0
SLR001564,Mobiles & Accessories,Tier-1 Metro,594,136,313,91330.64,4.26,0.1579,5,-0.6594,0.0058,0.7199,0.1196,15,0
SLR001565,Grocery,Tier-1 Metro,282,448,679,28949.01,3.71,0.0879,8,0.3305,0.1577,0.7906,0.2959,25,0
SLR001566,Fashion,Tier-2 City,697,33,56,27572.02,2.94,0.2931,12,-0.3019,-0.2092,0.301,0.216,33,1
SLR001567,Electronics,Tier-2 City,588,142,183,19964.71,3.48,0.2368,3,-0.3201,-0.3001,0.6013,0.2282,5,1
SLR001568,Toys & Baby,Tier-3 Town,525,205,118,6787.2,3.03,0.236,6,-0.3292,-0.1915,0.7167,0.2991,35,1
SLR001569,Home & Kitchen,Tier-1 Metro,694,36,71,75356.7,4.23,0.1047,4,-0.3117,-0.1354,0.634,0.11,0,0
SLR001570,Mobiles & Accessories,Tier-2 City,589,141,670,53314.69,3.9,0.2087,5,-0.0874,-0.1927,0.3651,0.2513,62,1
SLR001571,Mobiles & Accessories,Tier-1 Metro,641,89,85,10271.48,4.25,0.1789,1,0.0346,-0.0326,0.6539,0.1381,21,0
SLR001572,Fashion,Tier-1 Metro,502,228,68,8354.79,3.72,0.2628,8,-0.4862,-0.1819,0.3403,0.1127,52,1
SLR001573,Grocery,Tier-1 Metro,425,305,814,60230.14,3.94,0.0608,3,-0.1159,0.244,0.7705,0.0345,0,0
SLR001574,Sports & Fitness,Tier-3 Town,615,115,78,16464.16,3.72,0.2699,14,-0.4053,-0.1477,0.6983,0.3477,26,1
SLR001575,Electronics,Tier-2 City,263,467,1849,144785.87,3.99,0.1649,3,-0.4787,0.2577,0.6973,0.2469,0,0
SLR001576,Electronics,Tier-2 City,370,360,401,35547.97,3.16,0.2554,8,-0.3478,-0.2193,0.67,0.218,47,1
SLR001577,Grocery,Tier-2 City,395,335,133,14528.98,3.28,0.1795,5,-0.0343,-0.2271,0.4818,0.2726,21,1
SLR001578,Electronics,Tier-1 Metro,533,197,233,15008.65,3.36,0.1773,4,0.1373,-0.1822,0.5432,0.1776,21,0
SLR001579,Toys & Baby,Tier-2 City,462,268,73,6201.02,3.32,0.1688,8,-0.0549,0.0358,0.4084,0.261,14,0
SLR001580,Home & Kitchen,Tier-1 Metro,533,197,323,51775.1,3.06,0.2172,8,-0.1972,-0.413,0.6678,0.1402,45,1
SLR001581,Home & Kitchen,Tier-2 City,576,154,117,9661.44,3.47,0.1745,5,-0.0389,-0.0434,0.4435,0.2236,81,1
SLR001582,Fashion,Tier-3 Town,393,337,1330,95170.11,3.91,0.3531,8,0.1721,-0.2437,0.2753,0.2767,9,0
SLR001583,Home & Kitchen,Tier-3 Town,457,273,393,42072.77,2.89,0.2971,7,0.1062,-0.5057,0.4658,0.287,41,1
SLR001584,Fashion,Tier-3 Town,79,651,397,24714.77,3.79,0.3721,13,0.059,-0.3079,0.6153,0.3214,125,1
SLR001585,Electronics,Tier-2 City,461,269,522,41321.87,3.23,0.2373,10,-0.1042,0.0477,0.4607,0.2521,32,1
SLR001586,Fashion,Tier-1 Metro,193,537,654,50391.48,4.18,0.239,4,0.1819,-0.0139,0.7859,0.1985,0,0
SLR001587,Home & Kitchen,Tier-1 Metro,619,111,220,21851.42,4.37,0.1022,3,0.5501,0.1779,0.7738,0.0,94,1
SLR001588,Home & Kitchen,Tier-1 Metro,575,155,357,24874.15,4.6,0.1244,3,0.3975,-0.0478,0.9416,0.1066,45,0
SLR001589,Mobiles & Accessories,Tier-2 City,416,314,226,29489.98,3.55,0.2378,6,-0.1741,-0.2306,0.5391,0.1879,23,0
SLR001590,Beauty & Personal Care,Tier-1 Metro,430,300,212,15923.75,3.52,0.1383,10,0.0042,-0.2075,0.6376,0.2189,12,0
SLR001591,Fashion,Tier-1 Metro,261,469,101,8508.79,3.34,0.2927,13,-0.2897,-0.1674,0.5221,0.1847,12,1
SLR001592,Electronics,Tier-1 Metro,231,499,207,9576.15,3.72,0.1933,4,-0.1715,-0.1953,0.7434,0.1464,3,0
SLR001593,Toys & Baby,Tier-3 Town,463,267,179,26069.34,2.72,0.2666,8,-0.383,-0.4232,0.3465,0.3533,22,1
SLR001594,Toys & Baby,Tier-2 City,457,273,374,30336.58,3.48,0.2408,10,-0.3029,-0.3096,0.5471,0.2856,49,1
SLR001595,Grocery,Tier-1 Metro,0,730,1366,42291.13,4.09,0.1176,9,-0.3411,-0.1849,0.754,0.0891,8,0
SLR001596,Fashion,Tier-1 Metro,235,495,1360,50718.56,4.28,0.2623,6,-0.2049,-0.1594,0.962,0.1783,0,0
SLR001597,Home & Kitchen,Tier-1 Metro,346,384,669,56325.57,3.8,0.1083,5,-0.2364,-0.0787,0.6055,0.2002,102,1
SLR001598,Electronics,Tier-3 Town,216,514,529,40939.93,3.18,0.2664,8,-0.3242,-0.2649,0.6068,0.3155,0,0
SLR001599,Home & Kitchen,Tier-1 Metro,516,214,368,64154.56,4.1,0.1417,3,-0.0215,0.1773,0.7266,0.1018,0,0
SLR001600,Mobiles & Accessories,Tier-2 City,446,284,433,27411.97,4.36,0.2122,0,0.4491,-0.1692,0.5761,0.1331,0,0
SLR001601,Mobiles & Accessories,Tier-1 Metro,514,216,548,72464.92,3.89,0.1715,2,0.3167,-0.2307,0.6663,0.2086,7,0
SLR001602,Beauty & Personal Care,Tier-1 Metro,277,453,648,50669.76,2.97,0.1605,13,-0.3325,-0.2611,0.2007,0.2103,25,1
SLR001603,Electronics,Tier-1 Metro,655,75,379,144523.28,4.39,0.125,5,-0.1391,0.3578,0.5273,0.1451,18,0
SLR001604,Grocery,Tier-1 Metro,508,222,129,20276.19,3.61,0.1081,1,-0.4191,-0.1192,0.7514,0.2258,0,0
SLR001605,Fashion,Tier-2 City,478,252,546,64059.78,3.13,0.3284,8,-0.1446,-0.2308,0.5496,0.2041,51,1
SLR001606,Fashion,Tier-1 Metro,180,550,207,4313.39,3.78,0.2874,8,0.0198,-0.2687,0.1948,0.1727,8,0
SLR001607,Fashion,Tier-1 Metro,691,39,60,30562.95,3.59,0.2946,10,0.0725,0.0778,0.5872,0.206,39,1
SLR001608,Electronics,Tier-3 Town,60,670,1321,35990.54,3.56,0.2671,11,-0.1726,-0.052,0.7854,0.1682,0,0
SLR001609,Toys & Baby,Tier-1 Metro,492,238,89,4029.15,4.38,0.1245,3,-0.2585,-0.0156,0.7239,0.0883,0,0
SLR001610,Grocery,Tier-2 City,380,350,924,35380.98,4.67,0.0866,2,0.4581,-0.1172,0.7386,0.1143,0,0
SLR001611,Grocery,Tier-1 Metro,493,237,609,107027.42,3.25,0.1036,6,-0.4345,0.2174,0.9397,0.0725,0,0
SLR001612,Electronics,Tier-2 City,0,730,455,13574.55,3.03,0.2435,7,-0.4918,-0.3037,0.4191,0.1916,28,1
SLR001613,Sports & Fitness,Tier-1 Metro,97,633,1404,50819.92,3.89,0.104,5,-0.084,0.0409,0.8553,0.0864,16,0
SLR001614,Grocery,Tier-2 City,111,619,1038,70111.77,3.27,0.1668,5,-0.0596,0.0477,0.7561,0.1247,3,0
SLR001615,Electronics,Tier-2 City,299,431,141,9138.38,3.06,0.223,7,-0.3986,-0.0183,0.7486,0.2348,21,0
SLR001616,Home & Kitchen,Tier-1 Metro,81,649,1190,22325.67,4.48,0.1097,4,-0.0042,0.1633,0.6072,0.1432,0,0
SLR001617,Sports & Fitness,Tier-3 Town,271,459,55,2203.92,3.84,0.2852,13,-0.1785,-0.0689,0.4821,0.4089,53,1
SLR001618,Mobiles & Accessories,Tier-1 Metro,0,730,2420,117221.13,4.3,0.1536,5,-0.05,0.0316,0.8129,0.1859,1,0
SLR001619,Grocery,Tier-2 City,454,276,488,27378.56,3.42,0.1552,6,0.1265,-0.0119,0.6312,0.1962,14,0
SLR001620,Mobiles & Accessories,Tier-2 City,352,378,241,11212.53,3.33,0.2877,11,-0.3256,-0.1321,0.5465,0.2766,26,1
SLR001621,Fashion,Tier-2 City,578,152,274,23725.49,3.21,0.2762,6,-0.2378,0.1744,0.546,0.2603,51,1
SLR001622,Home & Kitchen,Tier-1 Metro,636,94,204,86856.93,3.95,0.1864,2,-0.2345,0.0051,0.6016,0.0189,14,0
SLR001623,Home & Kitchen,Tier-1 Metro,393,337,355,23188.51,4.3,0.1343,1,-0.1462,0.0882,0.4507,0.1118,1,0
SLR001624,Mobiles & Accessories,Tier-2 City,598,132,244,45284.46,3.76,0.223,5,0.1935,-0.0379,0.855,0.2046,5,0
SLR001625,Fashion,Tier-1 Metro,679,51,59,29614.09,4.46,0.223,9,0.2234,0.2541,0.782,0.1051,22,0
SLR001626,Beauty & Personal Care,Tier-2 City,422,308,368,26126.7,3.76,0.1977,6,-0.3498,0.2453,0.601,0.1678,6,0
SLR001627,Home & Kitchen,Tier-1 Metro,584,146,279,56901.1,3.36,0.1789,11,-0.271,-0.0707,0.1717,0.2739,99,1
SLR001628,Mobiles & Accessories,Tier-1 Metro,608,122,164,34791.92,3.44,0.2596,4,-0.4934,-0.2759,0.6966,0.1898,1,0
SLR001629,Grocery,Tier-2 City,638,92,199,85466.45,3.92,0.1194,3,0.1099,0.4618,0.644,0.183,5,0
SLR001630,Electronics,Tier-1 Metro,618,112,158,38772.8,2.64,0.1779,11,-0.2207,-0.301,0.5634,0.241,44,1
SLR001631,Electronics,Tier-2 City,323,407,346,24207.66,4.26,0.1688,1,0.0809,0.1422,0.8405,0.0492,44,1
SLR001632,Electronics,Tier-2 City,0,730,804,27613.47,3.98,0.19,5,0.2019,0.0232,0.4555,0.2578,4,0
SLR001633,Home & Kitchen,Tier-1 Metro,0,730,771,18967.62,3.98,0.1741,5,0.1421,-0.0239,0.6211,0.1344,16,0
SLR001634,Home & Kitchen,Tier-1 Metro,0,730,2359,104422.54,4.01,0.1134,3,0.0089,0.1632,0.8537,0.0336,5,0
SLR001635,Toys & Baby,Tier-1 Metro,0,730,439,12271.27,3.91,0.1404,3,0.0457,-0.2781,0.6738,0.1294,0,0
SLR001636,Grocery,Tier-1 Metro,299,431,474,33440.85,3.75,0.1348,3,-0.0393,-0.1128,0.4514,0.1773,24,1
SLR001637,Mobiles & Accessories,Tier-1 Metro,175,555,1406,47697.74,3.48,0.2533,9,-0.2118,-0.276,0.4867,0.2616,59,1
SLR001638,Electronics,Tier-1 Metro,274,456,205,6036.02,3.83,0.1851,3,-0.3141,0.1415,0.5812,0.1381,76,1
SLR001639,Fashion,Tier-1 Metro,307,423,56,1907.22,2.53,0.3183,19,-0.4917,-0.4827,0.4905,0.2599,30,1
SLR001640,Grocery,Tier-2 City,253,477,152,3381.13,3.24,0.1641,1,-0.1364,-0.0855,0.707,0.1515,0,0
SLR001641,Home & Kitchen,Tier-1 Metro,329,401,144,10999.54,4.18,0.1662,5,0.0876,-0.0702,0.4985,0.0547,14,0
SLR001642,Fashion,Tier-1 Metro,0,730,226,4502.99,3.38,0.2947,8,-0.4362,-0.1645,0.4116,0.1769,5,0
SLR001643,Toys & Baby,Tier-2 City,157,573,452,22960.59,3.9,0.1895,10,-0.0325,-0.0457,0.6675,0.1339,0,0
SLR001644,Beauty & Personal Care,Tier-3 Town,362,368,77,5109.2,3.0,0.2108,10,-0.0301,0.048,0.78,0.2448,22,0
SLR001645,Sports & Fitness,Tier-2 City,339,391,128,7152.94,3.16,0.1983,6,-0.1229,-0.2286,0.4429,0.1838,37,1
SLR001646,Electronics,Tier-1 Metro,518,212,154,11287.38,3.81,0.1554,3,-0.1662,0.1731,0.6037,0.2025,22,0
SLR001647,Grocery,Tier-2 City,329,401,780,29096.52,4.2,0.1224,3,0.1379,-0.0331,0.867,0.1914,0,0
SLR001648,Beauty & Personal Care,Tier-3 Town,294,436,118,5141.52,2.83,0.2725,5,-0.7958,-0.2133,0.2654,0.4313,90,1
SLR001649,Grocery,Tier-1 Metro,460,270,696,105459.94,3.58,0.1556,8,-0.314,-0.3344,0.4423,0.1158,20,1
SLR001650,Home & Kitchen,Tier-2 City,0,730,1434,71307.85,3.89,0.1918,6,-0.2092,0.1572,0.4881,0.2165,17,0
SLR001651,Electronics,Tier-2 City,416,314,228,15244.99,3.4,0.2296,6,-0.5137,0.2282,0.6579,0.2103,5,1
SLR001652,Electronics,Tier-1 Metro,257,473,479,14484.78,3.21,0.2175,8,-0.2571,-0.0842,0.5669,0.2066,48,1
SLR001653,Electronics,Tier-1 Metro,637,93,53,18194.83,3.43,0.173,6,0.1322,-0.047,0.9232,0.2198,21,0
SLR001654,Beauty & Personal Care,Tier-1 Metro,0,730,234,6169.58,3.86,0.1543,5,0.2291,0.1021,0.6096,0.1336,0,0
SLR001655,Electronics,Tier-3 Town,42,688,561,18654.38,2.87,0.2852,9,-0.8013,0.0295,0.6438,0.3451,65,1
SLR001656,Toys & Baby,Tier-1 Metro,560,170,143,9143.85,3.49,0.1591,6,0.4311,-0.3094,0.4615,0.2101,118,1
SLR001657,Fashion,Tier-2 City,60,670,3488,194912.3,4.4,0.3043,6,-0.4683,-0.2104,0.8339,0.1669,93,1
SLR001658,Sports & Fitness,Tier-3 Town,437,293,138,13512.43,3.96,0.2206,7,0.2955,-0.1077,0.4432,0.2045,45,0
SLR001659,Fashion,Tier-2 City,0,730,2649,128851.66,3.65,0.3278,7,-0.0122,-0.3159,0.5675,0.1905,19,0
SLR001660,Beauty & Personal Care,Tier-3 Town,371,359,494,15517.3,3.14,0.2321,3,0.1351,-0.1157,0.4359,0.3105,34,1
SLR001661,Sports & Fitness,Tier-1 Metro,668,62,174,58871.8,4.91,0.0787,0,0.4296,0.0807,0.9792,0.1242,14,0
SLR001662,Beauty & Personal Care,Tier-1 Metro,0,730,691,26624.13,3.72,0.1196,5,-0.3206,0.0417,0.5517,0.0912,3,0
SLR001663,Fashion,Tier-1 Metro,305,425,276,25596.21,3.14,0.2843,11,-0.3079,-0.0046,0.6101,0.2061,21,1
SLR001664,Toys & Baby,Tier-1 Metro,491,239,191,23089.75,3.24,0.1654,8,0.0221,-0.1819,0.3133,0.2211,5,0
SLR001665,Mobiles & Accessories,Tier-2 City,488,242,535,50398.28,3.36,0.271,6,-0.2245,-0.1956,0.7183,0.1246,26,0
SLR001666,Electronics,Tier-2 City,398,332,327,10999.12,3.63,0.218,8,-0.6709,0.0083,0.8893,0.0971,1,0
SLR001667,Fashion,Tier-2 City,0,730,320,17107.71,3.03,0.3761,13,-0.057,-0.2627,0.4257,0.2791,17,0
SLR001668,Mobiles & Accessories,Tier-2 City,141,589,490,32861.34,3.63,0.2897,16,-0.0499,-0.1509,0.598,0.1788,80,1
SLR001669,Beauty & Personal Care,Tier-2 City,587,143,199,36943.06,3.75,0.1529,9,-0.1522,-0.0069,0.6973,0.1687,9,0
SLR001670,Beauty & Personal Care,Tier-1 Metro,151,579,671,30059.16,3.88,0.1271,6,0.0816,-0.1352,0.2745,0.1738,5,1
SLR001671,Fashion,Tier-2 City,240,490,280,21132.97,3.22,0.3074,6,-0.5202,-0.2921,0.5399,0.2581,13,1
SLR001672,Sports & Fitness,Tier-1 Metro,468,262,257,26011.32,3.78,0.1259,5,0.3717,-0.0827,0.7131,0.1819,0,0
SLR001673,Grocery,Tier-1 Metro,215,515,603,44298.01,4.56,0.0927,5,0.2335,-0.3262,0.7152,0.1487,7,0
SLR001674,Fashion,Tier-1 Metro,480,250,23,2384.32,3.65,0.3008,4,-0.4132,-0.019,0.4991,0.2608,18,0
SLR001675,Beauty & Personal Care,Tier-2 City,575,155,137,24875.27,3.38,0.1662,5,-0.094,-0.3916,0.3659,0.2394,0,0
SLR001676,Beauty & Personal Care,Tier-1 Metro,608,122,269,51666.03,4.6,0.1145,3,-0.1103,-0.0362,0.923,0.1579,8,0
SLR001677,Electronics,Tier-1 Metro,269,461,600,26649.73,3.67,0.2116,11,-0.3369,-0.066,0.3684,0.1674,116,1
SLR001678,Beauty & Personal Care,Tier-1 Metro,619,111,306,69399.15,3.64,0.1458,6,-0.1329,0.0369,0.4794,0.1816,5,0
SLR001679,Electronics,Tier-1 Metro,307,423,1019,100749.72,3.14,0.2091,5,0.159,-0.0077,0.6738,0.2631,78,1
SLR001680,Electronics,Tier-2 City,510,220,492,24487.86,3.34,0.2291,7,0.0866,0.0269,0.73,0.1712,11,1
SLR001681,Home & Kitchen,Tier-1 Metro,618,112,303,111942.06,3.78,0.1586,4,-0.1626,-0.0389,0.806,0.2018,1,0
SLR001682,Grocery,Tier-1 Metro,0,730,864,25685.28,4.42,0.0943,4,-0.4096,-0.1266,0.3534,0.1554,20,0
SLR001683,Grocery,Tier-2 City,345,385,496,18375.87,3.65,0.138,8,-0.1772,-0.0317,0.6517,0.194,0,0
SLR001684,Beauty & Personal Care,Tier-1 Metro,80,650,398,6931.29,3.34,0.1849,7,-0.3702,-0.1238,0.7916,0.1752,64,1
SLR001685,Mobiles & Accessories,Tier-2 City,429,301,218,19314.81,3.99,0.2185,6,0.0511,-0.0422,0.6032,0.05,39,1
SLR001686,Fashion,Tier-2 City,396,334,228,21094.45,3.16,0.3027,10,-0.2242,-0.0542,0.4731,0.1159,5,1
SLR001687,Toys & Baby,Tier-2 City,245,485,690,42929.13,4.1,0.1783,6,0.0734,-0.1077,0.7625,0.2203,0,0
SLR001688,Beauty & Personal Care,Tier-2 City,8,722,155,8573.64,3.66,0.144,9,-0.232,0.0671,0.6564,0.1366,22,0
SLR001689,Fashion,Tier-1 Metro,474,256,68,5214.66,3.44,0.2819,5,-0.6115,-0.1001,0.7504,0.2367,1,0
SLR001690,Home & Kitchen,Tier-1 Metro,518,212,283,19251.9,3.15,0.1506,6,0.0073,-0.1719,0.6406,0.1199,25,1
SLR001691,Sports & Fitness,Tier-1 Metro,236,494,751,32888.78,3.34,0.1627,4,-0.019,-0.1162,0.588,0.0439,61,1
SLR001692,Beauty & Personal Care,Tier-2 City,477,253,209,11880.73,3.82,0.1953,8,0.1785,0.283,0.6428,0.1827,27,0
SLR001693,Home & Kitchen,Tier-1 Metro,416,314,446,52561.47,4.24,0.1229,2,0.1317,0.0366,0.7455,0.1042,28,0
SLR001694,Beauty & Personal Care,Tier-2 City,539,191,468,28054.09,4.09,0.1352,4,0.2018,-0.0699,0.8867,0.0993,14,0
SLR001695,Fashion,Tier-1 Metro,223,507,203,13306.04,3.61,0.2456,9,-0.1228,-0.2364,0.546,0.1605,5,1
SLR001696,Grocery,Tier-1 Metro,460,270,472,22839.2,4.44,0.0286,1,-0.1007,0.1391,0.7692,0.1121,15,0
SLR001697,Beauty & Personal Care,Tier-1 Metro,606,124,295,77492.88,4.22,0.1189,5,-0.3243,-0.1444,0.2377,0.1119,86,1
SLR001698,Beauty & Personal Care,Tier-1 Metro,495,235,329,28709.38,3.97,0.1208,4,0.2239,-0.1244,0.7718,0.0765,45,0
SLR001699,Mobiles & Accessories,Tier-3 Town,456,274,768,35068.33,3.08,0.3112,8,-0.0346,0.1245,0.8383,0.2041,0,0
SLR001700,Grocery,Tier-3 Town,0,730,1402,56467.55,2.96,0.2474,5,-0.2031,-0.0261,0.7221,0.3043,14,1
SLR001701,Beauty & Personal Care,Tier-1 Metro,293,437,65,5676.9,3.63,0.1114,7,-0.0709,0.0538,0.6324,0.1662,49,1
SLR001702,Toys & Baby,Tier-3 Town,554,176,245,57826.69,4.1,0.1874,4,-0.7225,0.2025,0.85,0.1163,13,0
SLR001703,Mobiles & Accessories,Tier-1 Metro,250,480,215,17350.72,3.88,0.1689,4,-0.5977,0.2686,0.4631,0.1797,5,0
SLR001704,Sports & Fitness,Tier-2 City,573,157,322,76515.71,3.77,0.1745,3,0.4887,-0.1328,0.4708,0.0937,67,1
SLR001705,Electronics,Tier-1 Metro,560,170,498,111097.27,4.22,0.1869,9,-0.179,-0.0849,0.637,0.1285,101,1
SLR001706,Mobiles & Accessories,Tier-2 City,41,689,209,4201.92,3.63,0.2421,7,-0.486,-0.2993,0.4333,0.2258,1,0
SLR001707,Toys & Baby,Tier-3 Town,553,177,47,8648.94,3.18,0.2842,8,-0.0297,-0.2506,0.3155,0.3063,0,0
SLR001708,Home & Kitchen,Tier-3 Town,508,222,309,25000.18,2.95,0.2685,8,-0.2592,-0.2401,0.4673,0.3482,38,1
SLR001709,Beauty & Personal Care,Tier-1 Metro,565,165,347,70817.67,3.12,0.16,4,-0.1287,-0.2484,0.4813,0.2467,45,0
SLR001710,Toys & Baby,Tier-2 City,226,504,491,14564.02,3.2,0.2023,10,-0.3856,-0.1785,0.2191,0.2161,55,1
SLR001711,Sports & Fitness,Tier-2 City,285,445,1421,112970.76,3.74,0.1456,3,-0.0082,0.0828,0.7926,0.1272,0,0
SLR001712,Beauty & Personal Care,Tier-2 City,475,255,156,13324.84,4.17,0.1493,4,-0.1882,0.186,0.6625,0.0962,0,0
SLR001713,Fashion,Tier-1 Metro,534,196,388,44015.08,3.58,0.2508,3,0.0502,-0.0121,0.8378,0.1526,14,0
SLR001714,Mobiles & Accessories,Tier-2 City,266,464,553,20067.93,3.18,0.2577,3,-0.4153,-0.4266,0.4298,0.19,38,1
SLR001715,Mobiles & Accessories,Tier-1 Metro,450,280,737,86248.32,3.73,0.2029,3,0.041,0.0217,0.8837,0.1025,8,0
SLR001716,Electronics,Tier-3 Town,621,109,109,12285.59,3.16,0.3266,11,-0.5361,-0.2522,0.2242,0.3159,78,1
SLR001717,Grocery,Tier-3 Town,435,295,994,51099.58,4.03,0.1619,2,0.2031,0.2499,0.4466,0.2219,23,0
SLR001718,Toys & Baby,Tier-2 City,0,730,296,12074.03,3.69,0.1939,7,-0.5571,-0.3543,0.5581,0.2773,18,1
SLR001719,Mobiles & Accessories,Tier-1 Metro,590,140,430,44353.81,5.0,0.1259,8,-0.0164,0.138,0.955,0.0727,8,0
SLR001720,Toys & Baby,Tier-1 Metro,16,714,129,5208.83,3.58,0.1438,5,-0.0448,-0.2564,0.5212,0.0429,0,0
SLR001721,Beauty & Personal Care,Tier-1 Metro,485,245,238,36796.23,3.45,0.1615,3,0.363,-0.5055,0.6772,0.2316,1,0
SLR001722,Grocery,Tier-3 Town,0,730,487,7298.06,3.27,0.2202,11,-0.7416,-0.2385,0.394,0.2902,23,1
SLR001723,Mobiles & Accessories,Tier-1 Metro,714,16,21,27997.04,3.77,0.1803,7,-0.0589,0.0006,0.6963,0.2032,16,0
SLR001724,Beauty & Personal Care,Tier-3 Town,372,358,731,79644.18,3.22,0.2531,12,-0.3035,-0.3469,0.4563,0.229,17,1
SLR001725,Electronics,Tier-3 Town,476,254,916,101129.59,3.77,0.2591,6,-0.1658,-0.0243,0.8114,0.2274,3,0
SLR001726,Home & Kitchen,Tier-1 Metro,174,556,271,5305.49,4.33,0.1168,6,-0.4481,0.0585,0.7249,0.0937,13,0
SLR001727,Mobiles & Accessories,Tier-2 City,567,163,119,29848.88,3.92,0.2051,3,0.1248,-0.0948,0.3304,0.0598,25,0
SLR001728,Toys & Baby,Tier-3 Town,538,192,381,82284.57,3.81,0.2151,5,-0.1135,-0.1391,0.5319,0.3181,63,1
SLR001729,Beauty & Personal Care,Tier-3 Town,280,450,134,6439.27,3.29,0.2655,5,-0.3902,-0.1702,0.734,0.1969,5,1
SLR001730,Sports & Fitness,Tier-1 Metro,631,99,160,21804.45,3.7,0.1457,9,-0.1058,-0.1428,0.5029,0.1179,50,1
SLR001731,Grocery,Tier-2 City,0,730,957,23473.29,3.72,0.1315,5,-0.3177,-0.1088,0.555,0.112,162,1
SLR001732,Toys & Baby,Tier-3 Town,236,494,407,12025.85,3.4,0.2558,5,-0.0098,-0.2543,0.6174,0.2343,3,0
SLR001733,Beauty & Personal Care,Tier-1 Metro,362,368,70,6434.0,2.68,0.2227,10,-0.4883,-0.3848,0.2179,0.244,62,1
SLR001734,Sports & Fitness,Tier-2 City,487,243,159,20218.61,3.59,0.1702,10,0.0986,-0.1834,0.3141,0.2368,24,1
SLR001735,Grocery,Tier-3 Town,308,422,949,75048.66,3.5,0.1976,8,-0.1948,-0.2798,0.5902,0.179,4,0
SLR001736,Home & Kitchen,Tier-1 Metro,499,231,307,28420.76,4.24,0.133,7,0.3093,-0.4323,0.3648,0.0531,7,0
SLR001737,Mobiles & Accessories,Tier-2 City,62,668,1724,33978.9,4.41,0.2515,9,-0.1971,-0.0648,0.6529,0.1738,15,0
SLR001738,Sports & Fitness,Tier-3 Town,473,257,605,95562.72,3.65,0.2489,6,0.2496,-0.1663,0.5395,0.1786,0,0
SLR001739,Fashion,Tier-1 Metro,703,27,103,124845.18,4.16,0.2379,9,-0.0729,-0.0554,1.0,0.0876,0,0
SLR001740,Sports & Fitness,Tier-1 Metro,605,125,14,3729.68,3.74,0.1733,7,-0.1771,-0.3908,0.346,0.1649,49,1
SLR001741,Sports & Fitness,Tier-2 City,455,275,493,46093.7,4.11,0.2054,5,-0.1053,-0.1562,0.2926,0.1797,8,0
SLR001742,Sports & Fitness,Tier-1 Metro,557,173,624,124278.94,4.29,0.1421,7,-0.1539,-0.2141,0.4712,0.0615,0,0
SLR001743,Sports & Fitness,Tier-3 Town,672,58,10,4116.98,3.02,0.2706,4,-0.0479,0.0113,0.3664,0.1952,15,0
SLR001744,Grocery,Tier-1 Metro,541,189,328,27687.21,3.99,0.1028,1,0.0089,0.075,0.6414,0.159,19,0
SLR001745,Home & Kitchen,Tier-1 Metro,592,138,359,43479.01,4.42,0.1127,6,0.0348,0.3337,0.7364,0.0743,8,0
SLR001746,Toys & Baby,Tier-1 Metro,663,67,164,61189.72,4.08,0.1598,2,-0.3807,0.3927,0.8262,0.1079,13,0
SLR001747,Mobiles & Accessories,Tier-1 Metro,207,523,622,45803.2,3.08,0.1643,3,-0.5134,-0.0281,0.7123,0.1224,1,0
SLR001748,Sports & Fitness,Tier-3 Town,321,409,398,35642.71,3.18,0.275,8,-0.2269,-0.1007,0.6608,0.2491,11,1
SLR001749,Grocery,Tier-1 Metro,404,326,1031,73167.72,3.82,0.1033,1,-0.3674,-0.1689,0.7326,0.1921,70,1
SLR001750,Home & Kitchen,Tier-1 Metro,0,730,2627,99957.97,3.86,0.148,10,0.5222,-0.0967,0.7074,0.1225,0,0
SLR001751,Electronics,Tier-2 City,564,166,128,24325.68,3.35,0.2469,6,-0.0531,0.1147,0.4526,0.1123,40,1
SLR001752,Electronics,Tier-2 City,444,286,150,14911.89,4.25,0.1925,3,0.435,-0.0242,1.0,0.0776,36,0
SLR001753,Beauty & Personal Care,Tier-1 Metro,83,647,354,16571.97,4.05,0.1529,4,-0.1318,-0.0965,0.3767,0.1121,9,0
SLR001754,Home & Kitchen,Tier-3 Town,574,156,308,28082.2,3.91,0.233,3,0.3064,-0.1425,0.7406,0.1976,0,0
SLR001755,Home & Kitchen,Tier-3 Town,417,313,398,43141.06,2.84,0.2807,9,-0.0793,-0.0676,0.426,0.2613,64,1
SLR001756,Toys & Baby,Tier-1 Metro,485,245,71,6681.56,3.44,0.1572,6,0.0736,0.1932,0.6314,0.1258,22,0
SLR001757,Electronics,Tier-1 Metro,15,715,527,30173.9,3.44,0.2023,4,-0.6062,-0.2352,0.3525,0.1815,28,1
SLR001758,Electronics,Tier-2 City,585,145,304,55433.53,3.25,0.2279,3,-0.2074,-0.2001,0.558,0.197,51,1
SLR001759,Mobiles & Accessories,Tier-2 City,0,730,1750,31847.0,4.02,0.2431,10,-0.4282,-0.2079,0.6302,0.188,5,1
SLR001760,Electronics,Tier-1 Metro,441,289,1292,133379.87,4.4,0.1549,2,-0.1197,-0.1375,0.8875,0.0,19,0
SLR001761,Home & Kitchen,Tier-3 Town,0,730,508,20783.17,3.77,0.2238,5,-0.0255,0.0964,0.6549,0.2702,1,0
SLR001762,Beauty & Personal Care,Tier-2 City,194,536,271,8230.86,4.09,0.1522,5,-0.1534,-0.1449,0.8872,0.1566,33,1
SLR001763,Home & Kitchen,Tier-1 Metro,0,730,1745,69785.45,4.28,0.1247,3,-0.0088,-0.0098,0.7167,0.0462,12,0
SLR001764,Beauty & Personal Care,Tier-2 City,156,574,3054,210211.67,4.12,0.1448,7,-0.2402,0.0024,0.4982,0.1504,77,1
SLR001765,Mobiles & Accessories,Tier-3 Town,295,435,507,46642.25,2.87,0.3495,11,-0.5694,-0.6087,0.7184,0.2228,5,1
SLR001766,Beauty & Personal Care,Tier-1 Metro,419,311,364,29558.05,4.44,0.1087,5,0.0199,0.018,0.6363,0.1,0,0
SLR001767,Electronics,Tier-2 City,668,62,60,22205.78,3.88,0.217,9,-0.0242,-0.395,0.5152,0.1752,17,0
SLR001768,Home & Kitchen,Tier-2 City,599,131,86,23737.55,4.16,0.2205,4,0.2128,-0.0285,0.6503,0.1834,6,0
SLR001769,Toys & Baby,Tier-2 City,316,414,181,16041.65,3.1,0.2211,10,-0.2148,-0.1206,0.3496,0.1637,9,0
SLR001770,Sports & Fitness,Tier-1 Metro,515,215,421,25249.98,4.02,0.1259,5,0.3607,0.1256,0.7244,0.111,7,1
SLR001771,Home & Kitchen,Tier-2 City,137,593,1376,42965.48,4.02,0.1775,4,-0.1607,-0.0099,0.3864,0.1075,0,0
SLR001772,Grocery,Tier-2 City,589,141,84,24694.29,3.21,0.1503,5,-0.2641,-0.2912,0.7007,0.1286,9,0
SLR001773,Mobiles & Accessories,Tier-1 Metro,412,318,677,78678.86,3.87,0.1838,7,-0.3529,-0.3138,0.6487,0.1211,8,0
SLR001774,Toys & Baby,Tier-3 Town,657,73,158,35677.49,3.61,0.2314,6,0.135,0.0321,0.8279,0.2212,68,1
SLR001775,Home & Kitchen,Tier-3 Town,610,120,137,47474.96,3.83,0.2169,12,0.1512,0.0494,0.4252,0.2923,3,0
SLR001776,Fashion,Tier-2 City,519,211,148,16908.43,3.5,0.3196,9,-0.2945,0.1473,0.7784,0.2584,13,1
SLR001777,Home & Kitchen,Tier-1 Metro,315,415,476,23696.17,3.53,0.1752,6,-0.0118,-0.1525,0.5945,0.208,11,0
SLR001778,Electronics,Tier-1 Metro,495,235,38,4680.82,4.5,0.1743,7,-0.5819,-0.059,0.5351,0.1498,7,0
SLR001779,Toys & Baby,Tier-2 City,446,284,391,29395.86,3.92,0.1726,5,0.072,0.1059,0.6349,0.1648,8,0
SLR001780,Beauty & Personal Care,Tier-1 Metro,154,576,1048,25228.86,4.19,0.1243,3,0.0782,0.0577,1.0,0.1602,3,0
SLR001781,Electronics,Tier-2 City,114,616,375,18041.52,3.26,0.2212,6,0.0075,-0.1783,0.6521,0.1745,0,0
SLR001782,Grocery,Tier-2 City,0,730,699,21980.01,3.76,0.0974,5,-0.1443,0.0957,0.8712,0.0633,15,0
SLR001783,Sports & Fitness,Tier-2 City,395,335,1208,97899.82,3.61,0.1835,6,0.1219,0.1283,0.6018,0.2222,77,1
SLR001784,Grocery,Tier-1 Metro,303,427,598,21241.65,3.6,0.1066,8,-0.0317,0.0166,0.739,0.1633,16,0
SLR001785,Grocery,Tier-1 Metro,594,136,215,27931.04,3.96,0.1219,2,0.1817,0.1291,0.7974,0.0826,8,0
SLR001786,Home & Kitchen,Tier-2 City,242,488,909,43266.19,3.77,0.1573,5,-0.3847,0.1339,0.9618,0.0974,22,0
SLR001787,Toys & Baby,Tier-2 City,0,730,1260,39320.0,3.72,0.2076,15,-0.1153,-0.3214,0.5534,0.1848,5,0
SLR001788,Electronics,Tier-1 Metro,547,183,157,16056.17,2.4,0.2155,8,-0.5564,-0.2905,0.5332,0.3039,32,1
SLR001789,Toys & Baby,Tier-1 Metro,434,296,380,49198.39,3.44,0.1595,4,0.0015,0.0124,0.3797,0.1008,18,0
SLR001790,Home & Kitchen,Tier-1 Metro,564,166,178,16422.02,4.09,0.1371,3,0.0783,0.1128,0.7769,0.1419,11,0
SLR001791,Fashion,Tier-3 Town,281,449,624,17965.48,3.53,0.4343,15,-0.3166,-0.2,0.6343,0.2663,65,1
SLR001792,Mobiles & Accessories,Tier-1 Metro,489,241,330,24296.66,3.65,0.2296,11,-0.1024,-0.0887,0.3788,0.1142,10,0
SLR001793,Home & Kitchen,Tier-1 Metro,515,215,144,17211.14,4.28,0.111,2,0.5376,0.0245,0.7925,0.0,25,0
SLR001794,Sports & Fitness,Tier-3 Town,400,330,783,55469.1,3.73,0.2686,3,-0.1862,-0.1416,0.6348,0.2586,9,0
SLR001795,Electronics,Tier-2 City,206,524,953,36187.3,4.59,0.1548,1,0.186,0.1184,0.6061,0.1038,22,0
SLR001796,Beauty & Personal Care,Tier-1 Metro,224,506,880,52778.45,3.96,0.1179,4,0.2231,-0.1186,0.5061,0.1897,10,0
SLR001797,Fashion,Tier-1 Metro,373,357,1095,39109.98,3.47,0.292,7,-0.3996,-0.2074,0.6361,0.1933,0,0
SLR001798,Grocery,Tier-1 Metro,268,462,586,44322.31,2.93,0.1539,5,-0.4047,-0.0814,0.7429,0.2574,100,1
SLR001799,Sports & Fitness,Tier-1 Metro,455,275,634,24941.8,3.89,0.1288,6,-0.2416,-0.343,0.5642,0.1326,4,0
SLR001800,Fashion,Tier-1 Metro,123,607,789,51821.15,3.52,0.2662,9,0.1064,0.0143,0.5475,0.1198,16,0
SLR001801,Fashion,Tier-1 Metro,0,730,1529,70529.8,3.61,0.2564,10,0.0175,-0.2738,0.6964,0.1792,131,1
SLR001802,Beauty & Personal Care,Tier-3 Town,324,406,468,18265.45,3.61,0.2578,6,-0.3013,0.1512,0.5508,0.2397,21,1
SLR001803,Toys & Baby,Tier-3 Town,127,603,1638,34287.83,3.93,0.2136,8,-0.2545,-0.2715,0.7901,0.1705,86,1
SLR001804,Mobiles & Accessories,Tier-3 Town,222,508,627,23210.76,3.68,0.2907,6,0.0737,-0.1671,0.5598,0.1926,77,1
SLR001805,Electronics,Tier-1 Metro,360,370,711,52463.57,3.6,0.1967,8,-0.3406,-0.1479,0.2872,0.128,7,0
SLR001806,Sports & Fitness,Tier-2 City,8,722,808,34592.59,2.86,0.1891,9,-0.4543,-0.0501,0.4692,0.4162,24,1
SLR001807,Fashion,Tier-3 Town,0,730,812,45151.21,4.04,0.3487,4,-0.1602,-0.1098,0.6188,0.1216,8,1
SLR001808,Beauty & Personal Care,Tier-1 Metro,529,201,291,50629.86,4.07,0.143,12,0.1101,-0.3526,0.2894,0.0754,38,1
SLR001809,Grocery,Tier-2 City,50,680,1061,51274.8,3.55,0.1335,5,0.0361,0.1274,0.5482,0.2856,1,0
SLR001810,Electronics,Tier-2 City,540,190,119,24109.74,3.63,0.2559,11,-0.5304,-0.4657,0.8983,0.1606,109,1
SLR001811,Mobiles & Accessories,Tier-2 City,0,730,449,10706.28,2.63,0.2289,9,0.0127,-0.2827,0.5377,0.2243,8,0
SLR001812,Home & Kitchen,Tier-3 Town,101,629,2413,108676.14,3.54,0.2753,5,-0.2647,-0.2988,0.5172,0.2897,97,1
SLR001813,Sports & Fitness,Tier-3 Town,0,730,580,18656.72,4.2,0.2346,3,-0.155,-0.1931,0.8319,0.2511,22,0
SLR001814,Toys & Baby,Tier-2 City,19,711,709,23779.29,4.11,0.1551,4,-0.0762,0.0154,0.7982,0.1187,19,0
SLR001815,Grocery,Tier-1 Metro,445,285,127,11180.31,3.32,0.117,12,-0.0673,-0.1469,0.4332,0.2249,56,1
SLR001816,Toys & Baby,Tier-3 Town,3,727,186,10139.64,3.07,0.2584,9,-0.741,-0.1854,0.6442,0.414,25,1
SLR001817,Mobiles & Accessories,Tier-2 City,237,493,376,25434.4,3.42,0.2483,8,0.0464,-0.319,0.3377,0.2438,5,1
SLR001818,Fashion,Tier-2 City,588,142,81,15802.11,3.21,0.2888,11,0.2234,-0.0636,0.5865,0.0936,43,1
SLR001819,Toys & Baby,Tier-2 City,432,298,427,22809.24,3.98,0.1588,1,0.3016,-0.0165,0.7333,0.2088,0,0
SLR001820,Mobiles & Accessories,Tier-1 Metro,413,317,266,26473.75,3.41,0.2487,5,-0.2021,-0.3954,0.5384,0.2297,83,1
SLR001821,Home & Kitchen,Tier-3 Town,70,660,2226,121150.85,4.49,0.1864,9,0.0841,-0.0106,0.6397,0.2495,37,0
SLR001822,Grocery,Tier-2 City,25,705,2084,79583.81,4.63,0.1098,7,0.6033,-0.2232,0.8153,0.1132,7,0
SLR001823,Beauty & Personal Care,Tier-2 City,459,271,214,18897.15,4.54,0.1922,5,-0.1185,0.0813,0.7212,0.268,5,0
SLR001824,Home & Kitchen,Tier-2 City,564,166,62,5862.23,3.85,0.1408,4,-0.2751,-0.0502,0.5262,0.0968,22,0
SLR001825,Beauty & Personal Care,Tier-1 Metro,552,178,492,29425.94,3.8,0.1263,3,0.2105,0.2153,0.7273,0.1752,15,0
SLR001826,Home & Kitchen,Tier-2 City,295,435,360,33412.41,3.19,0.1992,18,-0.2335,-0.0934,0.4713,0.1567,54,1
SLR001827,Mobiles & Accessories,Tier-1 Metro,490,240,194,24558.53,4.02,0.207,4,-0.046,0.0164,0.8884,0.0,18,0
SLR001828,Grocery,Tier-1 Metro,0,730,458,12662.5,4.12,0.0622,2,-0.0662,-0.1964,0.8582,0.0006,0,0
SLR001829,Toys & Baby,Tier-1 Metro,453,277,362,51090.81,3.23,0.1633,8,0.0684,-0.2356,0.922,0.134,30,0
SLR001830,Mobiles & Accessories,Tier-2 City,396,334,616,72787.08,3.6,0.2038,6,0.2373,0.1615,0.6464,0.2408,9,0
SLR001831,Electronics,Tier-1 Metro,0,730,2226,70393.4,4.08,0.1672,5,0.1416,0.009,0.7141,0.2072,18,1
SLR001832,Electronics,Tier-3 Town,434,296,508,62451.85,3.02,0.3273,15,-0.1825,-0.1636,0.5267,0.2566,17,1
SLR001833,Home & Kitchen,Tier-3 Town,335,395,536,42105.02,4.2,0.2223,4,0.2849,0.0769,0.7422,0.1888,26,0
SLR001834,Beauty & Personal Care,Tier-2 City,387,343,649,70528.6,2.51,0.2442,10,0.0333,-0.274,0.5598,0.2816,29,1
SLR001835,Fashion,Tier-2 City,228,502,232,10643.32,3.12,0.3412,11,-0.2342,-0.2918,0.5603,0.3695,31,0
SLR001836,Toys & Baby,Tier-2 City,425,305,581,22453.79,3.86,0.1753,2,-0.1535,-0.0118,0.6717,0.2632,8,0
SLR001837,Mobiles & Accessories,Tier-3 Town,261,469,415,15728.69,4.06,0.2364,7,0.1294,-0.0283,1.0,0.0592,10,0
SLR001838,Mobiles & Accessories,Tier-1 Metro,320,410,1201,92384.13,3.39,0.1844,7,-0.2168,-0.1193,0.443,0.1442,47,1
SLR001839,Sports & Fitness,Tier-2 City,407,323,166,12371.53,3.08,0.249,8,-0.2201,-0.5216,0.5745,0.3533,36,1
SLR001840,Fashion,Tier-1 Metro,320,410,599,20418.11,2.65,0.2743,9,-0.361,-0.1684,0.4426,0.1971,2,0
SLR001841,Mobiles & Accessories,Tier-2 City,542,188,998,192173.76,3.17,0.2779,3,-0.0366,0.0226,0.6592,0.2207,77,1
SLR001842,Mobiles & Accessories,Tier-2 City,341,389,47,1971.53,3.19,0.2143,4,-0.0643,-0.1702,0.8657,0.2257,0,0
SLR001843,Beauty & Personal Care,Tier-1 Metro,675,55,12,4444.82,3.42,0.1772,5,0.1091,-0.1065,0.4961,0.188,55,1
SLR001844,Sports & Fitness,Tier-1 Metro,0,730,2210,81891.73,3.66,0.164,3,-0.0992,0.0041,0.6178,0.2951,15,0
SLR001845,Beauty & Personal Care,Tier-1 Metro,550,180,277,39138.04,4.67,0.0901,2,0.1588,-0.0855,0.5718,0.0792,23,1
SLR001846,Grocery,Tier-1 Metro,544,186,21,2277.16,2.92,0.1522,13,-0.0564,-0.1613,0.5226,0.2023,49,1
SLR001847,Grocery,Tier-2 City,526,204,1154,115370.23,3.86,0.1026,2,0.1535,-0.2052,0.6687,0.0259,6,0
SLR001848,Grocery,Tier-2 City,477,253,209,13453.05,2.88,0.1331,8,-0.7265,-0.2201,0.1907,0.2754,86,1
SLR001849,Toys & Baby,Tier-2 City,576,154,143,33251.6,4.72,0.1309,2,0.3432,0.0178,0.6919,0.0496,0,0
SLR001850,Mobiles & Accessories,Tier-3 Town,396,334,435,38847.32,3.68,0.2917,8,0.1259,0.1856,0.6978,0.1718,4,0
SLR001851,Grocery,Tier-3 Town,0,730,458,9470.28,3.71,0.2107,5,-0.4244,-0.1136,0.412,0.2068,21,1
SLR001852,Home & Kitchen,Tier-1 Metro,408,322,79,3298.99,3.75,0.1816,8,-0.1759,-0.0737,0.4767,0.1673,31,1
SLR001853,Electronics,Tier-3 Town,245,485,537,36396.52,3.69,0.2716,5,0.1331,0.3426,0.7194,0.1006,0,0
SLR001854,Sports & Fitness,Tier-3 Town,0,730,1156,32164.46,3.3,0.269,7,-0.0354,0.1149,0.4941,0.1825,12,0
SLR001855,Beauty & Personal Care,Tier-1 Metro,325,405,862,67412.27,4.4,0.1295,5,-0.1864,0.0674,0.5312,0.1197,109,1
SLR001856,Mobiles & Accessories,Tier-1 Metro,0,730,366,15134.24,3.42,0.2312,11,-0.5863,-0.098,0.3622,0.2481,0,0
SLR001857,Fashion,Tier-3 Town,526,204,290,42535.83,3.55,0.3496,8,-0.0561,-0.366,0.4494,0.1693,0,0
SLR001858,Beauty & Personal Care,Tier-1 Metro,555,175,160,19009.8,3.75,0.1459,5,-0.5594,-0.1453,0.7101,0.0971,2,0
SLR001859,Fashion,Tier-2 City,337,393,23,648.52,2.92,0.3403,8,-0.7225,-0.6236,0.4728,0.28,57,1
SLR001860,Grocery,Tier-1 Metro,0,730,3108,75551.19,4.72,0.0498,2,0.4896,0.2791,0.7555,0.0753,8,0
SLR001861,Toys & Baby,Tier-3 Town,529,201,375,38061.79,3.16,0.2103,5,-0.0435,-0.1998,0.5996,0.2706,12,0
SLR001862,Electronics,Tier-1 Metro,0,730,1272,58645.47,4.19,0.1358,1,-0.0983,0.0987,0.6766,0.097,1,0
SLR001863,Toys & Baby,Tier-2 City,532,198,348,36692.22,3.54,0.2093,6,0.0391,-0.2758,0.7313,0.147,65,1
SLR001864,Grocery,Tier-2 City,409,321,157,16766.13,3.43,0.1446,6,0.2585,-0.0532,0.7102,0.1492,4,0
SLR001865,Home & Kitchen,Tier-1 Metro,477,253,259,21327.58,3.52,0.1724,7,-0.357,-0.3404,0.1353,0.2208,21,1
SLR001866,Grocery,Tier-2 City,505,225,175,12443.68,3.74,0.1461,7,0.2818,0.0156,0.8156,0.1459,15,0
SLR001867,Fashion,Tier-3 Town,645,85,69,19445.95,3.49,0.3655,8,-0.6086,-0.0623,0.4433,0.1773,59,1
SLR001868,Beauty & Personal Care,Tier-3 Town,469,261,797,94917.14,3.13,0.1902,8,0.091,-0.1247,0.8453,0.1709,8,0
SLR001869,Mobiles & Accessories,Tier-3 Town,452,278,307,20407.46,3.52,0.2682,12,0.1608,-0.2803,0.6656,0.2462,5,1
SLR001870,Sports & Fitness,Tier-1 Metro,0,730,371,7509.34,4.35,0.141,1,0.065,-0.1319,0.647,0.2913,12,0
SLR001871,Electronics,Tier-2 City,498,232,243,21003.97,2.83,0.2856,8,-0.2708,-0.2112,0.4362,0.2176,42,1
SLR001872,Home & Kitchen,Tier-2 City,353,377,366,16077.0,2.63,0.282,11,-0.8051,-0.2187,0.2643,0.2297,21,1
SLR001873,Beauty & Personal Care,Tier-3 Town,178,552,1341,99192.0,3.94,0.2033,2,-0.1513,-0.287,0.712,0.1558,4,0
SLR001874,Toys & Baby,Tier-1 Metro,263,467,1491,63616.01,3.7,0.1753,3,-0.1662,-0.1713,0.4529,0.2063,0,0
SLR001875,Mobiles & Accessories,Tier-1 Metro,205,525,1132,55574.49,3.66,0.198,5,-0.2674,-0.0159,0.6662,0.022,17,0
SLR001876,Grocery,Tier-2 City,473,257,113,16953.82,3.76,0.1581,7,0.0393,0.1198,0.6772,0.2958,3,0
SLR001877,Sports & Fitness,Tier-2 City,320,410,135,5768.81,3.73,0.1613,3,-0.3632,-0.0293,0.8832,0.0908,12,0
SLR001878,Electronics,Tier-1 Metro,540,190,167,34592.98,3.89,0.1169,4,0.1874,0.0343,0.6672,0.226,10,0
SLR001879,Fashion,Tier-3 Town,260,470,2366,73594.27,3.55,0.3758,9,0.1727,-0.0334,0.5435,0.1988,10,0
SLR001880,Fashion,Tier-2 City,0,730,89,3677.56,2.75,0.3063,14,-0.0148,-0.0199,0.6908,0.1918,2,0
SLR001881,Sports & Fitness,Tier-1 Metro,0,730,536,18688.7,3.31,0.1144,5,-0.0858,0.1829,0.5003,0.1321,0,0
SLR001882,Electronics,Tier-1 Metro,458,272,541,47167.0,4.08,0.1216,2,-0.3232,0.1483,0.6033,0.0096,0,0
SLR001883,Toys & Baby,Tier-2 City,462,268,455,62809.48,2.69,0.2299,18,-0.7843,-0.1642,0.3152,0.3985,76,1
SLR001884,Toys & Baby,Tier-2 City,268,462,816,25454.25,3.52,0.1274,5,0.4701,0.2751,0.4155,0.1478,3,0
SLR001885,Mobiles & Accessories,Tier-1 Metro,362,368,1960,207081.36,3.58,0.1946,6,-0.3325,-0.1423,0.5742,0.2059,110,1
SLR001886,Mobiles & Accessories,Tier-1 Metro,689,41,62,27782.32,3.29,0.1446,9,0.178,0.0054,0.5829,0.1637,5,1
SLR001887,Toys & Baby,Tier-1 Metro,312,418,463,28225.83,4.02,0.109,5,0.1972,0.1207,0.8912,0.0292,0,0
SLR001888,Toys & Baby,Tier-1 Metro,448,282,184,20764.83,3.4,0.1447,2,-0.6383,-0.094,0.5943,0.249,12,0
SLR001889,Sports & Fitness,Tier-2 City,274,456,1918,104267.85,3.87,0.1835,3,-0.1777,-0.2561,0.4623,0.2013,11,0
SLR001890,Toys & Baby,Tier-1 Metro,565,165,611,111608.21,4.87,0.083,1,0.011,0.161,0.9139,0.0354,30,0
SLR001891,Fashion,Tier-2 City,466,264,442,24076.55,4.36,0.2984,5,-0.1499,-0.2205,0.6855,0.1434,63,1
SLR001892,Fashion,Tier-1 Metro,0,730,762,20620.89,3.42,0.2864,9,-0.3844,0.0858,0.5489,0.1775,145,1
SLR001893,Electronics,Tier-2 City,428,302,947,128943.58,3.43,0.2208,5,0.5441,-0.2498,0.367,0.2705,8,1
SLR001894,Fashion,Tier-2 City,218,512,727,33510.27,2.8,0.3329,9,-0.294,-0.207,0.7035,0.2036,16,1
SLR001895,Electronics,Tier-1 Metro,474,256,410,28484.25,3.97,0.2019,4,0.4887,-0.0087,0.6996,0.1432,0,0
SLR001896,Fashion,Tier-2 City,501,229,421,39620.85,3.87,0.2778,14,-0.3002,-0.1257,0.6556,0.1331,45,0
SLR001897,Mobiles & Accessories,Tier-1 Metro,365,365,446,15351.69,3.33,0.2355,9,0.0726,-0.3926,0.7903,0.2018,39,1
SLR001898,Grocery,Tier-3 Town,458,272,687,99070.26,4.3,0.1862,6,-0.299,-0.1489,0.7015,0.128,19,0
SLR001899,Grocery,Tier-2 City,483,247,29,3663.24,4.12,0.1835,4,-0.1166,0.4611,0.6841,0.1959,5,1
SLR001900,Beauty & Personal Care,Tier-2 City,344,386,285,16853.32,4.21,0.1168,4,0.0351,-0.0542,0.6434,0.111,0,0
SLR001901,Grocery,Tier-2 City,489,241,316,46240.13,4.11,0.1193,3,0.4297,0.1626,0.7401,0.1731,0,0
SLR001902,Electronics,Tier-1 Metro,660,70,176,36288.27,3.78,0.1663,6,-0.4209,-0.1353,0.8547,0.1474,21,0
SLR001903,Beauty & Personal Care,Tier-1 Metro,0,730,1046,44915.61,4.26,0.0685,2,0.0303,0.0912,0.7606,0.1603,18,0
SLR001904,Beauty & Personal Care,Tier-1 Metro,290,440,1484,96148.87,3.4,0.117,6,0.1405,-0.1337,0.5565,0.0825,63,1
SLR001905,Grocery,Tier-1 Metro,27,703,846,21968.56,3.98,0.1285,9,-0.04,-0.5532,0.3328,0.1209,102,1
SLR001906,Sports & Fitness,Tier-1 Metro,185,545,845,38949.91,4.42,0.1753,7,0.1712,-0.0451,0.6868,0.0521,10,0
SLR001907,Home & Kitchen,Tier-1 Metro,451,279,261,31935.45,4.42,0.1605,9,-0.3662,0.2552,0.5501,0.1662,28,0
SLR001908,Mobiles & Accessories,Tier-3 Town,411,319,1135,98498.11,3.12,0.2743,5,0.1428,-0.0705,0.7333,0.2533,0,0
SLR001909,Grocery,Tier-3 Town,434,296,195,26000.72,3.4,0.2201,8,-0.4257,0.0591,0.4699,0.1467,27,1
SLR001910,Home & Kitchen,Tier-1 Metro,55,675,186,3681.34,4.53,0.1457,4,-0.4194,-0.2816,0.5199,0.1444,13,0
SLR001911,Sports & Fitness,Tier-1 Metro,504,226,265,35212.68,4.32,0.0694,2,0.2636,0.309,0.7411,0.1262,8,0
SLR001912,Beauty & Personal Care,Tier-1 Metro,634,96,140,15759.21,3.59,0.138,6,0.2684,-0.1378,0.6058,0.1012,26,0
SLR001913,Toys & Baby,Tier-1 Metro,0,730,1414,73119.51,3.34,0.1528,7,-0.1346,-0.2282,0.5131,0.137,60,1
SLR001914,Home & Kitchen,Tier-2 City,617,113,45,9789.55,3.27,0.2626,5,-0.2215,-0.1557,0.3083,0.1874,101,1
SLR001915,Beauty & Personal Care,Tier-2 City,570,160,20,3175.34,4.06,0.1649,5,0.2156,0.2309,0.3188,0.1853,0,0
SLR001916,Mobiles & Accessories,Tier-2 City,665,65,18,8820.58,3.96,0.2292,7,-0.101,0.077,0.7885,0.323,7,0
SLR001917,Beauty & Personal Care,Tier-2 City,178,552,829,18618.63,3.33,0.1818,7,-0.0016,-0.3163,0.434,0.1618,11,0
SLR001918,Mobiles & Accessories,Tier-3 Town,445,285,324,23754.53,3.71,0.3046,9,-0.159,-0.0322,0.6069,0.3004,67,1
SLR001919,Toys & Baby,Tier-2 City,634,96,54,15749.37,3.05,0.2356,13,-0.282,-0.385,0.5719,0.2615,25,1
SLR001920,Electronics,Tier-1 Metro,464,266,166,18553.3,4.49,0.107,2,-0.1092,0.0199,0.5868,0.0186,0,0
SLR001921,Beauty & Personal Care,Tier-1 Metro,215,515,330,17390.01,3.26,0.1542,8,0.0277,-0.455,0.4724,0.1244,22,1
SLR001922,Mobiles & Accessories,Tier-2 City,574,156,597,45251.75,4.51,0.1932,3,-0.0716,0.005,0.4854,0.1352,7,0
SLR001923,Grocery,Tier-1 Metro,373,357,350,14869.25,4.61,0.1028,1,-0.2036,0.0895,0.4023,0.2662,29,0
SLR001924,Beauty & Personal Care,Tier-1 Metro,114,616,688,24316.58,3.23,0.1734,6,-0.314,0.036,0.7192,0.2607,3,0
SLR001925,Home & Kitchen,Tier-1 Metro,502,228,243,15396.23,3.57,0.156,6,-0.3218,-0.0368,0.7346,0.2469,21,0
SLR001926,Grocery,Tier-3 Town,542,188,273,31023.27,3.87,0.1808,4,-0.0709,0.0526,0.6853,0.157,0,0
SLR001927,Grocery,Tier-3 Town,544,186,128,10942.75,4.48,0.16,2,-0.5041,0.131,0.7287,0.1795,7,0
SLR001928,Beauty & Personal Care,Tier-1 Metro,97,633,2919,181256.78,4.47,0.1327,6,0.1241,0.0584,0.65,0.1591,2,0
SLR001929,Grocery,Tier-1 Metro,298,432,869,37555.85,3.61,0.1512,6,-0.2238,-0.1917,0.6167,0.2293,5,1
SLR001930,Home & Kitchen,Tier-3 Town,665,65,103,58849.56,3.6,0.2929,9,-0.0985,-0.2344,0.7352,0.3094,65,1
SLR001931,Beauty & Personal Care,Tier-2 City,667,63,30,19243.75,3.05,0.2485,12,-0.3345,-0.3267,0.5231,0.3319,31,1
SLR001932,Sports & Fitness,Tier-2 City,159,571,608,15099.85,3.42,0.1883,12,-0.1788,-0.3986,0.6326,0.2396,7,1
SLR001933,Mobiles & Accessories,Tier-2 City,66,664,1055,46258.97,3.66,0.261,11,-0.5113,-0.2778,0.3664,0.2507,49,1
SLR001934,Mobiles & Accessories,Tier-1 Metro,465,265,1535,69357.68,3.31,0.1794,5,-0.1706,0.2344,0.5996,0.2124,0,0
SLR001935,Beauty & Personal Care,Tier-3 Town,264,466,1023,85053.97,3.05,0.3015,11,-0.7481,-0.4561,0.3434,0.3191,82,1
SLR001936,Beauty & Personal Care,Tier-1 Metro,512,218,658,69153.33,4.41,0.1487,9,-0.0876,-0.2364,0.53,0.0868,46,1
SLR001937,Beauty & Personal Care,Tier-3 Town,355,375,402,21377.17,3.76,0.2404,3,-0.0717,0.0967,0.7808,0.2213,0,0
SLR001938,Fashion,Tier-1 Metro,496,234,86,13425.85,3.48,0.2237,3,-0.2463,-0.0797,0.5608,0.139,47,1
SLR001939,Beauty & Personal Care,Tier-3 Town,448,282,589,67239.35,4.41,0.2337,6,0.5747,-0.3879,0.9449,0.185,0,0
SLR001940,Toys & Baby,Tier-2 City,254,476,1030,46355.89,3.7,0.2067,12,-0.1488,-0.217,0.7176,0.1911,0,0
SLR001941,Grocery,Tier-2 City,306,424,1271,91540.35,3.83,0.1178,6,-0.3802,0.0538,0.7195,0.1761,14,0
SLR001942,Mobiles & Accessories,Tier-3 Town,421,309,685,61109.18,3.59,0.2859,10,-0.0711,-0.141,0.8988,0.1596,51,1
SLR001943,Toys & Baby,Tier-2 City,662,68,166,43483.1,3.83,0.2044,7,-0.2291,-0.1802,0.6384,0.1978,40,1
SLR001944,Sports & Fitness,Tier-3 Town,242,488,880,65423.23,3.42,0.231,7,-0.3949,-0.0675,0.6563,0.3635,23,1
SLR001945,Beauty & Personal Care,Tier-2 City,500,230,446,68067.12,3.39,0.226,3,-0.607,-0.0391,0.5629,0.1604,0,0
SLR001946,Toys & Baby,Tier-2 City,487,243,539,81457.97,4.19,0.1696,5,-0.0793,-0.2371,0.42,0.0666,5,0
SLR001947,Toys & Baby,Tier-1 Metro,460,270,1239,165319.27,4.69,0.0845,3,0.0474,0.2137,0.6464,0.0455,22,0
SLR001948,Beauty & Personal Care,Tier-1 Metro,536,194,85,5606.15,4.44,0.0948,2,0.7763,0.2509,0.608,0.0385,27,0
SLR001949,Toys & Baby,Tier-1 Metro,171,559,1084,62576.92,4.67,0.1257,6,0.0207,0.1018,0.8165,0.0609,0,0
SLR001950,Beauty & Personal Care,Tier-1 Metro,399,331,1574,115969.05,3.74,0.1516,7,-0.0609,0.0198,0.5623,0.1416,0,0
SLR001951,Home & Kitchen,Tier-2 City,695,35,19,13962.98,3.43,0.2384,7,-0.4713,-0.2343,0.5488,0.2101,5,1
SLR001952,Fashion,Tier-2 City,304,426,153,4425.96,3.51,0.3332,7,-0.7288,-0.3872,0.7653,0.3312,35,1
SLR001953,Electronics,Tier-1 Metro,607,123,418,38896.28,4.01,0.1682,7,0.0257,-0.16,0.649,0.1093,20,0
SLR001954,Electronics,Tier-3 Town,230,500,1449,79424.39,3.69,0.2466,5,0.4047,0.1457,0.7593,0.1936,8,0
SLR001955,Toys & Baby,Tier-2 City,64,666,1031,39538.18,3.19,0.2,7,-0.6663,-0.1304,0.5127,0.2586,9,1
SLR001956,Sports & Fitness,Tier-2 City,141,589,2783,167878.41,4.19,0.1691,4,0.0741,-0.0212,0.6172,0.1483,0,0
SLR001957,Sports & Fitness,Tier-1 Metro,466,264,605,56670.88,3.83,0.1479,5,0.0587,0.0822,0.6753,0.2241,41,1
SLR001958,Toys & Baby,Tier-1 Metro,40,690,1004,22939.61,3.4,0.1608,6,0.0711,-0.3454,0.573,0.1921,80,1
SLR001959,Home & Kitchen,Tier-3 Town,84,646,2708,87490.69,4.2,0.176,1,-0.1611,-0.037,0.9014,0.172,21,0
SLR001960,Mobiles & Accessories,Tier-3 Town,320,410,542,20561.07,3.8,0.2856,5,0.055,0.0043,0.6793,0.2136,6,0
SLR001961,Mobiles & Accessories,Tier-2 City,371,359,436,14226.15,3.32,0.2629,7,-0.2925,-0.1499,0.4858,0.1971,58,1
SLR001962,Mobiles & Accessories,Tier-2 City,406,324,1244,68771.88,4.68,0.2079,5,0.0099,0.1212,0.9713,0.0705,40,0
SLR001963,Fashion,Tier-2 City,351,379,798,45951.96,3.65,0.3313,10,-0.2733,-0.4609,0.6373,0.14,4,0
SLR001964,Grocery,Tier-1 Metro,383,347,1119,122722.14,4.5,0.1016,10,-0.4838,0.1633,0.6049,0.1267,19,0
SLR001965,Grocery,Tier-2 City,148,582,2575,72365.5,4.0,0.1575,3,-0.6786,-0.0134,0.4589,0.1422,2,0
SLR001966,Fashion,Tier-2 City,612,118,97,9424.18,4.57,0.2441,3,-0.3652,0.2466,0.7013,0.0808,5,0
SLR001967,Home & Kitchen,Tier-2 City,419,311,456,57644.95,3.28,0.1956,8,-0.1148,-0.093,0.6832,0.2674,0,0
SLR001968,Mobiles & Accessories,Tier-2 City,458,272,122,9178.82,3.28,0.2616,11,-0.2373,0.078,0.4032,0.1952,19,1
SLR001969,Fashion,Tier-3 Town,343,387,286,16770.52,3.34,0.4111,12,-0.328,-0.2468,0.9231,0.3272,52,1
SLR001970,Fashion,Tier-2 City,320,410,563,43216.79,2.1,0.3337,10,-0.0564,-0.4021,0.5335,0.3041,105,1
SLR001971,Home & Kitchen,Tier-1 Metro,0,730,1860,78815.23,2.57,0.2033,11,-0.5426,-0.3817,0.1359,0.2648,35,1
SLR001972,Beauty & Personal Care,Tier-1 Metro,577,153,210,32276.45,3.97,0.1341,7,0.1639,-0.064,0.6492,0.1201,27,0
SLR001973,Beauty & Personal Care,Tier-1 Metro,381,349,946,91060.58,3.08,0.166,10,0.0536,0.1496,0.5169,0.1442,24,1
SLR001974,Home & Kitchen,Tier-1 Metro,113,617,620,23923.46,3.84,0.1758,5,-0.0498,-0.07,0.5947,0.1133,4,0
SLR001975,Electronics,Tier-2 City,274,456,704,43377.56,3.88,0.1856,4,0.1204,0.212,0.6927,0.1952,6,0
SLR001976,Mobiles & Accessories,Tier-3 Town,719,11,5,6911.94,3.31,0.2779,8,-0.1754,-0.1884,0.4938,0.2762,7,0
SLR001977,Toys & Baby,Tier-1 Metro,384,346,530,19371.14,4.41,0.0896,2,0.6163,0.295,0.9886,0.0,13,0
SLR001978,Sports & Fitness,Tier-2 City,25,705,1333,29425.31,4.09,0.2203,7,-0.189,-0.3888,0.4929,0.3137,0,0
SLR001979,Toys & Baby,Tier-1 Metro,563,167,44,6736.78,3.84,0.1608,2,0.2556,0.1878,0.6421,0.1989,19,0
SLR001980,Sports & Fitness,Tier-3 Town,0,730,1609,87966.96,3.25,0.2183,8,0.0975,0.1086,0.198,0.1718,0,0
SLR001981,Sports & Fitness,Tier-2 City,558,172,243,19343.99,4.67,0.1475,1,0.0643,0.3326,0.5809,0.0776,11,0
SLR001982,Toys & Baby,Tier-2 City,394,336,174,21418.38,3.88,0.0555,3,0.2375,0.1595,0.706,0.1346,0,0
SLR001983,Home & Kitchen,Tier-1 Metro,0,730,366,19739.53,4.1,0.2015,5,-0.546,-0.191,0.7844,0.0991,7,0
SLR001984,Beauty & Personal Care,Tier-3 Town,197,533,500,28974.52,3.63,0.1907,5,0.0851,0.1156,1.0,0.2119,12,0
SLR001985,Sports & Fitness,Tier-3 Town,337,393,610,25613.13,2.91,0.2451,13,-0.6484,-0.0304,0.562,0.1974,130,1
SLR001986,Mobiles & Accessories,Tier-1 Metro,391,339,168,9008.22,3.58,0.2263,6,-0.0921,0.0589,0.7197,0.1401,87,1
SLR001987,Mobiles & Accessories,Tier-3 Town,470,260,226,30827.28,3.51,0.3157,8,-0.1139,-0.268,0.2247,0.1847,36,1
SLR001988,Electronics,Tier-1 Metro,661,69,160,66605.0,3.18,0.1809,11,-0.8662,-0.295,0.1968,0.1671,69,1
SLR001989,Mobiles & Accessories,Tier-1 Metro,221,509,506,29516.74,4.35,0.1633,6,-0.1245,0.1388,0.7967,0.1298,3,0
SLR001990,Toys & Baby,Tier-1 Metro,300,430,1215,38852.05,3.51,0.1616,6,0.0325,0.0171,0.5566,0.2217,7,1
SLR001991,Beauty & Personal Care,Tier-3 Town,707,23,22,15534.96,3.56,0.2707,14,-0.3076,-0.2927,0.4414,0.3276,23,1
SLR001992,Beauty & Personal Care,Tier-3 Town,467,263,611,68455.68,4.43,0.1462,2,-0.0303,0.0015,0.6359,0.0492,0,0
SLR001993,Grocery,Tier-1 Metro,212,518,600,47235.06,3.54,0.1545,11,-0.1858,0.2177,0.4408,0.161,52,1
SLR001994,Electronics,Tier-3 Town,0,730,2964,96211.13,3.86,0.2478,8,0.0716,-0.2479,0.5471,0.2258,77,1
SLR001995,Beauty & Personal Care,Tier-2 City,207,523,813,56268.71,4.06,0.1894,5,-0.2012,0.2524,0.5226,0.2721,70,1
SLR001996,Toys & Baby,Tier-1 Metro,617,113,294,82147.12,4.54,0.1479,9,-0.0763,0.1306,0.668,0.1598,5,0
SLR001997,Sports & Fitness,Tier-2 City,588,142,533,74512.63,4.47,0.1688,7,-0.4437,-0.0064,0.8129,0.158,17,0
SLR001998,Mobiles & Accessories,Tier-3 Town,30,700,2142,99490.8,2.94,0.3365,13,-0.0393,0.0185,0.5674,0.2684,19,1
SLR001999,Electronics,Tier-1 Metro,413,317,335,16919.83,3.67,0.1807,5,0.2448,-0.0069,0.5583,0.1577,4,0
SLR002000,Home & Kitchen,Tier-1 Metro,432,298,647,34463.5,3.35,0.1706,7,-0.3737,0.0561,0.4443,0.1701,125,1
SLR002001,Grocery,Tier-2 City,568,162,169,43263.04,4.68,0.1279,4,0.421,-0.0516,0.9377,0.1545,24,0
SLR002002,Mobiles & Accessories,Tier-2 City,437,293,304,40413.57,3.46,0.2494,5,0.0522,-0.044,0.5196,0.2277,0,0
SLR002003,Home & Kitchen,Tier-1 Metro,0,730,1324,59966.26,4.39,0.1114,4,0.2191,0.3723,0.6247,0.0562,0,0
SLR002004,Electronics,Tier-2 City,665,65,158,81467.96,4.28,0.1716,3,-0.0562,0.0451,0.6443,0.0948,5,0
SLR002005,Toys & Baby,Tier-1 Metro,412,318,467,35715.91,4.14,0.1309,6,-0.1935,0.2733,0.6814,0.0183,18,0
SLR002006,Toys & Baby,Tier-1 Metro,602,128,25,4622.28,3.6,0.1566,6,-0.1217,-0.1769,0.6235,0.1932,14,0
SLR002007,Fashion,Tier-2 City,45,685,1454,30803.17,3.28,0.3349,9,-0.4637,-0.2043,0.4461,0.1666,61,1
SLR002008,Electronics,Tier-2 City,120,610,524,16453.36,3.54,0.2121,7,-0.3131,-0.163,0.6827,0.1665,4,0
SLR002009,Fashion,Tier-1 Metro,105,625,460,28894.94,3.6,0.2498,13,0.0998,-0.0804,0.7302,0.2229,14,0
SLR002010,Toys & Baby,Tier-3 Town,595,135,318,86173.66,3.27,0.2666,4,-0.5844,0.0976,0.6948,0.3122,71,1
SLR002011,Fashion,Tier-3 Town,640,90,151,44587.01,2.45,0.379,9,-0.4279,-0.5382,0.4916,0.2813,51,1
SLR002012,Home & Kitchen,Tier-1 Metro,532,198,169,14400.65,3.36,0.148,8,-0.1281,-0.128,0.6137,0.2646,41,1
SLR002013,Mobiles & Accessories,Tier-3 Town,255,475,723,56765.06,3.82,0.313,7,-0.2899,-0.2499,0.6692,0.2331,18,1
SLR002014,Home & Kitchen,Tier-3 Town,561,169,80,14170.34,3.65,0.2772,12,0.0065,-0.3762,0.8063,0.2739,26,1
SLR002015,Home & Kitchen,Tier-1 Metro,186,544,83,4058.73,4.65,0.1371,9,-0.2429,-0.1873,0.6676,0.1785,0,0
SLR002016,Sports & Fitness,Tier-1 Metro,321,409,527,28388.3,4.54,0.1116,2,0.2099,0.0724,0.752,0.0404,6,0
SLR002017,Grocery,Tier-2 City,0,730,492,17511.25,3.52,0.1451,10,-0.1892,-0.0596,0.5745,0.1573,21,1
SLR002018,Sports & Fitness,Tier-2 City,0,730,2342,127461.06,4.37,0.1353,0,0.3565,0.208,0.5176,0.1508,6,0
SLR002019,Toys & Baby,Tier-2 City,679,51,66,17849.49,3.35,0.2201,10,-0.2469,-0.1039,0.4961,0.3675,51,1
SLR002020,Toys & Baby,Tier-3 Town,0,730,1588,55231.19,3.44,0.2664,6,-0.3655,-0.1468,0.4467,0.2067,80,1
SLR002021,Beauty & Personal Care,Tier-2 City,589,141,391,80541.76,4.13,0.1495,6,0.3009,0.0445,0.9259,0.1032,16,0
SLR002022,Electronics,Tier-1 Metro,659,71,115,47674.44,3.99,0.1628,2,-0.2913,0.0815,0.954,0.0948,12,0
SLR002023,Beauty & Personal Care,Tier-3 Town,553,177,567,128848.24,4.71,0.2022,7,0.1841,-0.0733,0.6573,0.1608,0,0
SLR002024,Beauty & Personal Care,Tier-3 Town,442,288,607,32237.5,4.37,0.2118,7,-0.2851,-0.1443,0.8333,0.2207,11,0
SLR002025,Home & Kitchen,Tier-2 City,437,293,898,64359.39,3.33,0.2207,9,-0.4629,-0.2343,0.5165,0.2093,54,1
SLR002026,Fashion,Tier-1 Metro,63,667,1118,68603.44,3.28,0.294,17,-0.4646,-0.1819,0.5148,0.1712,92,1
SLR002027,Mobiles & Accessories,Tier-1 Metro,0,730,627,20817.24,3.91,0.1553,7,-0.1814,0.2371,0.7498,0.1417,0,0
SLR002028,Fashion,Tier-1 Metro,17,713,638,36017.95,3.7,0.2676,11,-0.1965,-0.16,0.5174,0.1478,21,0
SLR002029,Grocery,Tier-1 Metro,625,105,211,54991.88,3.94,0.1065,4,-0.15,-0.0474,0.9705,0.1127,5,0
SLR002030,Electronics,Tier-2 City,220,510,1728,98609.55,3.33,0.2399,4,0.0793,-0.0265,0.6152,0.1393,8,0
SLR002031,Fashion,Tier-2 City,211,519,786,55932.01,3.43,0.3366,17,-0.1282,-0.1782,0.817,0.1899,19,0
SLR002032,Fashion,Tier-2 City,348,382,633,23347.68,3.34,0.3427,10,-0.834,-0.3101,0.4917,0.2487,0,0
SLR002033,Grocery,Tier-2 City,420,310,559,49811.72,3.71,0.135,5,0.2652,-0.1038,0.728,0.1676,89,1
SLR002034,Home & Kitchen,Tier-1 Metro,632,98,183,50730.71,4.09,0.0933,5,0.0786,0.1661,0.9281,0.1414,3,0
SLR002035,Sports & Fitness,Tier-1 Metro,534,196,101,21101.97,3.69,0.157,10,-0.2004,-0.1395,0.497,0.2345,5,1
SLR002036,Electronics,Tier-3 Town,507,223,121,21314.04,3.99,0.2454,2,0.2564,0.1707,0.6909,0.1623,3,0
SLR002037,Electronics,Tier-3 Town,720,10,4,1712.29,3.53,0.2466,4,-0.0893,0.0495,0.7416,0.149,10,0
SLR002038,Grocery,Tier-1 Metro,588,142,156,25694.22,4.06,0.0756,5,0.2664,0.1456,0.7313,0.1853,36,0
SLR002039,Home & Kitchen,Tier-1 Metro,303,427,64,4295.77,3.28,0.1722,17,-0.3374,-0.0668,0.4106,0.2624,43,1
SLR002040,Home & Kitchen,Tier-2 City,609,121,55,14638.51,3.43,0.2165,11,-0.3586,0.2124,0.4555,0.284,34,0
SLR002041,Sports & Fitness,Tier-3 Town,481,249,675,46283.43,3.4,0.2616,8,-0.412,-0.3785,0.718,0.2544,53,1
SLR002042,Beauty & Personal Care,Tier-2 City,280,450,739,38992.27,3.57,0.189,8,-0.4262,-0.1046,0.6741,0.2712,1,0
SLR002043,Sports & Fitness,Tier-2 City,111,619,832,35973.19,3.12,0.1808,10,-0.1633,-0.2032,0.4025,0.1677,10,1
SLR002044,Sports & Fitness,Tier-3 Town,580,150,163,41861.5,3.61,0.3112,9,-0.1911,-0.1501,0.8885,0.2856,88,1
SLR002045,Electronics,Tier-1 Metro,456,274,99,10196.77,2.55,0.2518,16,-0.7037,-0.3592,0.335,0.2399,84,1
SLR002046,Sports & Fitness,Tier-2 City,346,384,822,71101.42,3.87,0.1634,8,-0.4179,-0.0057,0.8601,0.1749,0,0
SLR002047,Grocery,Tier-2 City,144,586,147,5270.35,3.71,0.1936,3,-0.4803,-0.1539,0.8324,0.1521,0,0
SLR002048,Fashion,Tier-1 Metro,351,379,879,50009.04,3.85,0.2905,10,-0.2813,-0.4419,0.5073,0.141,120,1
SLR002049,Sports & Fitness,Tier-1 Metro,464,266,298,41521.04,3.83,0.0977,5,0.4591,0.1846,0.7725,0.1223,17,0
SLR002050,Fashion,Tier-3 Town,140,590,963,30597.34,4.52,0.3333,6,-0.2043,-0.2451,0.6163,0.1825,3,0
SLR002051,Home & Kitchen,Tier-2 City,299,431,197,11680.81,4.06,0.2144,8,-0.0678,0.015,0.4973,0.1749,13,0
SLR002052,Mobiles & Accessories,Tier-2 City,479,251,287,25865.09,3.36,0.2354,5,-0.4774,-0.0045,0.4554,0.198,63,1
SLR002053,Grocery,Tier-1 Metro,0,730,1731,53326.14,3.82,0.0377,2,0.0854,0.1905,0.5478,0.0617,16,0
SLR002054,Home & Kitchen,Tier-1 Metro,184,546,624,43016.04,4.05,0.146,4,0.0264,0.0815,0.6829,0.197,21,0
SLR002055,Mobiles & Accessories,Tier-2 City,491,239,310,49736.5,4.45,0.2187,9,0.0166,-0.1155,0.7943,0.1189,9,0
SLR002056,Grocery,Tier-2 City,600,130,134,29049.41,3.38,0.1556,5,-0.3447,0.1994,0.597,0.1387,107,1
SLR002057,Fashion,Tier-1 Metro,327,403,580,19650.65,3.76,0.2573,16,-0.1466,-0.1293,0.5123,0.1135,0,0
SLR002058,Fashion,Tier-2 City,232,498,1785,55020.52,3.89,0.2762,7,0.1481,0.1112,0.8066,0.1322,20,0
SLR002059,Mobiles & Accessories,Tier-1 Metro,180,550,358,13309.23,3.75,0.2534,5,-0.2956,-0.1256,0.5997,0.1605,14,0
SLR002060,Electronics,Tier-2 City,494,236,236,21043.26,2.71,0.2319,10,-0.3394,-0.217,0.7163,0.2109,7,1
SLR002061,Grocery,Tier-2 City,225,505,841,61758.7,4.37,0.1217,8,0.2048,-0.1561,0.6308,0.1085,11,0
SLR002062,Sports & Fitness,Tier-1 Metro,107,623,789,40333.6,3.58,0.1643,7,0.0548,-0.0422,0.446,0.1075,0,0
SLR002063,Electronics,Tier-2 City,468,262,353,53220.51,4.42,0.2165,8,-0.6429,0.0406,1.0,0.1548,10,0
SLR002064,Toys & Baby,Tier-1 Metro,383,347,551,31613.46,2.67,0.1676,6,-0.8434,-0.1406,0.7283,0.1602,27,1
SLR002065,Sports & Fitness,Tier-1 Metro,498,232,169,24122.72,4.01,0.1474,4,-0.4573,0.0251,0.6488,0.0936,106,1
SLR002066,Beauty & Personal Care,Tier-3 Town,301,429,409,22682.67,2.89,0.2159,14,-0.4815,-0.3179,0.6113,0.1642,126,1
SLR002067,Mobiles & Accessories,Tier-1 Metro,107,623,1062,39476.94,3.66,0.1951,5,-0.2738,-0.1897,0.8171,0.117,9,1
SLR002068,Sports & Fitness,Tier-1 Metro,327,403,541,43909.95,3.74,0.1393,11,-0.2943,0.2218,0.6384,0.2005,32,1
SLR002069,Sports & Fitness,Tier-3 Town,16,714,159,4090.59,3.11,0.2803,13,-0.4789,-0.3369,0.6267,0.384,58,1
SLR002070,Home & Kitchen,Tier-1 Metro,516,214,116,8371.35,3.57,0.1527,4,-0.3224,-0.1352,0.7316,0.2134,52,1
SLR002071,Beauty & Personal Care,Tier-2 City,0,730,801,13833.74,4.24,0.1503,2,0.3392,-0.3921,0.5459,0.2142,13,0
SLR002072,Home & Kitchen,Tier-1 Metro,476,254,230,13610.0,4.6,0.1415,2,-0.2795,-0.0991,0.7353,0.0492,10,0
SLR002073,Grocery,Tier-2 City,481,249,657,48999.84,3.79,0.1458,7,0.022,-0.0262,0.8519,0.1512,10,0
SLR002074,Mobiles & Accessories,Tier-1 Metro,0,730,220,6390.35,3.06,0.2416,4,-0.1075,-0.1108,0.5044,0.2448,34,1
SLR002075,Mobiles & Accessories,Tier-2 City,0,730,132,4696.59,4.0,0.2112,5,-0.1149,-0.1714,0.7245,0.0693,12,0
SLR002076,Grocery,Tier-1 Metro,430,300,366,48559.0,3.61,0.1102,8,-0.2341,-0.0714,0.8404,0.088,4,0
SLR002077,Mobiles & Accessories,Tier-1 Metro,333,397,1954,142509.56,4.05,0.1513,6,0.0002,0.2563,0.7517,0.2085,7,0
SLR002078,Fashion,Tier-2 City,0,730,1658,59601.85,3.42,0.3064,10,-0.4262,-0.3647,0.6465,0.2729,51,1
SLR002079,Toys & Baby,Tier-2 City,655,75,165,75968.75,3.96,0.1857,4,0.1418,0.2167,0.487,0.0769,4,0
SLR002080,Sports & Fitness,Tier-1 Metro,465,265,632,74962.67,3.99,0.0913,3,0.4204,0.0309,0.7248,0.1323,12,0
SLR002081,Toys & Baby,Tier-2 City,276,454,940,30477.69,3.22,0.1929,13,0.165,-0.012,0.4085,0.1655,18,0
SLR002082,Grocery,Tier-1 Metro,587,143,249,19832.26,4.14,0.0974,1,0.0322,-0.1256,0.468,0.1223,37,0
SLR002083,Home & Kitchen,Tier-1 Metro,465,265,194,20142.14,4.96,0.1282,3,-0.0119,-0.0302,0.6232,0.0824,1,0
SLR002084,Electronics,Tier-2 City,632,98,60,6912.99,4.03,0.2042,5,-0.2412,-0.2147,0.5964,0.19,14,0
SLR002085,Sports & Fitness,Tier-2 City,498,232,119,5564.4,3.72,0.2059,7,0.3094,-0.2062,0.5799,0.1325,8,1
SLR002086,Toys & Baby,Tier-2 City,409,321,213,15574.35,4.21,0.1399,2,-0.1566,-0.0065,0.6725,0.0901,18,0
SLR002087,Fashion,Tier-2 City,167,563,124,8216.88,3.48,0.3089,5,-0.5225,-0.2344,0.6613,0.2063,57,1
SLR002088,Electronics,Tier-1 Metro,457,273,178,8153.11,3.51,0.189,9,0.0202,-0.0559,0.5318,0.2389,14,0
SLR002089,Sports & Fitness,Tier-1 Metro,587,143,44,11267.9,4.33,0.1512,3,0.1988,0.009,0.7036,0.0251,62,1
SLR002090,Toys & Baby,Tier-3 Town,0,730,2519,90975.73,3.65,0.2434,5,-0.0581,0.3043,0.6522,0.2178,4,0
SLR002091,Home & Kitchen,Tier-2 City,238,492,523,13068.42,4.33,0.1718,7,-0.2042,0.1578,0.6681,0.1924,14,0
SLR002092,Fashion,Tier-1 Metro,494,236,308,26418.44,3.09,0.2985,9,-0.3276,-0.1818,0.4089,0.114,48,1
SLR002093,Sports & Fitness,Tier-2 City,150,580,471,31151.18,3.61,0.1801,4,0.114,-0.1675,0.6382,0.1317,13,0
SLR002094,Mobiles & Accessories,Tier-1 Metro,306,424,537,25588.21,3.65,0.1902,14,-0.0582,-0.0907,0.8015,0.188,56,1
SLR002095,Toys & Baby,Tier-2 City,121,609,467,24442.02,3.74,0.225,15,-0.7129,-0.3412,0.7486,0.2763,14,1
SLR002096,Toys & Baby,Tier-2 City,170,560,1361,65430.94,3.93,0.2145,4,-0.5536,-0.0773,0.6842,0.2452,57,1
SLR002097,Fashion,Tier-1 Metro,550,180,184,26873.72,3.0,0.3126,7,-0.4724,-0.3945,0.5969,0.2274,42,1
SLR002098,Mobiles & Accessories,Tier-1 Metro,0,730,585,26761.85,3.78,0.1352,3,0.1322,0.1771,0.927,0.0875,16,0
SLR002099,Beauty & Personal Care,Tier-3 Town,224,506,1743,67273.63,3.99,0.2232,7,-0.7203,0.068,0.7043,0.1915,8,0
SLR002100,Electronics,Tier-2 City,486,244,1008,91135.69,3.46,0.1632,1,0.1862,-0.188,1.0,0.0843,0,0
SLR002101,Beauty & Personal Care,Tier-3 Town,649,81,30,10147.54,4.4,0.229,4,-0.429,0.2582,0.7551,0.0865,43,1
SLR002102,Toys & Baby,Tier-3 Town,660,70,27,15177.77,3.47,0.2697,5,-0.3431,0.0271,0.5214,0.2491,53,1
SLR002103,Sports & Fitness,Tier-1 Metro,447,283,250,26581.91,3.83,0.1793,6,-0.3198,0.18,0.8259,0.1517,38,0
SLR002104,Toys & Baby,Tier-1 Metro,336,394,681,59823.34,4.76,0.1185,4,0.1404,-0.0965,0.4487,0.0641,2,0
SLR002105,Toys & Baby,Tier-3 Town,26,704,823,46083.38,2.85,0.2423,8,-0.5234,-0.0946,0.612,0.2608,77,1
SLR002106,Beauty & Personal Care,Tier-1 Metro,655,75,59,30237.44,3.58,0.152,6,-0.1434,0.0937,0.8295,0.0723,38,0
SLR002107,Grocery,Tier-2 City,338,392,594,47890.66,4.04,0.1568,9,-0.1275,-0.0393,0.5274,0.1577,189,1
SLR002108,Toys & Baby,Tier-1 Metro,417,313,464,57602.67,3.04,0.1352,10,-0.062,-0.0035,0.2969,0.2289,1,0
SLR002109,Grocery,Tier-2 City,404,326,730,88612.96,4.28,0.1558,6,0.1387,-0.4375,0.6841,0.1676,4,0
SLR002110,Beauty & Personal Care,Tier-2 City,193,537,771,35041.92,2.87,0.2254,17,-0.4844,-0.2739,0.7048,0.3118,55,1
SLR002111,Fashion,Tier-1 Metro,664,66,185,91803.32,2.84,0.2547,11,-0.3962,0.031,0.8479,0.24,40,1
SLR002112,Sports & Fitness,Tier-2 City,299,431,1378,73835.18,3.06,0.1958,9,-0.3542,-0.0175,0.778,0.1156,0,0
SLR002113,Grocery,Tier-2 City,184,546,1164,36524.32,3.43,0.2003,6,-0.3266,-0.2629,0.5803,0.135,16,0
SLR002114,Home & Kitchen,Tier-1 Metro,598,132,354,64596.48,4.2,0.1335,7,0.1037,-0.0542,0.5412,0.0706,0,0
SLR002115,Beauty & Personal Care,Tier-3 Town,413,317,571,46978.35,3.0,0.2554,9,-0.3307,-0.0501,0.6498,0.2991,5,0
SLR002116,Beauty & Personal Care,Tier-1 Metro,655,75,44,24433.34,3.64,0.1821,8,-0.1961,0.1129,0.6479,0.2474,13,0
SLR002117,Grocery,Tier-1 Metro,518,212,474,50984.4,3.31,0.1015,2,0.0078,0.0796,0.8415,0.1086,11,0
SLR002118,Beauty & Personal Care,Tier-2 City,655,75,83,12331.83,4.21,0.1694,6,-0.3647,0.3068,0.8222,0.2305,15,1
SLR002119,Mobiles & Accessories,Tier-1 Metro,320,410,1636,100987.42,4.49,0.1596,7,0.0226,-0.0341,0.5238,0.1895,16,0
SLR002120,Electronics,Tier-2 City,0,730,1234,36333.29,3.49,0.2162,7,-0.6464,-0.0264,0.6509,0.1275,8,0
SLR002121,Beauty & Personal Care,Tier-2 City,0,730,186,3894.65,3.58,0.1792,8,0.0193,-0.248,0.6855,0.2703,48,1
SLR002122,Grocery,Tier-2 City,559,171,318,48225.64,4.34,0.1325,10,0.2096,-0.0511,0.7738,0.197,9,0
SLR002123,Mobiles & Accessories,Tier-3 Town,461,269,158,20369.77,2.73,0.3502,10,-0.6585,-0.2648,0.4098,0.2686,18,1
SLR002124,Toys & Baby,Tier-1 Metro,0,730,931,40149.78,4.06,0.1759,8,-0.0466,-0.2876,0.3472,0.1874,19,1
SLR002125,Sports & Fitness,Tier-2 City,556,174,601,127211.44,4.38,0.1454,0,0.037,0.3161,0.751,0.0087,15,0
SLR002126,Home & Kitchen,Tier-3 Town,336,394,55,2857.05,3.58,0.2047,2,0.1846,0.1778,0.7899,0.1693,1,0
SLR002127,Toys & Baby,Tier-2 City,173,557,3030,213260.53,4.4,0.1721,1,0.0916,0.1702,0.8381,0.0,18,0
SLR002128,Beauty & Personal Care,Tier-1 Metro,543,187,421,46389.38,4.46,0.1064,3,0.3571,-0.0119,0.8909,0.1511,10,0
SLR002129,Electronics,Tier-1 Metro,551,179,439,94160.41,4.11,0.1701,6,0.6357,0.1277,0.6511,0.1423,15,0
SLR002130,Grocery,Tier-1 Metro,526,204,224,30442.24,4.12,0.0848,4,0.0168,0.0826,0.5294,0.1578,21,0
SLR002131,Beauty & Personal Care,Tier-3 Town,111,619,1106,43226.85,3.63,0.2024,7,-0.2442,-0.2901,0.8583,0.1833,4,0
SLR002132,Electronics,Tier-2 City,608,122,111,15070.23,3.28,0.2165,9,0.023,-0.3105,0.8491,0.2465,41,1
SLR002133,Sports & Fitness,Tier-1 Metro,491,239,380,51670.86,3.72,0.1755,10,-0.2469,-0.4142,0.7433,0.2363,26,1
SLR002134,Sports & Fitness,Tier-1 Metro,0,730,935,51883.39,4.79,0.1002,1,0.407,-0.0545,0.5722,0.0514,13,0
SLR002135,Mobiles & Accessories,Tier-3 Town,620,110,318,39306.58,4.0,0.2542,2,0.4246,0.2679,0.7447,0.2174,0,0
SLR002136,Home & Kitchen,Tier-2 City,258,472,660,55003.61,3.62,0.16,6,0.2027,0.0574,0.7501,0.1427,40,0
SLR002137,Mobiles & Accessories,Tier-1 Metro,162,568,787,24329.8,3.63,0.1709,3,0.1062,0.2281,0.5425,0.1004,39,1
SLR002138,Sports & Fitness,Tier-2 City,407,323,912,47363.72,3.25,0.1769,6,0.0711,-0.2845,0.4913,0.1836,64,1
SLR002139,Grocery,Tier-1 Metro,535,195,201,13948.32,3.56,0.1308,15,0.0712,-0.045,0.683,0.2623,31,1
SLR002140,Fashion,Tier-2 City,69,661,1113,26769.44,2.58,0.3187,11,-0.0654,-0.4705,0.2771,0.1375,38,1
SLR002141,Beauty & Personal Care,Tier-2 City,572,158,172,27765.42,3.76,0.1847,6,-0.0482,-0.2166,0.777,0.1549,10,0
SLR002142,Sports & Fitness,Tier-1 Metro,666,64,148,62281.45,4.02,0.1213,7,0.0757,-0.177,0.5568,0.0994,0,0
SLR002143,Home & Kitchen,Tier-1 Metro,472,258,56,6199.78,2.97,0.1511,6,-0.1782,-0.0301,0.6422,0.1678,8,1
SLR002144,Home & Kitchen,Tier-1 Metro,398,332,556,27120.51,4.35,0.1309,2,0.011,0.0479,0.7316,0.0366,0,0
SLR002145,Electronics,Tier-1 Metro,481,249,178,21822.97,3.88,0.1565,9,0.2507,-0.1435,0.355,0.1545,83,1
SLR002146,Grocery,Tier-2 City,0,730,697,35515.78,3.47,0.1609,8,0.0101,-0.4932,0.2427,0.2383,12,0
SLR002147,Home & Kitchen,Tier-2 City,572,158,305,38490.76,3.74,0.1987,4,-0.08,-0.3276,0.7042,0.1405,25,0
SLR002148,Sports & Fitness,Tier-3 Town,500,230,89,11388.1,3.47,0.2385,8,0.0131,-0.0213,0.7191,0.2285,39,1
SLR002149,Fashion,Tier-3 Town,582,148,139,31751.45,3.58,0.3364,6,0.0544,-0.0131,0.5587,0.1675,6,0
SLR002150,Grocery,Tier-1 Metro,537,193,363,58993.23,4.01,0.0996,0,0.0183,-0.22,0.54,0.1048,0,0
SLR002151,Toys & Baby,Tier-3 Town,534,196,317,27091.41,2.94,0.2424,6,0.0789,0.0115,0.7782,0.2987,5,1
SLR002152,Mobiles & Accessories,Tier-2 City,583,147,50,4465.86,4.8,0.173,3,-0.2972,0.0884,0.7744,0.0976,10,0
SLR002153,Toys & Baby,Tier-1 Metro,581,149,260,35176.2,3.41,0.1547,8,-0.054,0.1046,0.4878,0.1281,22,0
SLR002154,Home & Kitchen,Tier-2 City,513,217,465,44099.62,3.43,0.1755,2,-0.2381,0.1762,0.4703,0.1824,10,0
SLR002155,Sports & Fitness,Tier-1 Metro,439,291,474,25113.08,4.2,0.1208,5,0.0097,-0.1671,0.7595,0.2099,0,0
SLR002156,Beauty & Personal Care,Tier-1 Metro,1,729,412,5981.1,3.45,0.1734,6,-0.5723,-0.3889,0.4454,0.2581,36,1
SLR002157,Electronics,Tier-2 City,531,199,254,34502.19,4.06,0.2269,7,0.2333,0.0233,0.7055,0.1454,101,1
SLR002158,Fashion,Tier-2 City,337,393,840,81381.72,3.49,0.2557,7,0.0586,0.0469,0.891,0.1278,17,0
SLR002159,Sports & Fitness,Tier-3 Town,595,135,80,8712.12,4.41,0.2266,5,-0.4711,0.1339,0.8289,0.0672,26,0
SLR002160,Grocery,Tier-2 City,640,90,91,38061.49,3.32,0.1307,6,-0.2032,-0.023,0.2933,0.2099,5,1
SLR002161,Sports & Fitness,Tier-1 Metro,230,500,622,51106.35,3.66,0.124,2,0.3061,0.0866,0.8719,0.0778,2,0
SLR002162,Grocery,Tier-1 Metro,246,484,829,42793.84,4.53,0.0544,2,0.1806,0.2176,0.5905,0.1184,13,0
SLR002163,Mobiles & Accessories,Tier-3 Town,617,113,233,55210.45,3.78,0.2983,11,-0.0913,-0.3527,0.5651,0.2203,35,1
SLR002164,Mobiles & Accessories,Tier-1 Metro,227,503,53,3317.18,3.18,0.2038,10,-0.3531,-0.2153,0.4874,0.1795,28,1
SLR002165,Mobiles & Accessories,Tier-3 Town,0,730,178,5364.0,3.8,0.2989,13,0.1552,-0.1062,0.4678,0.3376,44,1
SLR002166,Sports & Fitness,Tier-1 Metro,485,245,365,27076.52,4.3,0.1294,3,0.2697,0.0803,0.5839,0.1209,4,0
SLR002167,Beauty & Personal Care,Tier-2 City,475,255,875,106587.71,3.48,0.1608,6,0.0721,0.0041,0.5516,0.2098,0,0
SLR002168,Beauty & Personal Care,Tier-2 City,552,178,193,17484.53,4.19,0.1436,4,0.0722,0.0385,0.3853,0.0867,22,0
SLR002169,Mobiles & Accessories,Tier-1 Metro,651,79,128,56610.82,3.34,0.1957,5,0.1918,-0.1543,0.8181,0.1435,8,0
SLR002170,Mobiles & Accessories,Tier-1 Metro,568,162,105,17410.02,3.22,0.2501,12,-0.144,-0.1629,0.4722,0.1541,46,1
SLR002171,Electronics,Tier-2 City,183,547,2969,174225.82,2.48,0.2631,7,-0.3473,-0.1256,0.6949,0.1843,0,0
SLR002172,Grocery,Tier-1 Metro,669,61,155,33705.57,4.9,0.0503,1,-0.1577,0.0893,0.8245,0.0389,0,0
SLR002173,Sports & Fitness,Tier-2 City,428,302,494,20549.3,3.02,0.1921,10,-0.445,-0.09,0.2834,0.2541,34,1
SLR002174,Sports & Fitness,Tier-2 City,464,266,185,10021.98,3.35,0.2465,5,0.0504,-0.4928,0.8433,0.2036,45,1
SLR002175,Toys & Baby,Tier-1 Metro,417,313,647,76934.18,3.96,0.1596,3,0.1627,-0.1079,0.3705,0.1458,58,1
SLR002176,Sports & Fitness,Tier-1 Metro,0,730,211,7980.52,2.99,0.1731,8,-0.0113,-0.0171,0.5327,0.1235,33,1
SLR002177,Mobiles & Accessories,Tier-1 Metro,340,390,85,8745.72,3.91,0.1508,6,-0.1201,-0.0065,0.6461,0.0542,14,0
SLR002178,Home & Kitchen,Tier-1 Metro,482,248,323,28554.88,2.98,0.1584,4,0.234,-0.0783,0.4168,0.1992,16,0
SLR002179,Fashion,Tier-3 Town,607,123,252,37998.88,3.04,0.3646,9,-0.8136,0.0429,0.6321,0.1641,30,1
SLR002180,Home & Kitchen,Tier-3 Town,337,393,274,22217.02,3.47,0.272,6,-0.5621,-0.2055,0.4768,0.3099,18,1
SLR002181,Home & Kitchen,Tier-3 Town,63,667,934,47337.55,3.39,0.2555,4,0.1717,-0.0724,0.5366,0.1235,11,0
SLR002182,Fashion,Tier-1 Metro,237,493,2422,71599.35,4.6,0.2247,6,0.0083,-0.0436,0.5633,0.0642,11,0
SLR002183,Toys & Baby,Tier-1 Metro,0,730,810,23857.69,3.59,0.1625,7,-0.3672,-0.1937,0.8178,0.1436,35,1
SLR002184,Beauty & Personal Care,Tier-2 City,660,70,113,40587.48,3.49,0.1651,6,0.2473,0.1688,0.7147,0.0366,7,0
SLR002185,Toys & Baby,Tier-2 City,143,587,811,15610.28,3.6,0.201,7,-0.3491,0.0651,0.4138,0.0914,36,1
SLR002186,Toys & Baby,Tier-3 Town,569,161,116,29320.39,3.1,0.2339,11,0.0027,-0.0986,0.4685,0.201,19,1
SLR002187,Mobiles & Accessories,Tier-1 Metro,208,522,1626,47296.58,3.7,0.1936,3,-0.2234,0.2185,0.5482,0.1045,9,0
SLR002188,Sports & Fitness,Tier-1 Metro,359,371,262,20282.12,3.69,0.1543,4,-0.5129,-0.2252,0.5322,0.2399,33,1
SLR002189,Fashion,Tier-1 Metro,0,730,330,11782.71,3.09,0.3088,9,-0.4088,-0.173,0.5464,0.1676,39,1
SLR002190,Grocery,Tier-1 Metro,228,502,414,25400.27,2.73,0.107,6,0.0878,-0.2491,0.4696,0.2264,21,1
SLR002191,Grocery,Tier-1 Metro,0,730,560,29549.39,3.3,0.1411,6,-0.6615,-0.0039,0.5281,0.1393,2,0
SLR002192,Sports & Fitness,Tier-1 Metro,511,219,351,58859.12,3.16,0.156,8,-0.3588,-0.0714,0.6379,0.1684,2,0
SLR002193,Home & Kitchen,Tier-1 Metro,348,382,1573,66164.34,4.05,0.1377,2,-0.2358,0.0017,0.4983,0.1678,0,0
SLR002194,Mobiles & Accessories,Tier-2 City,141,589,1128,35044.67,3.67,0.231,9,-0.394,0.0678,0.5925,0.2328,15,1
SLR002195,Sports & Fitness,Tier-2 City,363,367,918,64297.77,4.42,0.1866,4,0.1069,-0.2107,0.6294,0.1888,6,0
SLR002196,Beauty & Personal Care,Tier-1 Metro,607,123,27,4049.87,3.9,0.1348,5,-0.2182,-0.5093,0.5485,0.2556,46,1
SLR002197,Mobiles & Accessories,Tier-3 Town,0,730,419,20523.7,2.49,0.3246,12,-0.1347,-0.397,0.397,0.3814,16,0
SLR002198,Toys & Baby,Tier-1 Metro,62,668,488,24622.66,3.76,0.1602,10,-0.2627,-0.2387,0.1528,0.1758,8,0
SLR002199,Electronics,Tier-2 City,133,597,1477,43928.56,3.55,0.2168,9,-0.8826,-0.2712,0.4832,0.1455,31,0
SLR002200,Grocery,Tier-3 Town,456,274,791,98908.24,4.17,0.1909,4,0.7013,0.0808,0.8508,0.2272,7,0
SLR002201,Grocery,Tier-2 City,286,444,745,52267.93,3.89,0.1268,7,-0.0962,-0.0183,0.7082,0.1738,12,0
SLR002202,Sports & Fitness,Tier-2 City,562,168,198,19001.43,3.22,0.1916,14,-0.2815,-0.3053,0.2443,0.3153,41,1
SLR002203,Toys & Baby,Tier-3 Town,0,730,604,19787.76,3.48,0.2467,7,-0.0262,-0.266,0.3951,0.3188,87,1
SLR002204,Sports & Fitness,Tier-3 Town,275,455,999,83002.88,3.3,0.2571,7,0.4425,-0.0558,0.6268,0.2654,161,1
SLR002205,Grocery,Tier-1 Metro,636,94,177,73443.17,3.54,0.0992,5,0.4087,-0.108,0.5421,0.1565,5,0
SLR002206,Fashion,Tier-1 Metro,280,450,1344,92235.52,3.86,0.2508,7,-0.1461,-0.0037,1.0,0.0645,60,1
SLR002207,Home & Kitchen,Tier-3 Town,99,631,985,18233.04,2.23,0.3182,11,-0.4803,-0.125,0.2573,0.3208,18,1
SLR002208,Fashion,Tier-2 City,0,730,4728,116449.73,4.19,0.2643,5,0.1822,-0.016,1.0,0.067,45,0
SLR002209,Home & Kitchen,Tier-1 Metro,678,52,107,23370.36,4.05,0.1706,6,0.1935,0.0059,0.7965,0.0972,11,0
SLR002210,Home & Kitchen,Tier-1 Metro,643,87,103,48221.4,3.69,0.1381,4,-0.2655,-0.0448,0.8196,0.1583,2,0
SLR002211,Fashion,Tier-2 City,484,246,304,24896.35,3.33,0.3248,9,-0.5722,-0.2592,0.4771,0.2601,5,1
SLR002212,Home & Kitchen,Tier-3 Town,39,691,683,38900.15,3.37,0.2876,3,0.0531,-0.2693,0.8233,0.2397,14,0
SLR002213,Fashion,Tier-1 Metro,674,56,88,53271.81,3.89,0.2603,7,-0.0744,-0.0207,0.5802,0.1353,12,1
SLR002214,Mobiles & Accessories,Tier-2 City,427,303,338,37091.16,4.54,0.168,2,-0.0757,-0.066,0.7019,0.1095,0,0
SLR002215,Fashion,Tier-2 City,327,403,323,19809.55,2.75,0.3915,14,-0.5442,-0.3797,0.3949,0.2647,77,1
SLR002216,Sports & Fitness,Tier-1 Metro,583,147,61,15773.41,4.28,0.1329,5,0.2306,-0.0793,0.6326,0.146,15,0
SLR002217,Electronics,Tier-2 City,267,463,183,5975.92,4.01,0.2197,9,-0.7578,-0.1785,0.5046,0.3384,77,1
SLR002218,Sports & Fitness,Tier-1 Metro,430,300,84,6024.91,3.81,0.101,5,-0.1364,-0.1246,0.515,0.0924,0,0
SLR002219,Fashion,Tier-1 Metro,0,730,1749,59341.67,4.09,0.2342,5,-0.1188,0.0825,0.6573,0.1527,26,0
SLR002220,Mobiles & Accessories,Tier-3 Town,559,171,255,30778.25,3.39,0.3371,11,-0.1522,-0.0314,0.6306,0.2926,5,1
SLR002221,Beauty & Personal Care,Tier-1 Metro,413,317,298,36045.52,3.78,0.1182,6,0.1482,-0.3881,0.4322,0.109,24,1
SLR002222,Fashion,Tier-1 Metro,556,174,321,69824.42,4.32,0.2119,7,-0.0081,-0.0352,0.6342,0.1129,52,1
SLR002223,Toys & Baby,Tier-1 Metro,699,31,19,9222.81,3.73,0.1635,6,-0.138,-0.1214,0.2975,0.1712,14,0
SLR002224,Home & Kitchen,Tier-3 Town,102,628,1258,35552.97,2.65,0.2317,7,-0.2049,-0.0629,0.571,0.27,43,1
SLR002225,Home & Kitchen,Tier-3 Town,15,715,1684,95587.93,2.61,0.2619,5,-0.124,-0.0573,0.4142,0.3464,35,1
SLR002226,Home & Kitchen,Tier-1 Metro,565,165,226,17649.83,3.65,0.1525,8,0.1191,-0.5064,0.6661,0.182,91,1
SLR002227,Beauty & Personal Care,Tier-2 City,488,242,300,26955.39,3.99,0.1688,4,0.3084,0.1038,0.8068,0.1715,14,0
SLR002228,Sports & Fitness,Tier-2 City,443,287,320,43483.99,4.73,0.1508,2,-0.0585,0.1054,0.9971,0.1291,0,0
SLR002229,Toys & Baby,Tier-2 City,0,730,609,9630.77,4.19,0.1502,2,-0.2854,0.0765,0.6949,0.2559,12,0
SLR002230,Toys & Baby,Tier-2 City,0,730,486,25089.93,3.4,0.2253,9,-0.0674,0.0778,0.783,0.1672,62,1
SLR002231,Home & Kitchen,Tier-2 City,351,379,557,30247.51,3.91,0.21,5,0.0912,0.0429,0.5589,0.2094,0,0
SLR002232,Home & Kitchen,Tier-3 Town,310,420,878,74376.35,3.72,0.2915,6,0.1018,-0.1724,0.6506,0.2433,5,1
SLR002233,Sports & Fitness,Tier-2 City,553,177,239,41903.99,3.06,0.2261,8,0.2046,-0.0444,0.6209,0.289,17,0
SLR002234,Home & Kitchen,Tier-3 Town,0,730,675,10344.01,3.78,0.2386,10,-0.3852,-0.015,0.5035,0.3196,0,0
SLR002235,Beauty & Personal Care,Tier-1 Metro,325,405,1847,164805.54,4.18,0.1362,10,-0.3051,-0.2311,0.5821,0.1808,0,0
SLR002236,Grocery,Tier-3 Town,466,264,77,9343.32,4.48,0.152,3,0.1912,0.1746,0.7576,0.2673,2,0
SLR002237,Electronics,Tier-3 Town,442,288,192,22104.54,4.06,0.279,9,-0.077,-0.1057,0.9726,0.2529,37,0
SLR002238,Toys & Baby,Tier-1 Metro,392,338,160,13131.97,3.47,0.185,6,0.0204,-0.3015,0.6073,0.1266,33,1
SLR002239,Home & Kitchen,Tier-1 Metro,284,446,361,12823.24,4.09,0.1694,5,-0.3815,0.0799,0.603,0.1184,0,0
SLR002240,Electronics,Tier-2 City,342,388,1617,61933.02,3.85,0.1992,6,-0.347,0.027,0.5696,0.0738,0,0
SLR002241,Electronics,Tier-2 City,0,730,1772,91097.86,4.37,0.1805,7,-0.1241,0.1814,0.7116,0.0766,0,0
SLR002242,Home & Kitchen,Tier-2 City,564,166,543,44413.61,3.58,0.1494,3,-0.4415,-0.0713,0.6898,0.2399,48,1
SLR002243,Toys & Baby,Tier-1 Metro,320,410,515,27481.29,2.97,0.1645,6,-0.715,-0.2039,0.373,0.194,26,1
SLR002244,Sports & Fitness,Tier-2 City,201,529,554,18733.64,4.18,0.1791,1,0.2681,-0.0764,0.8468,0.0935,27,1
SLR002245,Sports & Fitness,Tier-1 Metro,410,320,436,26689.63,3.45,0.1471,5,0.0312,0.1594,0.782,0.119,21,0
SLR002246,Fashion,Tier-2 City,0,730,577,28868.72,3.21,0.2992,4,-0.2223,-0.3149,0.648,0.1661,151,1
SLR002247,Toys & Baby,Tier-3 Town,444,286,13,489.26,3.43,0.2543,15,-0.354,-0.4308,0.6026,0.2236,62,1
SLR002248,Sports & Fitness,Tier-1 Metro,631,99,112,38284.03,3.83,0.1117,1,0.0853,0.1141,0.823,0.077,2,0
SLR002249,Grocery,Tier-2 City,332,398,1933,137293.85,3.87,0.0822,3,0.1044,-0.0921,0.7639,0.1341,3,0
SLR002250,Home & Kitchen,Tier-2 City,635,95,45,17384.78,2.82,0.1835,6,-0.2022,-0.0737,0.3916,0.2186,47,1
SLR002251,Toys & Baby,Tier-1 Metro,679,51,33,20639.18,3.28,0.1538,2,-0.0104,0.1062,0.8296,0.1262,6,0
SLR002252,Mobiles & Accessories,Tier-1 Metro,159,571,398,8366.89,4.37,0.2159,3,0.0049,-0.1778,0.3733,0.0737,38,1
SLR002253,Toys & Baby,Tier-2 City,471,259,258,21680.17,3.23,0.1892,11,0.0791,-0.1017,0.5568,0.2488,27,1
SLR002254,Beauty & Personal Care,Tier-1 Metro,626,104,139,51919.68,3.62,0.194,10,-0.3348,-0.1153,0.5415,0.1707,16,1
SLR002255,Mobiles & Accessories,Tier-1 Metro,295,435,1105,66256.85,4.04,0.209,6,-0.0974,-0.1598,0.5725,0.1699,5,0
SLR002256,Electronics,Tier-2 City,698,32,93,41033.93,4.94,0.1748,6,0.3547,0.0541,0.7605,0.2234,32,1
SLR002257,Beauty & Personal Care,Tier-1 Metro,702,28,39,30829.27,4.14,0.1461,5,-0.1489,-0.0412,0.6013,0.2052,1,0
SLR002258,Sports & Fitness,Tier-3 Town,0,730,1066,57008.42,4.13,0.2025,4,-0.4785,-0.0634,0.6287,0.201,1,0
SLR002259,Beauty & Personal Care,Tier-1 Metro,0,730,934,27875.71,3.23,0.1786,4,-0.3968,-0.2881,0.4711,0.1623,11,1
SLR002260,Home & Kitchen,Tier-2 City,607,123,159,19644.36,3.24,0.2001,10,-0.3997,0.0423,0.5592,0.2049,107,1
SLR002261,Beauty & Personal Care,Tier-3 Town,56,674,1143,25759.82,3.33,0.22,11,-0.3401,0.0129,0.3416,0.3478,19,0
SLR002262,Grocery,Tier-2 City,199,531,23,773.6,2.88,0.1668,8,-0.1805,-0.2166,0.7297,0.2476,121,1
SLR002263,Fashion,Tier-2 City,347,383,1143,110552.21,3.45,0.2808,14,-0.3456,-0.2292,0.5484,0.1564,5,1
SLR002264,Fashion,Tier-2 City,451,279,516,34937.32,4.1,0.2655,5,-0.1195,-0.0648,0.4398,0.0628,0,0
SLR002265,Fashion,Tier-1 Metro,250,480,171,9927.79,3.52,0.2555,4,-0.0539,-0.0622,0.7069,0.0,9,0
SLR002266,Sports & Fitness,Tier-2 City,134,596,426,9364.03,2.88,0.2442,10,-0.4293,-0.2199,0.5719,0.3039,74,1
SLR002267,Electronics,Tier-1 Metro,259,471,1388,109359.11,3.84,0.186,9,-0.2846,-0.2145,0.6239,0.1614,96,1
SLR002268,Home & Kitchen,Tier-3 Town,489,241,833,43200.48,3.36,0.1922,3,-0.3193,-0.0842,0.5697,0.1478,0,0
SLR002269,Mobiles & Accessories,Tier-1 Metro,65,665,280,10729.66,3.65,0.1963,7,-0.1848,-0.1108,0.5666,0.1558,0,0
SLR002270,Beauty & Personal Care,Tier-1 Metro,470,260,242,32438.06,4.15,0.1335,3,-0.5072,-0.1831,0.6973,0.214,5,1
SLR002271,Electronics,Tier-2 City,70,660,662,21406.43,3.06,0.2632,8,-0.5193,-0.3841,0.679,0.2369,157,1
SLR002272,Electronics,Tier-1 Metro,633,97,97,15915.89,3.11,0.1936,9,0.2105,0.0021,0.578,0.1213,23,0
SLR002273,Home & Kitchen,Tier-1 Metro,465,265,164,21358.74,3.0,0.1917,8,-0.3613,-0.1769,0.3102,0.2448,48,1
SLR002274,Fashion,Tier-1 Metro,576,154,461,32847.48,3.6,0.2787,10,-0.2218,-0.306,0.6555,0.2182,0,0
SLR002275,Electronics,Tier-1 Metro,538,192,757,134887.27,4.15,0.1304,5,-0.1746,0.3781,0.8775,0.0884,11,0
SLR002276,Grocery,Tier-3 Town,488,242,520,84370.23,3.54,0.2471,10,-0.4625,-0.1727,0.4685,0.2351,5,1
SLR002277,Fashion,Tier-1 Metro,353,377,1908,191901.71,3.93,0.2681,10,-0.4842,-0.0163,0.6161,0.1653,8,0
SLR002278,Mobiles & Accessories,Tier-1 Metro,357,373,450,34107.71,3.74,0.1566,5,0.193,0.1447,0.5544,0.2187,29,1
SLR002279,Mobiles & Accessories,Tier-2 City,569,161,180,13623.54,3.68,0.2302,4,-0.0509,-0.0459,0.7106,0.1413,5,1
SLR002280,Toys & Baby,Tier-1 Metro,307,423,182,10439.36,3.44,0.229,10,-0.383,-0.1394,0.4351,0.2564,14,1
SLR002281,Sports & Fitness,Tier-1 Metro,585,145,91,9438.23,4.14,0.1528,10,-0.409,0.1333,0.6358,0.1732,8,1
SLR002282,Sports & Fitness,Tier-2 City,110,620,2036,45395.51,3.07,0.1669,5,0.0226,-0.2012,0.4624,0.2043,74,1
SLR002283,Home & Kitchen,Tier-3 Town,198,532,729,50515.67,2.91,0.2515,6,-0.2091,-0.1155,0.175,0.3298,64,1
SLR002284,Electronics,Tier-1 Metro,454,276,389,39167.69,3.6,0.1822,5,0.0723,-0.0668,0.5234,0.1915,20,0
SLR002285,Beauty & Personal Care,Tier-2 City,563,167,186,14216.0,3.25,0.1761,5,-0.2985,-0.3534,0.6364,0.1659,23,1
SLR002286,Electronics,Tier-1 Metro,281,449,714,38328.68,4.52,0.1251,5,-0.4687,-0.0643,0.5963,0.093,18,0
SLR002287,Grocery,Tier-2 City,500,230,308,39302.41,3.79,0.1535,10,-0.1769,-0.2611,0.5134,0.2737,9,1
SLR002288,Toys & Baby,Tier-1 Metro,157,573,648,35729.21,4.37,0.1158,1,-0.0726,-0.177,0.7054,0.0735,0,0
SLR002289,Mobiles & Accessories,Tier-1 Metro,313,417,416,31947.48,3.96,0.1671,5,0.2513,0.0455,0.8501,0.0023,24,0
SLR002290,Grocery,Tier-3 Town,251,479,876,60339.57,3.5,0.2135,8,-0.2067,-0.1957,0.8245,0.2071,48,1
SLR002291,Grocery,Tier-1 Metro,220,510,667,37033.46,4.37,0.0619,3,-0.1002,-0.0073,0.408,0.0477,0,0
SLR002292,Grocery,Tier-1 Metro,0,730,1115,32326.59,3.51,0.1126,12,0.0746,-0.1607,0.7974,0.2201,5,0
SLR002293,Fashion,Tier-3 Town,215,515,356,21557.73,3.57,0.3744,11,-0.3285,-0.1148,0.6267,0.289,10,0
SLR002294,Home & Kitchen,Tier-1 Metro,139,591,564,26842.08,4.92,0.1175,1,0.2069,0.3394,1.0,0.0841,10,0
SLR002295,Fashion,Tier-3 Town,422,308,226,19681.73,2.39,0.4474,19,-0.271,-0.1851,0.4822,0.3304,44,1
SLR002296,Beauty & Personal Care,Tier-1 Metro,306,424,1161,93037.54,4.27,0.1484,4,0.0362,0.1369,0.6612,0.223,4,0
SLR002297,Beauty & Personal Care,Tier-1 Metro,664,66,139,26104.61,4.03,0.1056,6,-0.0508,0.3011,0.7331,0.1172,24,1
SLR002298,Toys & Baby,Tier-1 Metro,536,194,360,68042.43,4.0,0.1132,6,0.1267,0.1427,0.8772,0.1474,0,0
SLR002299,Toys & Baby,Tier-1 Metro,261,469,586,15092.13,2.97,0.2297,8,-0.3854,-0.231,0.5157,0.2311,58,1
SLR002300,Mobiles & Accessories,Tier-3 Town,556,174,369,67950.17,3.75,0.3008,6,-0.0564,0.0291,0.4176,0.272,55,1
SLR002301,Toys & Baby,Tier-3 Town,568,162,1090,98304.0,4.09,0.2001,7,0.2706,0.3519,1.0,0.1708,16,1
SLR002302,Sports & Fitness,Tier-1 Metro,694,36,27,26874.6,4.19,0.1565,5,0.1026,-0.159,0.5108,0.2244,0,0
SLR002303,Mobiles & Accessories,Tier-2 City,172,558,292,13953.82,3.77,0.235,13,-0.6061,-0.2387,0.6031,0.1066,14,1
SLR002304,Toys & Baby,Tier-3 Town,335,395,498,51777.65,3.03,0.2839,15,-0.4915,-0.1939,0.76,0.2787,28,1
SLR002305,Electronics,Tier-2 City,388,342,945,98233.78,4.09,0.1604,2,-0.1232,-0.0272,0.8511,0.1294,14,1
SLR002306,Toys & Baby,Tier-1 Metro,0,730,1150,42583.2,4.19,0.1827,10,0.2289,-0.2729,0.554,0.2165,35,0
SLR002307,Grocery,Tier-1 Metro,521,209,608,45287.39,4.36,0.0786,8,-0.0122,-0.0619,0.7651,0.1459,5,1
SLR002308,Toys & Baby,Tier-2 City,118,612,1480,56194.23,4.72,0.196,6,0.0411,-0.3845,0.8805,0.2039,21,0
SLR002309,Sports & Fitness,Tier-2 City,341,389,68,2356.36,3.16,0.2038,7,0.32,-0.0086,0.5632,0.3053,34,1
SLR002310,Beauty & Personal Care,Tier-1 Metro,267,463,879,53639.27,3.96,0.117,5,0.1115,0.0953,0.6866,0.0643,10,1
SLR002311,Home & Kitchen,Tier-3 Town,406,324,280,21317.45,3.18,0.2833,11,-0.2278,-0.2094,0.403,0.2696,66,1
SLR002312,Electronics,Tier-1 Metro,406,324,1313,107976.12,3.82,0.1469,6,0.2838,-0.3645,0.5592,0.1099,12,0
SLR002313,Sports & Fitness,Tier-1 Metro,539,191,120,18272.56,4.23,0.1602,7,0.0039,0.0009,0.7367,0.0476,15,0
SLR002314,Mobiles & Accessories,Tier-3 Town,154,576,720,51783.12,2.76,0.3538,8,-0.8309,-0.2721,0.3258,0.3582,33,1
SLR002315,Beauty & Personal Care,Tier-1 Metro,496,234,286,35940.58,4.13,0.1027,1,0.364,0.1766,0.613,0.0475,25,0
SLR002316,Grocery,Tier-1 Metro,626,104,334,97609.23,3.86,0.089,2,-0.0239,-0.1342,0.5808,0.0699,5,1
SLR002317,Electronics,Tier-1 Metro,0,730,1781,66611.45,3.94,0.1971,10,-0.4044,-0.3403,0.7975,0.1202,0,0
SLR002318,Home & Kitchen,Tier-3 Town,592,138,125,19518.76,3.42,0.2838,10,-0.6161,-0.4491,0.3458,0.4221,55,1
SLR002319,Home & Kitchen,Tier-1 Metro,550,180,178,26508.83,3.24,0.1589,5,-0.2523,-0.1992,0.4895,0.1823,5,0
SLR002320,Grocery,Tier-2 City,499,231,228,14013.08,3.23,0.15,9,-0.183,-0.2371,0.4903,0.3137,48,1
SLR002321,Grocery,Tier-3 Town,423,307,627,83570.14,2.86,0.2438,12,-0.4916,-0.1692,0.4308,0.2534,58,1
SLR002322,Home & Kitchen,Tier-3 Town,369,361,625,46366.73,3.62,0.2616,3,-0.3273,-0.1296,0.5859,0.2357,0,0
SLR002323,Grocery,Tier-1 Metro,207,523,355,8285.18,3.65,0.118,9,0.1293,-0.0033,0.7506,0.2454,7,0
SLR002324,Sports & Fitness,Tier-2 City,280,450,2117,167148.4,4.06,0.1786,4,-0.0463,-0.0107,0.6526,0.0795,4,0
SLR002325,Beauty & Personal Care,Tier-2 City,624,106,117,37109.07,4.12,0.1537,5,-0.1063,0.0938,0.5226,0.2137,5,1
SLR002326,Sports & Fitness,Tier-1 Metro,0,730,311,14578.21,4.13,0.1433,9,0.0894,0.1706,0.6296,0.1587,58,1
SLR002327,Grocery,Tier-2 City,613,117,215,53157.03,3.94,0.1714,6,0.4149,0.1365,0.5945,0.2452,2,0
SLR002328,Beauty & Personal Care,Tier-2 City,348,382,304,18567.55,3.99,0.2038,4,-0.1605,-0.0403,0.6995,0.1386,17,0
SLR002329,Grocery,Tier-3 Town,512,218,121,8376.32,3.12,0.1817,10,-0.1562,0.0457,0.7301,0.2615,0,0
SLR002330,Grocery,Tier-1 Metro,549,181,217,21208.97,3.69,0.1352,9,-0.3336,-0.3451,0.4721,0.2055,13,0
SLR002331,Beauty & Personal Care,Tier-2 City,398,332,263,13099.39,3.03,0.265,10,-0.6698,-0.3482,0.4485,0.2959,26,1
SLR002332,Fashion,Tier-1 Metro,353,377,1038,98887.37,3.93,0.2302,15,-0.3572,-0.1668,0.3549,0.2063,11,0
SLR002333,Toys & Baby,Tier-3 Town,0,730,1216,30819.24,4.12,0.2294,6,0.0494,0.0087,0.8382,0.1049,5,0
SLR002334,Sports & Fitness,Tier-2 City,194,536,508,14238.27,2.97,0.218,13,-0.1866,-0.1114,0.5358,0.2589,89,1
SLR002335,Beauty & Personal Care,Tier-2 City,559,171,296,56639.5,3.55,0.1922,5,-0.6778,0.0389,0.3838,0.2365,25,1
SLR002336,Sports & Fitness,Tier-1 Metro,296,434,3296,313282.78,4.49,0.121,5,-0.1151,0.0212,0.5533,0.1016,0,0
SLR002337,Grocery,Tier-2 City,530,200,598,38490.25,4.44,0.1419,5,0.1016,-0.0925,0.6396,0.0034,8,0
SLR002338,Toys & Baby,Tier-1 Metro,408,322,325,41534.29,3.9,0.2089,8,-0.1157,0.0965,0.5918,0.2543,4,0
SLR002339,Toys & Baby,Tier-1 Metro,653,77,326,167910.11,4.27,0.1588,5,-0.0771,0.1246,0.8085,0.1243,0,0
SLR002340,Fashion,Tier-3 Town,431,299,465,34137.73,3.25,0.3888,12,-0.6562,-0.2692,0.6148,0.246,49,1
SLR002341,Mobiles & Accessories,Tier-2 City,644,86,190,47909.89,3.04,0.2851,6,-0.3217,-0.0767,0.6065,0.2394,4,0
SLR002342,Toys & Baby,Tier-1 Metro,0,730,654,12142.02,3.96,0.1574,6,-0.1678,-0.4579,0.506,0.1555,51,1
SLR002343,Beauty & Personal Care,Tier-1 Metro,562,168,459,38331.89,3.13,0.16,8,-0.5416,-0.1452,0.3947,0.2838,52,1
SLR002344,Fashion,Tier-3 Town,288,442,474,11540.67,2.73,0.3796,9,-0.4749,-0.2313,0.4545,0.3552,22,1
SLR002345,Fashion,Tier-1 Metro,241,489,776,38710.87,3.18,0.2673,7,0.0009,-0.0681,0.2931,0.175,18,0
SLR002346,Fashion,Tier-2 City,283,447,442,22617.59,2.92,0.3647,11,-0.5589,-0.2535,0.4695,0.2817,38,1
SLR002347,Mobiles & Accessories,Tier-1 Metro,418,312,1098,139052.66,3.23,0.2061,12,-0.0394,0.15,0.4932,0.1608,9,0
SLR002348,Fashion,Tier-2 City,723,7,10,6825.66,3.28,0.2873,7,-0.2369,-0.1886,0.6612,0.198,7,0
SLR002349,Toys & Baby,Tier-3 Town,124,606,2527,143079.58,4.15,0.1975,5,0.0642,-0.0958,0.8556,0.1951,88,1
SLR002350,Toys & Baby,Tier-3 Town,628,102,257,102671.96,2.7,0.2787,13,-0.5101,-0.1933,0.2887,0.3713,102,1
SLR002351,Fashion,Tier-3 Town,610,120,351,100940.28,3.09,0.3686,10,-0.1582,-0.3037,0.4533,0.3,63,1
SLR002352,Grocery,Tier-3 Town,598,132,214,44919.43,3.34,0.2212,7,-0.3859,-0.0238,0.4262,0.2876,0,0
SLR002353,Grocery,Tier-2 City,554,176,38,7350.24,3.97,0.1506,2,0.2701,-0.0372,0.5845,0.1683,40,1
SLR002354,Electronics,Tier-1 Metro,568,162,299,69708.0,3.64,0.1935,8,-0.017,0.1238,0.9357,0.1398,9,0
SLR002355,Beauty & Personal Care,Tier-1 Metro,623,107,60,10563.95,4.16,0.1425,13,0.0407,-0.1964,0.6692,0.1318,35,0
SLR002356,Home & Kitchen,Tier-2 City,575,155,179,18964.6,4.27,0.1616,6,-0.3281,0.054,0.4628,0.2395,28,1
SLR002357,Beauty & Personal Care,Tier-2 City,593,137,169,39839.91,3.13,0.19,7,-0.4351,-0.2231,0.6565,0.2368,60,1
SLR002358,Mobiles & Accessories,Tier-1 Metro,554,176,459,90552.77,3.94,0.2008,6,-0.0238,0.0859,0.5866,0.1251,15,0
SLR002359,Toys & Baby,Tier-3 Town,384,346,110,7110.09,2.61,0.2641,9,0.0178,-0.1303,0.4024,0.292,11,0
SLR002360,Grocery,Tier-3 Town,551,179,208,31410.37,4.47,0.1823,8,0.3395,0.2679,0.7568,0.1731,0,0
SLR002361,Toys & Baby,Tier-1 Metro,507,223,629,74893.23,3.23,0.1875,10,0.1949,0.0304,0.4408,0.2399,5,1
SLR002362,Electronics,Tier-2 City,548,182,48,9647.34,3.82,0.2512,12,-0.8499,-0.1663,0.4054,0.1886,0,0
SLR002363,Electronics,Tier-1 Metro,0,730,1526,55042.4,4.69,0.1124,1,0.4867,0.2513,0.8412,0.041,2,0
SLR002364,Toys & Baby,Tier-1 Metro,434,296,236,27093.8,4.14,0.1354,8,0.0672,-0.0106,0.7815,0.1215,35,1
SLR002365,Electronics,Tier-1 Metro,0,730,498,19078.09,3.57,0.2393,9,-0.4989,-0.2394,0.376,0.2654,5,1
SLR002366,Toys & Baby,Tier-3 Town,225,505,290,11197.17,3.56,0.27,7,0.1668,-0.2674,0.6866,0.2512,14,0
SLR002367,Electronics,Tier-2 City,0,730,438,16705.86,3.66,0.2717,9,-0.5019,-0.264,0.5361,0.2747,5,1
SLR002368,Mobiles & Accessories,Tier-2 City,660,70,279,86076.5,4.32,0.2277,4,0.2283,-0.0083,0.5971,0.0631,14,0
SLR002369,Electronics,Tier-3 Town,589,141,709,206644.77,4.41,0.208,8,0.0911,0.0085,0.7834,0.2187,6,0
SLR002370,Grocery,Tier-1 Metro,342,388,312,26163.2,4.02,0.0499,2,0.3096,0.0313,0.6952,0.0284,5,0
SLR002371,Home & Kitchen,Tier-1 Metro,671,59,123,52365.37,3.63,0.1982,7,0.1751,-0.1029,0.6655,0.1657,41,1
SLR002372,Sports & Fitness,Tier-1 Metro,717,13,10,11095.02,4.51,0.1059,6,0.479,0.1142,0.5539,0.1084,5,0
SLR002373,Fashion,Tier-3 Town,404,326,687,32507.55,3.66,0.3713,5,-0.2561,-0.2719,0.7576,0.2161,0,0
SLR002374,Grocery,Tier-2 City,486,244,477,60787.06,3.9,0.1828,6,0.5341,-0.0743,0.794,0.1731,9,0
SLR002375,Mobiles & Accessories,Tier-1 Metro,0,730,1003,49872.46,4.37,0.1387,3,0.4583,-0.0602,0.4638,0.1223,19,0
SLR002376,Mobiles & Accessories,Tier-1 Metro,356,374,438,21188.44,3.38,0.221,6,0.1501,-0.322,0.6808,0.2589,60,1
SLR002377,Fashion,Tier-1 Metro,512,218,210,16348.49,3.13,0.3156,9,-0.4125,-0.468,0.5006,0.264,28,1
SLR002378,Toys & Baby,Tier-1 Metro,519,211,666,117833.59,3.66,0.1395,2,-0.3346,-0.2933,0.7118,0.0177,16,0
SLR002379,Mobiles & Accessories,Tier-1 Metro,579,151,93,13850.75,3.18,0.1988,7,-0.4486,-0.1728,0.6021,0.1879,11,1
SLR002380,Grocery,Tier-2 City,546,184,191,29741.86,3.47,0.1489,1,0.4887,-0.1327,0.589,0.1565,0,0
SLR002381,Fashion,Tier-1 Metro,672,58,183,46743.36,4.12,0.2309,8,-0.0534,0.3222,0.5733,0.1348,12,0
SLR002382,Mobiles & Accessories,Tier-2 City,471,259,1060,120240.04,3.26,0.2814,12,-0.1009,-0.4697,0.4391,0.1217,0,0
SLR002383,Home & Kitchen,Tier-1 Metro,582,148,110,11773.72,4.73,0.1371,7,-0.1366,-0.0656,0.5219,0.0905,11,0
SLR002384,Sports & Fitness,Tier-1 Metro,480,250,197,9090.67,3.69,0.1609,13,0.1583,-0.3108,0.7551,0.1527,15,0
SLR002385,Home & Kitchen,Tier-1 Metro,630,100,52,16598.19,2.77,0.1459,9,0.0276,-0.0567,0.954,0.2762,26,1
SLR002386,Electronics,Tier-1 Metro,571,159,267,38696.96,4.04,0.1612,10,-0.0492,0.1294,0.7475,0.0622,3,0
SLR002387,Grocery,Tier-2 City,489,241,705,103706.57,3.88,0.1407,5,-0.0391,-0.0262,0.6182,0.2445,6,0
SLR002388,Electronics,Tier-2 City,0,730,223,8860.38,3.11,0.2149,6,-0.0655,-0.2578,0.6,0.0651,28,0
SLR002389,Toys & Baby,Tier-1 Metro,412,318,159,12801.48,4.62,0.1477,7,-0.2729,-0.0085,0.4027,0.1327,0,0
SLR002390,Toys & Baby,Tier-1 Metro,0,730,1463,81469.69,3.65,0.1702,7,-0.2705,0.04,0.4441,0.1632,29,1
SLR002391,Mobiles & Accessories,Tier-1 Metro,244,486,990,64744.22,3.86,0.2079,9,0.5297,-0.0761,0.679,0.22,11,0
SLR002392,Mobiles & Accessories,Tier-3 Town,237,493,846,53844.95,4.44,0.303,7,0.3027,-0.1152,0.7782,0.2832,13,0
SLR002393,Sports & Fitness,Tier-3 Town,467,263,738,49056.53,3.83,0.2352,5,0.1418,-0.0878,0.6502,0.2222,4,0
SLR002394,Sports & Fitness,Tier-2 City,230,500,1459,77777.99,4.26,0.2121,5,0.1392,0.0549,0.8209,0.1889,0,0
SLR002395,Mobiles & Accessories,Tier-3 Town,485,245,200,17886.87,3.66,0.3267,10,-0.3968,-0.2562,0.596,0.3238,9,1
SLR002396,Mobiles & Accessories,Tier-2 City,213,517,898,31348.87,4.09,0.2292,4,-0.2903,-0.0473,0.8248,0.1202,4,0
SLR002397,Fashion,Tier-2 City,587,143,102,24782.66,3.13,0.3347,10,-0.2971,-0.2896,0.3039,0.2513,50,1
SLR002398,Mobiles & Accessories,Tier-2 City,592,138,119,10880.26,3.48,0.2775,5,-0.383,-0.1329,0.3726,0.2935,53,1
SLR002399,Home & Kitchen,Tier-3 Town,533,197,205,38789.09,3.72,0.2395,9,-0.0198,0.0053,0.5207,0.2412,23,1
SLR002400,Sports & Fitness,Tier-2 City,53,677,477,17496.44,3.11,0.2073,9,-0.3131,-0.2879,0.5593,0.2808,78,1
SLR002401,Home & Kitchen,Tier-1 Metro,326,404,270,8561.01,4.15,0.1372,7,0.0496,0.1225,0.3526,0.1152,0,0
SLR002402,Beauty & Personal Care,Tier-1 Metro,564,166,312,33321.05,4.27,0.092,4,0.49,0.1081,0.6675,0.0307,15,0
SLR002403,Mobiles & Accessories,Tier-1 Metro,3,727,1365,48657.06,3.32,0.1985,9,0.1246,0.0429,0.4968,0.1877,67,1
SLR002404,Sports & Fitness,Tier-1 Metro,518,212,530,99987.2,2.31,0.1971,10,-0.2685,-0.1471,0.7378,0.2451,51,1
SLR002405,Fashion,Tier-2 City,501,229,436,68903.34,3.59,0.2732,6,-0.0013,-0.1904,0.8154,0.2232,6,0
SLR002406,Home & Kitchen,Tier-1 Metro,0,730,2231,65638.26,4.21,0.1033,3,-0.0574,0.1062,0.5078,0.1052,4,0
SLR002407,Grocery,Tier-2 City,646,84,182,23133.64,4.08,0.0863,6,0.389,0.1781,0.5011,0.155,3,0
SLR002408,Toys & Baby,Tier-2 City,385,345,363,25949.79,4.19,0.1418,1,0.5754,-0.0265,0.5836,0.1503,0,0
SLR002409,Grocery,Tier-3 Town,337,393,2071,213883.09,4.56,0.1605,1,-0.0459,-0.0747,0.628,0.1663,0,0
SLR002410,Mobiles & Accessories,Tier-1 Metro,652,78,34,5063.86,4.13,0.1756,6,0.555,0.0623,0.7755,0.06,0,0
SLR002411,Mobiles & Accessories,Tier-2 City,369,361,654,37430.03,3.05,0.2694,12,0.0455,-0.5248,0.5648,0.2902,25,1
SLR002412,Home & Kitchen,Tier-3 Town,579,151,53,7544.37,3.94,0.2496,7,0.0442,-0.0988,0.5857,0.2721,3,0
SLR002413,Grocery,Tier-2 City,505,225,851,40319.36,3.82,0.1424,1,0.3303,0.0301,0.7838,0.1816,2,0
SLR002414,Electronics,Tier-1 Metro,531,199,584,47640.24,4.16,0.1817,4,0.1018,-0.2654,0.7353,0.0646,13,0
SLR002415,Grocery,Tier-1 Metro,439,291,187,11344.14,3.1,0.1494,4,0.5393,-0.1149,0.6642,0.1711,13,0
SLR002416,Beauty & Personal Care,Tier-1 Metro,284,446,32,1676.99,4.11,0.178,2,-0.5314,-0.2139,0.4855,0.1597,0,0
SLR002417,Beauty & Personal Care,Tier-2 City,0,730,1510,75767.42,3.75,0.1804,2,0.0996,-0.013,0.6184,0.2854,0,0
SLR002418,Sports & Fitness,Tier-2 City,309,421,1185,97672.09,4.53,0.1527,7,0.0975,-0.0018,0.7797,0.0796,8,0
SLR002419,Toys & Baby,Tier-1 Metro,284,446,1062,72879.62,3.24,0.1753,8,-0.1528,-0.0609,0.5595,0.1792,36,1
SLR002420,Sports & Fitness,Tier-2 City,401,329,617,78264.49,4.51,0.1695,2,0.3033,-0.24,0.9186,0.0812,4,0
SLR002421,Beauty & Personal Care,Tier-3 Town,684,46,14,12072.12,3.46,0.2894,10,-0.5705,-0.3036,0.6539,0.3002,18,1
SLR002422,Toys & Baby,Tier-3 Town,412,318,1087,105384.76,3.76,0.2198,8,0.0895,-0.0949,0.333,0.3359,0,0
SLR002423,Beauty & Personal Care,Tier-1 Metro,607,123,142,31625.66,2.76,0.1943,18,-0.7561,-0.2602,0.3025,0.2169,19,1
SLR002424,Mobiles & Accessories,Tier-2 City,521,209,243,20378.06,3.44,0.2655,7,-0.0016,-0.1003,0.6051,0.1492,10,0
SLR002425,Fashion,Tier-3 Town,148,582,1678,85629.06,3.9,0.3235,12,-0.4644,-0.3317,0.4721,0.0963,16,1
SLR002426,Beauty & Personal Care,Tier-1 Metro,713,17,51,53364.93,4.56,0.1057,3,0.2027,0.2545,0.7344,0.0154,14,0
SLR002427,Grocery,Tier-1 Metro,280,450,1208,53134.67,4.4,0.0813,3,-0.0965,-0.08,0.6432,0.113,19,1
SLR002428,Fashion,Tier-2 City,65,665,1142,65844.34,3.36,0.3315,7,-0.2576,-0.3269,0.5969,0.2244,25,0
SLR002429,Electronics,Tier-2 City,498,232,123,6883.44,4.49,0.194,1,0.2715,0.0542,0.7724,0.2078,14,0
SLR002430,Home & Kitchen,Tier-1 Metro,84,646,1920,81219.8,4.04,0.1609,5,0.2128,-0.0677,0.4749,0.1597,13,0
SLR002431,Home & Kitchen,Tier-2 City,530,200,358,62311.92,4.01,0.2248,5,-0.2408,-0.1198,0.5692,0.1956,3,0
SLR002432,Electronics,Tier-1 Metro,570,160,129,32013.82,4.19,0.1461,4,0.4825,-0.1064,0.5259,0.1674,0,0
SLR002433,Toys & Baby,Tier-2 City,455,275,1122,46519.27,3.41,0.1773,2,0.2465,-0.553,0.8042,0.1327,5,0
SLR002434,Fashion,Tier-1 Metro,130,600,633,21897.09,3.61,0.2897,7,-0.349,-0.1385,0.4974,0.2611,44,1
SLR002435,Mobiles & Accessories,Tier-1 Metro,0,730,925,41632.5,4.54,0.128,4,0.0521,0.155,0.6145,0.0527,1,0
SLR002436,Sports & Fitness,Tier-1 Metro,0,730,267,5020.69,3.53,0.1138,8,0.1159,-0.2036,0.6716,0.1578,39,1
SLR002437,Electronics,Tier-1 Metro,111,619,397,26596.72,3.67,0.1781,1,0.3776,-0.1615,0.6764,0.0117,19,0
SLR002438,Beauty & Personal Care,Tier-2 City,651,79,26,10302.0,3.48,0.174,4,-0.2614,0.1862,0.6421,0.1958,57,1
SLR002439,Fashion,Tier-1 Metro,424,306,486,45778.1,3.06,0.3059,10,-0.0879,-0.2378,0.6849,0.2695,12,1
SLR002440,Fashion,Tier-1 Metro,119,611,812,29328.57,4.33,0.2894,4,-0.1904,-0.0227,0.3906,0.0573,14,0
SLR002441,Beauty & Personal Care,Tier-2 City,431,299,218,28863.88,3.43,0.1948,12,0.2021,-0.0102,0.4851,0.1543,78,1
SLR002442,Beauty & Personal Care,Tier-3 Town,608,122,235,69981.36,3.57,0.237,9,-0.3282,0.0706,0.5318,0.2698,12,0
SLR002443,Beauty & Personal Care,Tier-2 City,0,730,1238,23344.0,4.01,0.1438,5,0.0717,0.1395,0.7859,0.1173,0,0
SLR002444,Sports & Fitness,Tier-2 City,510,220,462,78953.21,3.54,0.2028,7,0.3359,-0.1726,0.8449,0.1225,10,0
SLR002445,Fashion,Tier-2 City,408,322,1496,184065.1,3.67,0.2765,7,-0.0495,-0.1028,0.5936,0.1727,0,0
SLR002446,Grocery,Tier-2 City,372,358,547,39381.14,3.75,0.1303,2,0.2198,0.038,0.57,0.1304,64,1
SLR002447,Mobiles & Accessories,Tier-2 City,520,210,348,41034.17,4.58,0.2094,7,0.0714,0.0739,0.7352,0.0862,0,0
SLR002448,Fashion,Tier-3 Town,580,150,333,62256.53,3.72,0.3531,14,-0.188,-0.2359,0.4806,0.2112,0,0
SLR002449,Mobiles & Accessories,Tier-1 Metro,406,324,298,32316.12,2.5,0.2312,15,-0.633,0.0635,0.3526,0.2059,33,1
SLR002450,Beauty & Personal Care,Tier-2 City,502,228,240,31567.99,4.4,0.1551,5,-0.0293,0.0135,1.0,0.0359,24,0
SLR002451,Sports & Fitness,Tier-2 City,547,183,211,34456.18,4.5,0.1688,3,0.0277,0.2366,0.7484,0.1703,7,0
SLR002452,Electronics,Tier-3 Town,28,702,2441,45793.67,3.26,0.3153,10,-0.0866,-0.0245,0.6696,0.2148,54,1
SLR002453,Sports & Fitness,Tier-3 Town,652,78,28,7718.84,3.17,0.3151,13,0.0414,-0.2858,0.6654,0.3474,78,1
SLR002454,Sports & Fitness,Tier-2 City,277,453,123,10954.91,2.97,0.2291,5,-0.3878,-0.0822,0.3803,0.2015,25,1
SLR002455,Beauty & Personal Care,Tier-2 City,136,594,644,43174.52,3.0,0.1854,7,-0.3711,-0.2287,0.5111,0.2733,98,1
SLR002456,Fashion,Tier-1 Metro,515,215,328,45019.1,3.76,0.2741,13,0.105,-0.2692,0.4678,0.1951,26,0
SLR002457,Home & Kitchen,Tier-2 City,109,621,392,14543.05,3.54,0.1704,8,-0.1308,-0.0996,0.275,0.1933,12,0
SLR002458,Sports & Fitness,Tier-2 City,513,217,365,22019.27,4.06,0.1853,7,-0.5113,-0.2128,0.5995,0.1322,35,1
SLR002459,Grocery,Tier-2 City,517,213,61,7286.28,3.56,0.1403,7,-0.0103,-0.0109,0.7286,0.1551,1,0
SLR002460,Grocery,Tier-2 City,581,149,139,34463.87,4.3,0.1704,6,0.0688,-0.111,0.9315,0.2455,3,0
SLR002461,Electronics,Tier-1 Metro,430,300,501,68425.78,3.72,0.1503,5,-0.1187,0.2787,0.4714,0.0904,16,1
SLR002462,Sports & Fitness,Tier-3 Town,167,563,1197,26312.43,4.36,0.2365,7,0.0357,0.0512,0.9374,0.1891,21,1
SLR002463,Mobiles & Accessories,Tier-2 City,0,730,1332,52807.73,4.69,0.1683,1,-0.1309,0.0467,0.5868,0.1573,16,0
SLR002464,Electronics,Tier-2 City,622,108,162,52234.93,3.82,0.1879,4,-0.0393,-0.2587,0.5984,0.088,19,0
SLR002465,Mobiles & Accessories,Tier-1 Metro,167,563,1113,22624.0,3.28,0.2551,8,-0.0269,-0.4802,0.458,0.197,2,0
SLR002466,Grocery,Tier-2 City,364,366,98,9622.4,4.07,0.1199,4,-0.2085,-0.0086,0.6093,0.1826,0,0
SLR002467,Toys & Baby,Tier-1 Metro,363,367,502,53400.12,3.99,0.121,6,0.0594,0.1804,0.5582,0.1862,0,0
SLR002468,Mobiles & Accessories,Tier-2 City,490,240,71,6183.01,3.76,0.1926,7,0.0324,0.0769,0.5848,0.1815,3,0
SLR002469,Home & Kitchen,Tier-1 Metro,0,730,559,10316.4,3.7,0.1812,7,0.159,-0.0177,0.7063,0.0764,42,1
SLR002470,Mobiles & Accessories,Tier-1 Metro,573,157,464,43778.21,3.55,0.2413,6,-0.1855,-0.0725,0.4895,0.2815,58,1
SLR002471,Beauty & Personal Care,Tier-1 Metro,472,258,225,33074.16,4.09,0.1659,8,-0.2234,0.0605,0.4208,0.2282,5,1
SLR002472,Toys & Baby,Tier-1 Metro,469,261,227,32313.12,4.71,0.1051,5,-0.1432,0.161,0.5692,0.0,0,0
SLR002473,Grocery,Tier-1 Metro,500,230,292,45849.15,4.5,0.0447,2,-0.0485,0.1116,0.5208,0.0415,8,0
SLR002474,Mobiles & Accessories,Tier-1 Metro,477,253,415,40992.7,3.36,0.2172,8,-0.1196,-0.1151,0.6102,0.1394,95,1
SLR002475,Toys & Baby,Tier-1 Metro,124,606,662,42187.28,4.14,0.163,8,0.3172,0.0288,0.5042,0.2162,15,0
SLR002476,Toys & Baby,Tier-2 City,390,340,486,49447.93,3.11,0.2269,16,-0.0451,0.0474,0.3345,0.2913,14,0
SLR002477,Electronics,Tier-2 City,271,459,325,26050.91,2.89,0.2642,9,-0.2919,0.0636,0.6133,0.2931,8,1
SLR002478,Electronics,Tier-1 Metro,265,465,228,14634.14,3.54,0.202,6,-0.3257,-0.1494,0.5045,0.277,57,1
SLR002479,Home & Kitchen,Tier-1 Metro,222,508,216,10237.42,3.54,0.1347,4,-0.0016,-0.0771,0.3546,0.0421,2,0
SLR002480,Home & Kitchen,Tier-2 City,431,299,1313,111176.34,4.29,0.1738,10,-0.1828,-0.198,0.5902,0.1805,14,0
SLR002481,Electronics,Tier-2 City,444,286,77,7590.92,4.12,0.2743,7,-0.7591,-0.3019,0.606,0.2382,102,1
SLR002482,Sports & Fitness,Tier-3 Town,543,187,405,33943.97,4.12,0.2598,9,-0.3537,0.0099,0.7,0.2826,28,1
SLR002483,Grocery,Tier-2 City,99,631,222,8142.37,4.03,0.1774,2,-0.0307,-0.0802,0.6898,0.1535,25,1
SLR002484,Toys & Baby,Tier-2 City,562,168,302,42308.78,3.92,0.1865,5,0.1271,0.0767,0.5055,0.1073,34,1
SLR002485,Mobiles & Accessories,Tier-3 Town,490,240,261,30097.07,4.53,0.26,5,-0.3384,0.0277,0.5455,0.204,0,0
SLR002486,Beauty & Personal Care,Tier-2 City,531,199,93,5708.34,3.92,0.1901,4,-0.0909,-0.0473,0.7496,0.1873,33,1
SLR002487,Mobiles & Accessories,Tier-2 City,361,369,799,62335.8,4.05,0.2157,4,0.0255,0.0739,0.7147,0.1768,13,0
SLR002488,Sports & Fitness,Tier-3 Town,240,490,163,9432.91,4.39,0.214,8,-0.0681,0.055,0.6855,0.2281,0,0
SLR002489,Home & Kitchen,Tier-2 City,605,125,267,68284.42,3.59,0.1797,6,-0.2265,0.1118,0.6043,0.2597,15,0
SLR002490,Mobiles & Accessories,Tier-3 Town,443,287,74,9814.14,3.67,0.2978,11,-0.4392,0.0071,0.4193,0.2949,8,1
SLR002491,Sports & Fitness,Tier-1 Metro,652,78,205,71252.99,4.82,0.0914,2,0.2632,0.1364,0.6575,0.0,10,0
SLR002492,Beauty & Personal Care,Tier-2 City,0,730,945,20641.77,3.62,0.163,7,-0.3073,-0.0928,0.1691,0.1592,4,0
SLR002493,Beauty & Personal Care,Tier-1 Metro,456,274,500,70851.33,3.5,0.2001,10,-0.6929,-0.1925,0.4293,0.2006,59,1
SLR002494,Mobiles & Accessories,Tier-1 Metro,443,287,551,22383.83,3.37,0.2182,7,-0.4336,0.0562,0.8043,0.166,39,1
SLR002495,Beauty & Personal Care,Tier-3 Town,490,240,454,49859.73,3.21,0.2237,3,0.0222,0.0891,0.5598,0.2517,0,0
SLR002496,Home & Kitchen,Tier-1 Metro,340,390,53,1663.96,3.76,0.1643,6,0.012,0.0367,0.5733,0.003,26,0
SLR002497,Mobiles & Accessories,Tier-1 Metro,492,238,407,23204.04,4.65,0.1738,5,-0.5625,-0.0559,0.7768,0.0608,4,0
SLR002498,Sports & Fitness,Tier-1 Metro,0,730,424,16187.51,3.17,0.1708,5,-0.2495,-0.2157,0.3134,0.1587,30,1
SLR002499,Sports & Fitness,Tier-2 City,420,310,413,26142.77,3.15,0.2321,3,-0.2619,0.1759,0.7915,0.1625,47,1
SLR002500,Home & Kitchen,Tier-1 Metro,655,75,64,16398.86,3.7,0.1663,7,0.0193,-0.2067,0.4506,0.2045,5,0
SLR002501,Sports & Fitness,Tier-1 Metro,0,730,1515,33173.6,3.63,0.1569,11,-0.4636,-0.1568,0.4991,0.1919,13,0
SLR002502,Fashion,Tier-2 City,464,266,457,63543.36,4.13,0.3115,9,-0.4136,-0.1286,0.5643,0.1281,9,0
SLR002503,Fashion,Tier-1 Metro,0,730,387,7606.51,3.46,0.2544,8,-0.153,-0.1722,0.5123,0.1667,7,0
SLR002504,Sports & Fitness,Tier-2 City,679,51,60,25230.55,3.03,0.1764,14,-0.5214,-0.3257,0.4909,0.3399,51,1
SLR002505,Electronics,Tier-3 Town,318,412,333,30440.13,3.57,0.2773,5,-0.2837,-0.0213,0.7177,0.303,0,0
SLR002506,Mobiles & Accessories,Tier-2 City,614,116,86,13630.21,4.58,0.143,5,-0.316,-0.2176,0.7056,0.1399,59,1
SLR002507,Grocery,Tier-3 Town,543,187,130,8728.6,2.92,0.2535,11,-0.0524,0.0476,0.4244,0.3275,17,1
SLR002508,Toys & Baby,Tier-3 Town,128,602,153,2757.84,3.69,0.2145,12,-0.2011,-0.1087,0.7332,0.2213,0,0
SLR002509,Home & Kitchen,Tier-3 Town,346,384,149,14622.72,3.51,0.2298,6,-0.0483,-0.0744,0.8058,0.3705,19,0
SLR002510,Beauty & Personal Care,Tier-1 Metro,417,313,543,25015.41,4.14,0.1182,1,0.0879,0.0394,0.7296,0.1585,3,0
SLR002511,Grocery,Tier-3 Town,556,174,113,10252.51,4.08,0.194,6,0.0138,-0.0417,0.5368,0.1329,13,0
SLR002512,Electronics,Tier-2 City,471,259,93,12104.97,3.35,0.1567,2,0.3502,0.2462,0.842,0.1401,30,0
SLR002513,Grocery,Tier-2 City,571,159,302,26894.14,4.9,0.118,6,0.2652,0.2387,0.9995,0.133,5,0
SLR002514,Grocery,Tier-1 Metro,599,131,270,60620.6,4.21,0.0771,2,-0.0955,-0.0999,0.5855,0.0652,0,0
SLR002515,Beauty & Personal Care,Tier-3 Town,436,294,1112,128097.53,3.86,0.2219,4,-0.0233,0.0773,0.7061,0.214,32,0
SLR002516,Grocery,Tier-1 Metro,415,315,293,35078.2,4.24,0.1021,4,0.1107,-0.2855,0.8292,0.1422,45,0
SLR002517,Fashion,Tier-3 Town,86,644,681,27270.61,3.18,0.3848,11,-1.0,-0.2404,0.4484,0.3996,12,1
SLR002518,Beauty & Personal Care,Tier-3 Town,108,622,684,21653.23,4.03,0.2379,4,0.5737,0.0418,0.6322,0.1795,6,0
SLR002519,Fashion,Tier-1 Metro,387,343,336,34952.5,4.36,0.225,4,0.2497,0.038,0.5603,0.0682,1,0
SLR002520,Home & Kitchen,Tier-1 Metro,158,572,1167,75676.41,4.22,0.1152,0,-0.1793,0.074,0.6163,0.0985,26,0
SLR002521,Sports & Fitness,Tier-1 Metro,452,278,419,49789.59,3.61,0.1305,6,-0.3123,-0.1094,0.5388,0.1568,35,1
SLR002522,Toys & Baby,Tier-1 Metro,540,190,191,20202.25,3.66,0.1262,5,-0.1537,-0.0939,0.6001,0.1699,5,0
SLR002523,Toys & Baby,Tier-3 Town,658,72,104,30815.78,3.92,0.2539,4,-0.0433,-0.0784,0.6324,0.1922,8,0
SLR002524,Fashion,Tier-1 Metro,522,208,193,37199.02,4.31,0.244,3,0.0891,0.2569,0.6783,0.083,0,0
SLR002525,Grocery,Tier-2 City,168,562,1003,39923.42,3.95,0.1597,3,-0.4885,0.0476,0.7487,0.1243,43,0
SLR002526,Toys & Baby,Tier-3 Town,398,332,1025,116746.61,3.46,0.2674,5,-0.2296,-0.2759,0.4744,0.241,5,1
SLR002527,Sports & Fitness,Tier-1 Metro,460,270,1806,102407.95,4.24,0.1133,2,0.1352,-0.2088,0.7824,0.0,0,0
SLR002528,Home & Kitchen,Tier-3 Town,346,384,931,82368.37,3.39,0.2816,16,-0.5046,0.0151,0.6084,0.2728,5,0
SLR002529,Home & Kitchen,Tier-1 Metro,490,240,94,10717.18,3.95,0.1376,7,-0.2469,0.0676,0.6744,0.0834,16,0
SLR002530,Toys & Baby,Tier-1 Metro,220,510,569,15828.33,3.38,0.1517,6,0.3318,0.0604,0.671,0.1875,26,0
SLR002531,Home & Kitchen,Tier-3 Town,156,574,290,6146.83,2.61,0.2891,9,-0.465,-0.3203,0.5244,0.3234,21,1
SLR002532,Home & Kitchen,Tier-1 Metro,535,195,1392,168843.87,3.47,0.1459,9,0.1028,0.1201,0.7651,0.0973,0,0
SLR002533,Electronics,Tier-3 Town,474,256,975,83077.51,3.57,0.2698,4,-0.331,-0.3814,0.621,0.3183,42,1
SLR002534,Beauty & Personal Care,Tier-2 City,576,154,224,36646.92,3.5,0.2168,10,-0.036,-0.05,0.5994,0.216,34,1
SLR002535,Home & Kitchen,Tier-1 Metro,670,60,17,4732.96,4.41,0.1271,5,-0.0949,0.0298,0.7752,0.0619,5,1
SLR002536,Toys & Baby,Tier-2 City,578,152,24,4318.36,3.94,0.1607,5,0.13,-0.2739,0.5704,0.1543,8,0
SLR002537,Grocery,Tier-1 Metro,591,139,227,32595.07,3.3,0.1333,7,-0.3441,0.0448,0.695,0.1574,31,1
SLR002538,Home & Kitchen,Tier-1 Metro,458,272,33,2807.16,4.1,0.1393,12,0.096,0.1126,0.6985,0.1071,0,0
SLR002539,Grocery,Tier-1 Metro,429,301,32,1279.73,3.78,0.1562,8,-0.0666,-0.169,0.5369,0.2114,10,0
SLR002540,Electronics,Tier-2 City,453,277,170,25579.81,4.22,0.1758,9,-0.2372,0.081,0.4566,0.1756,62,1
SLR002541,Mobiles & Accessories,Tier-2 City,0,730,1438,54445.95,3.88,0.2312,9,0.1509,-0.0245,0.8438,0.048,19,0
SLR002542,Beauty & Personal Care,Tier-2 City,47,683,625,28244.16,4.03,0.1831,7,-0.3818,-0.0804,0.9491,0.1852,0,0
SLR002543,Electronics,Tier-1 Metro,547,183,144,26622.27,3.33,0.1729,5,0.0431,-0.0371,0.5726,0.1213,35,1
SLR002544,Home & Kitchen,Tier-2 City,505,225,179,31176.22,2.48,0.2847,9,-0.7037,-0.4891,0.4985,0.3536,52,1
SLR002545,Grocery,Tier-2 City,296,434,775,21057.46,3.04,0.1516,6,-0.3087,-0.2488,0.5183,0.2412,33,0
SLR002546,Grocery,Tier-2 City,530,200,148,18829.64,3.74,0.1261,4,0.0546,0.0299,0.4491,0.1646,136,1
SLR002547,Electronics,Tier-3 Town,421,309,570,36064.51,3.51,0.3074,8,-0.6474,-0.2654,0.5255,0.3116,5,1
SLR002548,Grocery,Tier-1 Metro,452,278,690,45134.05,4.35,0.0888,3,0.131,-0.2568,0.9641,0.1281,8,0
SLR002549,Beauty & Personal Care,Tier-2 City,688,42,13,11082.52,3.98,0.154,2,0.1042,0.0514,0.9666,0.1198,27,0
SLR002550,Home & Kitchen,Tier-1 Metro,249,481,236,7237.79,4.71,0.1171,3,0.5671,0.2915,0.8493,0.1223,10,0
SLR002551,Mobiles & Accessories,Tier-2 City,367,363,125,7513.34,4.34,0.2118,4,-0.4152,-0.0419,0.3526,0.2985,2,0
SLR002552,Sports & Fitness,Tier-1 Metro,464,266,309,41741.99,3.91,0.1239,4,-0.2086,-0.256,0.8961,0.123,0,0
SLR002553,Electronics,Tier-2 City,204,526,686,47738.91,3.29,0.2237,12,-0.37,-0.1274,0.5417,0.2563,2,0
SLR002554,Home & Kitchen,Tier-2 City,270,460,151,7768.27,2.64,0.2652,9,-0.467,-0.6462,0.3794,0.2436,55,1
SLR002555,Fashion,Tier-2 City,555,175,239,35183.92,3.14,0.3659,5,-0.3156,-0.2666,0.6961,0.2099,79,1
SLR002556,Toys & Baby,Tier-2 City,590,140,95,8122.82,2.53,0.1869,11,-0.3794,-0.1433,0.3644,0.2377,85,1
SLR002557,Sports & Fitness,Tier-1 Metro,417,313,65,5855.03,3.59,0.169,7,0.23,-0.1264,0.7201,0.245,50,1
SLR002558,Sports & Fitness,Tier-2 City,682,48,58,32753.08,3.34,0.2125,6,-0.3532,-0.0976,0.5937,0.2548,0,0
SLR002559,Sports & Fitness,Tier-1 Metro,179,551,160,9395.64,3.43,0.1379,6,0.1724,0.3807,0.5891,0.2434,37,1
SLR002560,Toys & Baby,Tier-1 Metro,490,240,402,43200.33,2.67,0.1833,9,-0.5183,-0.4029,0.4918,0.1685,11,1
SLR002561,Sports & Fitness,Tier-1 Metro,556,174,7,1150.81,3.68,0.1514,7,-0.2024,-0.2659,0.5881,0.1212,4,0
SLR002562,Fashion,Tier-1 Metro,318,412,376,19347.8,4.12,0.2736,6,-0.2052,-0.0967,0.8413,0.121,1,0
SLR002563,Toys & Baby,Tier-1 Metro,0,730,2667,146604.53,4.0,0.097,2,-0.4384,0.0401,0.8671,0.0927,6,0
SLR002564,Sports & Fitness,Tier-3 Town,507,223,97,15925.32,3.66,0.2121,1,0.0091,0.2111,0.3664,0.1918,5,0
SLR002565,Sports & Fitness,Tier-2 City,139,591,603,35742.49,3.18,0.2456,5,-0.3788,0.0812,0.3721,0.209,29,1
SLR002566,Fashion,Tier-1 Metro,224,506,792,56999.04,3.81,0.2604,10,0.2308,0.0539,0.7036,0.1204,3,0
SLR002567,Home & Kitchen,Tier-2 City,388,342,675,54684.76,3.69,0.1734,6,0.4133,-0.3113,0.7209,0.1174,35,0
SLR002568,Beauty & Personal Care,Tier-2 City,420,310,144,12042.85,3.6,0.171,4,0.0521,-0.1302,0.5043,0.2698,42,1
SLR002569,Toys & Baby,Tier-1 Metro,374,356,804,25387.44,4.3,0.1069,2,0.3707,0.0156,0.6592,0.067,5,0
SLR002570,Sports & Fitness,Tier-3 Town,0,730,1341,59146.86,3.78,0.2197,3,0.0595,0.072,0.5041,0.1836,0,0
SLR002571,Home & Kitchen,Tier-2 City,0,730,6499,244782.17,4.18,0.1837,1,0.5856,0.0645,0.9467,0.1279,17,0
SLR002572,Electronics,Tier-1 Metro,581,149,775,79229.58,4.76,0.1286,3,-0.168,-0.1736,0.4381,0.2013,9,0
SLR002573,Toys & Baby,Tier-3 Town,630,100,49,17580.41,3.21,0.2543,11,-0.0981,0.0401,0.6421,0.2728,56,1
SLR002574,Fashion,Tier-1 Metro,128,602,496,11018.69,2.62,0.2564,8,0.1001,-0.1123,0.7771,0.2511,7,0
SLR002575,Fashion,Tier-1 Metro,585,145,53,10593.32,3.03,0.3122,8,-0.7062,-0.0863,0.4423,0.1799,0,0
SLR002576,Grocery,Tier-2 City,327,403,181,8421.18,3.43,0.1761,11,0.0483,-0.3008,0.5587,0.2513,5,1
SLR002577,Toys & Baby,Tier-1 Metro,683,47,41,28184.75,3.92,0.1522,11,-0.1572,-0.1984,0.5862,0.1247,42,1
SLR002578,Fashion,Tier-3 Town,282,448,757,29206.17,4.39,0.3616,5,0.1969,-0.1916,0.6931,0.1601,0,0
SLR002579,Mobiles & Accessories,Tier-2 City,135,595,1789,76469.46,4.2,0.2015,4,0.1365,0.0626,0.6321,0.1126,31,0
SLR002580,Fashion,Tier-2 City,343,387,355,36800.33,4.32,0.2799,7,-0.3496,-0.2126,0.5727,0.1459,18,0
SLR002581,Electronics,Tier-1 Metro,96,634,2384,103166.34,3.96,0.1496,6,-0.2313,-0.2183,0.6157,0.2107,5,1
SLR002582,Home & Kitchen,Tier-3 Town,670,60,142,49061.44,4.1,0.2423,4,0.1921,0.1186,0.6729,0.2373,27,0
SLR002583,Grocery,Tier-3 Town,0,730,87,2886.22,4.15,0.2195,5,-0.4592,-0.3349,0.632,0.2889,35,1
SLR002584,Home & Kitchen,Tier-1 Metro,37,693,163,4906.22,2.53,0.2233,10,-0.9347,-0.3897,0.3145,0.2973,18,1
SLR002585,Fashion,Tier-1 Metro,563,167,94,14219.07,4.36,0.2815,9,-1.0,-0.3806,0.2794,0.1782,0,0
SLR002586,Electronics,Tier-1 Metro,493,237,252,35852.1,3.76,0.2031,7,-0.2019,-0.2296,0.479,0.1848,37,1
SLR002587,Fashion,Tier-1 Metro,688,42,173,67339.61,3.79,0.2532,6,-0.1847,-0.6247,0.8073,0.1554,28,0
SLR002588,Mobiles & Accessories,Tier-2 City,259,471,478,11278.9,3.91,0.2556,10,0.0016,-0.1488,0.7682,0.0372,9,0
SLR002589,Grocery,Tier-2 City,622,108,294,36304.0,3.71,0.0832,2,0.4967,-0.1298,0.6701,0.2736,6,0
SLR002590,Electronics,Tier-1 Metro,327,403,1635,57345.3,3.69,0.2149,7,-0.1701,-0.1952,0.5058,0.2284,6,0
SLR002591,Electronics,Tier-2 City,481,249,230,15747.79,3.89,0.2479,14,-0.37,-0.1924,0.4003,0.326,5,1
SLR002592,Grocery,Tier-1 Metro,498,232,191,19297.59,3.67,0.0928,5,-0.2076,-0.043,0.5265,0.1487,5,1
SLR002593,Fashion,Tier-3 Town,0,730,816,44545.47,5.0,0.3286,5,-0.1323,0.0572,0.6942,0.1077,0,0
SLR002594,Home & Kitchen,Tier-2 City,153,577,1008,67557.81,3.3,0.2114,7,-0.4063,-0.0355,0.5105,0.314,19,1
SLR002595,Home & Kitchen,Tier-2 City,0,730,239,7782.64,3.07,0.2186,9,0.0299,-0.1299,0.6728,0.2673,3,0
SLR002596,Beauty & Personal Care,Tier-2 City,418,312,444,54227.85,3.47,0.2346,7,-0.0815,-0.3045,0.5896,0.2301,24,1
SLR002597,Toys & Baby,Tier-1 Metro,389,341,164,16769.25,3.62,0.1228,9,0.4069,-0.1737,0.7068,0.0484,24,0
SLR002598,Sports & Fitness,Tier-2 City,420,310,277,10470.46,3.66,0.1838,12,-0.1049,-0.1153,0.6965,0.1672,11,0
SLR002599,Mobiles & Accessories,Tier-1 Metro,637,93,85,13442.28,2.93,0.2562,9,-0.1918,-0.2681,0.617,0.1567,93,1
SLR002600,Home & Kitchen,Tier-1 Metro,215,515,340,14216.69,3.93,0.1385,7,-0.2583,-0.0621,0.629,0.1768,0,0
SLR002601,Toys & Baby,Tier-2 City,660,70,60,13677.62,3.26,0.2005,5,-0.2893,-0.2299,0.6392,0.2628,49,1
SLR002602,Sports & Fitness,Tier-1 Metro,563,167,240,25118.52,3.79,0.1772,11,-0.0548,-0.2592,0.4212,0.2464,15,1
SLR002603,Grocery,Tier-2 City,557,173,5,611.51,3.76,0.1506,5,-0.2781,0.0164,0.6842,0.2106,24,0
SLR002604,Fashion,Tier-3 Town,186,544,1252,30879.51,3.78,0.3349,9,0.062,0.0842,0.6441,0.1398,35,1
SLR002605,Mobiles & Accessories,Tier-2 City,471,259,57,2343.37,4.15,0.2224,2,-0.3057,0.1328,0.6933,0.2153,0,0
SLR002606,Fashion,Tier-2 City,457,273,529,50998.39,3.23,0.2516,10,-0.0682,-0.3234,0.5059,0.2381,23,1
SLR002607,Beauty & Personal Care,Tier-1 Metro,518,212,936,156270.81,3.73,0.1139,8,0.3728,-0.2672,0.5332,0.0741,48,1
SLR002608,Mobiles & Accessories,Tier-2 City,486,244,601,94193.11,4.26,0.2018,3,-0.1384,0.1299,0.6041,0.0929,19,0
SLR002609,Mobiles & Accessories,Tier-2 City,219,511,871,29246.24,4.67,0.1876,5,0.0131,0.002,1.0,0.1543,15,0
SLR002610,Home & Kitchen,Tier-2 City,668,62,160,90775.38,4.89,0.171,0,0.1904,-0.0708,0.6084,0.1092,23,1
SLR002611,Mobiles & Accessories,Tier-1 Metro,372,358,1042,43981.53,4.92,0.1416,4,0.2203,-0.1276,0.8247,0.0988,0,0
SLR002612,Beauty & Personal Care,Tier-1 Metro,273,457,341,28450.01,4.75,0.0965,1,0.2714,0.2787,1.0,0.0776,11,0
SLR002613,Toys & Baby,Tier-2 City,556,174,157,27779.65,4.26,0.1472,3,0.0405,0.1676,0.5552,0.0979,5,0
SLR002614,Beauty & Personal Care,Tier-2 City,191,539,2231,141137.04,3.29,0.1977,10,-0.2166,-0.2991,0.4725,0.1161,36,1
SLR002615,Fashion,Tier-1 Metro,60,670,1327,59232.52,3.37,0.2297,4,-0.2038,-0.3153,0.5745,0.1527,82,1
SLR002616,Fashion,Tier-1 Metro,149,581,734,29424.38,3.84,0.253,4,-0.4904,-0.0232,0.5337,0.2072,11,0
SLR002617,Sports & Fitness,Tier-1 Metro,514,216,503,71269.29,2.92,0.1884,11,-0.2552,-0.2538,0.68,0.2242,42,1
SLR002618,Sports & Fitness,Tier-1 Metro,318,412,2082,155344.51,4.06,0.1137,4,-0.4773,0.1807,0.9159,0.0818,0,0
SLR002619,Grocery,Tier-1 Metro,524,206,178,20484.5,3.91,0.12,9,0.0242,-0.0745,0.474,0.1355,5,0
SLR002620,Mobiles & Accessories,Tier-2 City,672,58,117,82122.28,3.45,0.276,8,-0.2219,-0.3449,0.7009,0.0655,10,0
SLR002621,Grocery,Tier-1 Metro,471,259,307,28914.3,4.85,0.0986,4,-0.281,-0.072,0.7582,0.0876,9,0
SLR002622,Grocery,Tier-2 City,124,606,1556,28422.65,3.25,0.1673,14,-0.7661,-0.2122,0.4873,0.2281,25,1
SLR002623,Electronics,Tier-3 Town,429,301,286,33301.39,3.66,0.3057,6,-1.0,-0.2324,0.7287,0.308,31,1
SLR002624,Fashion,Tier-2 City,0,730,372,20211.81,3.75,0.2951,8,-0.1395,-0.2098,0.9539,0.1371,13,0
SLR002625,Fashion,Tier-1 Metro,529,201,552,67288.29,3.59,0.2533,5,-0.1874,-0.1957,0.4875,0.1746,42,1
SLR002626,Beauty & Personal Care,Tier-2 City,645,85,2,792.81,3.8,0.1562,6,-0.8898,0.0486,0.4292,0.2427,72,1
SLR002627,Electronics,Tier-1 Metro,367,363,313,11650.06,3.88,0.1636,6,-0.3731,0.1955,0.9106,0.1418,0,0
SLR002628,Electronics,Tier-1 Metro,37,693,633,35899.75,4.16,0.1432,1,0.0986,0.2355,0.8851,0.0909,15,0
SLR002629,Mobiles & Accessories,Tier-1 Metro,333,397,801,39069.48,3.88,0.2199,11,-0.2109,0.0483,0.4774,0.2591,13,0
SLR002630,Beauty & Personal Care,Tier-3 Town,497,233,85,11660.1,4.37,0.1926,1,-0.3165,-0.2571,0.6405,0.1012,35,0
SLR002631,Fashion,Tier-1 Metro,564,166,100,8012.69,2.85,0.2931,8,-0.4842,-0.2921,0.4321,0.1844,92,1
SLR002632,Toys & Baby,Tier-1 Metro,486,244,23,2069.0,4.33,0.1279,7,-0.125,0.0888,0.7618,0.1089,147,1
SLR002633,Electronics,Tier-2 City,333,397,694,48671.11,3.44,0.193,9,0.0913,-0.2413,0.4992,0.1153,12,1
SLR002634,Beauty & Personal Care,Tier-2 City,556,174,231,33222.13,3.86,0.1415,4,-0.0143,0.0909,0.7213,0.203,13,0
SLR002635,Sports & Fitness,Tier-1 Metro,0,730,1392,46573.47,4.14,0.1508,5,-0.3154,0.08,0.8107,0.177,5,0
SLR002636,Electronics,Tier-2 City,49,681,98,2501.55,3.96,0.2372,8,-0.025,0.0017,0.4306,0.2223,5,1
SLR002637,Mobiles & Accessories,Tier-1 Metro,283,447,1033,53890.78,4.28,0.159,4,0.2525,-0.0601,1.0,0.0723,2,0
SLR002638,Home & Kitchen,Tier-1 Metro,269,461,1087,81838.87,3.27,0.1676,4,-0.4513,-0.1704,0.6687,0.2357,30,1
SLR002639,Electronics,Tier-1 Metro,560,170,473,41209.51,3.08,0.2004,10,0.6695,-0.1539,0.5105,0.0639,73,1
SLR002640,Home & Kitchen,Tier-2 City,285,445,1276,102254.85,3.99,0.1881,5,0.1452,0.0017,0.8633,0.0314,22,1
SLR002641,Fashion,Tier-2 City,465,265,91,10108.49,3.91,0.3114,9,-0.3619,0.233,0.6547,0.1889,15,1
SLR002642,Fashion,Tier-2 City,494,236,400,55264.56,3.24,0.3364,8,-0.2965,0.0236,0.4222,0.124,56,1
SLR002643,Grocery,Tier-3 Town,475,255,519,58540.09,3.8,0.1935,7,0.2654,-0.2019,0.8686,0.1655,17,1
SLR002644,Home & Kitchen,Tier-2 City,497,233,23,2604.96,3.39,0.2001,9,-0.2972,-0.2702,0.7544,0.2664,50,1
SLR002645,Grocery,Tier-3 Town,614,116,400,86318.97,3.86,0.1928,7,-0.3026,0.3062,0.4995,0.261,10,0
SLR002646,Fashion,Tier-1 Metro,245,485,425,34199.88,4.28,0.253,7,-0.6901,-0.2542,0.5125,0.2205,35,1
SLR002647,Beauty & Personal Care,Tier-1 Metro,229,501,388,9288.37,4.31,0.1526,5,-0.3461,-0.121,0.1891,0.0911,14,0
SLR002648,Mobiles & Accessories,Tier-2 City,557,173,88,18179.62,4.03,0.2057,5,-0.229,-0.0133,0.4393,0.2421,32,0
SLR002649,Sports & Fitness,Tier-3 Town,478,252,154,13436.58,3.58,0.2168,7,-0.2572,-0.1019,0.5425,0.2212,0,0
SLR002650,Fashion,Tier-1 Metro,396,334,445,24751.06,3.83,0.2433,9,0.2297,0.0932,0.7497,0.1343,19,0
SLR002651,Toys & Baby,Tier-3 Town,575,155,529,105508.39,4.05,0.2216,5,-0.1006,-0.3812,0.6634,0.1962,4,0
SLR002652,Fashion,Tier-1 Metro,299,431,1525,111428.42,3.95,0.2203,2,-0.0472,-0.1026,0.7777,0.134,36,0
SLR002653,Electronics,Tier-3 Town,639,91,119,19666.79,3.72,0.3002,1,-0.0813,-0.1025,0.5411,0.2511,91,1
SLR002654,Home & Kitchen,Tier-2 City,487,243,136,17146.39,3.47,0.1857,4,-0.3725,0.0442,0.5556,0.1261,5,1
SLR002655,Mobiles & Accessories,Tier-1 Metro,502,228,640,112171.91,3.67,0.2063,7,-0.2775,0.1279,0.5884,0.1432,77,1
SLR002656,Mobiles & Accessories,Tier-2 City,511,219,52,3216.09,3.35,0.2711,10,-0.2809,0.018,0.3737,0.2048,7,0
SLR002657,Electronics,Tier-1 Metro,47,683,1140,24221.66,4.17,0.1235,6,0.2537,0.0797,0.6052,0.0,11,0
SLR002658,Beauty & Personal Care,Tier-2 City,61,669,518,17463.24,3.23,0.1663,9,-0.0625,-0.0442,0.7517,0.1848,13,0
SLR002659,Electronics,Tier-3 Town,311,419,1468,99759.46,3.51,0.2547,7,0.0713,-0.3346,0.7633,0.1998,33,1
SLR002660,Electronics,Tier-3 Town,0,730,474,9607.36,2.77,0.3034,11,-0.012,-0.0232,0.6661,0.3807,63,1
SLR002661,Mobiles & Accessories,Tier-1 Metro,302,428,621,47782.28,3.79,0.2063,6,-0.1399,0.0474,0.2009,0.2172,1,0
SLR002662,Home & Kitchen,Tier-3 Town,604,126,122,30275.57,3.56,0.2585,2,-0.1844,-0.1589,0.5944,0.1479,10,0
SLR002663,Home & Kitchen,Tier-1 Metro,298,432,91,6617.62,2.8,0.1607,5,-0.458,-0.1063,0.6284,0.2097,8,1
SLR002664,Home & Kitchen,Tier-3 Town,557,173,182,31556.25,3.43,0.2474,5,-0.3101,0.0175,0.6012,0.2552,27,1
SLR002665,Fashion,Tier-3 Town,602,128,30,8313.56,2.59,0.423,15,0.0988,-0.6397,0.349,0.2918,12,1
SLR002666,Sports & Fitness,Tier-1 Metro,210,520,870,61331.01,3.97,0.1016,6,0.1223,0.11,0.7112,0.1564,0,0
SLR002667,Grocery,Tier-1 Metro,588,142,300,83111.74,3.58,0.1072,5,-0.1156,0.2695,0.5525,0.1382,0,0
SLR002668,Mobiles & Accessories,Tier-1 Metro,324,406,308,31369.81,4.07,0.1446,8,-0.0073,0.1998,0.671,0.1306,17,0
SLR002669,Toys & Baby,Tier-1 Metro,0,730,672,33554.02,3.87,0.1412,4,-0.0073,0.06,0.6426,0.1233,7,0
SLR002670,Grocery,Tier-1 Metro,507,223,559,98692.6,4.44,0.1004,2,0.3046,0.1037,0.836,0.146,14,0
SLR002671,Beauty & Personal Care,Tier-2 City,198,532,887,58381.68,3.66,0.1738,6,0.0918,-0.0803,0.2572,0.1555,19,1
SLR002672,Mobiles & Accessories,Tier-2 City,457,273,205,30920.96,3.9,0.2941,15,-0.1439,-0.3957,0.2531,0.2562,41,1
SLR002673,Beauty & Personal Care,Tier-2 City,435,295,63,3319.3,3.33,0.2132,7,-0.3281,-0.3311,0.4163,0.2538,7,0
SLR002674,Toys & Baby,Tier-3 Town,391,339,94,7775.23,3.48,0.2235,5,-0.4377,0.114,0.4297,0.2097,0,0
SLR002675,Sports & Fitness,Tier-1 Metro,169,561,329,7575.25,3.52,0.1682,19,-0.5133,-0.3699,0.5377,0.1945,42,1
SLR002676,Sports & Fitness,Tier-3 Town,24,706,1242,36416.69,4.01,0.2291,2,-0.7764,0.0174,0.8758,0.2234,9,0
SLR002677,Home & Kitchen,Tier-1 Metro,550,180,548,97412.99,3.92,0.1519,11,-0.2203,-0.2137,0.6402,0.1544,111,1
SLR002678,Electronics,Tier-1 Metro,687,43,87,44390.96,4.31,0.1944,6,0.0388,-0.0612,0.4463,0.1471,18,0
SLR002679,Home & Kitchen,Tier-1 Metro,539,191,162,26738.72,4.77,0.1065,0,0.2016,0.1594,0.8714,0.0415,12,0
SLR002680,Sports & Fitness,Tier-2 City,501,229,79,10091.92,3.7,0.1801,6,-0.1727,-0.1168,0.5033,0.1461,14,0
SLR002681,Fashion,Tier-1 Metro,573,157,159,27547.7,3.77,0.2693,7,-0.0807,-0.0798,0.5731,0.1521,48,1
SLR002682,Sports & Fitness,Tier-1 Metro,309,421,291,22557.59,4.18,0.1062,4,0.2787,0.0246,0.7699,0.0588,3,0
SLR002683,Fashion,Tier-1 Metro,336,394,439,38890.13,3.67,0.2827,3,-0.5227,-0.1773,0.6119,0.2098,43,1
SLR002684,Toys & Baby,Tier-1 Metro,274,456,1310,35908.31,4.37,0.0901,4,0.5333,-0.0996,0.7503,0.1156,17,1
SLR002685,Fashion,Tier-1 Metro,492,238,202,13429.62,3.27,0.2431,12,-0.0759,-0.0558,0.9268,0.1848,0,0
SLR002686,Beauty & Personal Care,Tier-3 Town,543,187,42,6911.75,3.37,0.2715,10,-0.6611,-0.1506,0.1846,0.3588,19,1
SLR002687,Mobiles & Accessories,Tier-2 City,159,571,1383,80668.96,3.57,0.2039,5,-0.1159,0.0749,0.4968,0.2382,1,0
SLR002688,Electronics,Tier-2 City,452,278,817,78895.85,4.54,0.1683,7,0.0607,0.1184,0.6552,0.0936,18,0
SLR002689,Electronics,Tier-1 Metro,0,730,278,9925.9,3.42,0.1818,12,0.0017,-0.0654,0.6098,0.1672,70,1
SLR002690,Sports & Fitness,Tier-2 City,0,730,1282,49441.0,4.14,0.1171,2,-0.1611,-0.1044,0.6331,0.1762,4,0
SLR002691,Fashion,Tier-1 Metro,264,466,147,6316.33,2.91,0.289,9,-0.2503,-0.2792,0.7269,0.1944,8,0
SLR002692,Toys & Baby,Tier-2 City,523,207,228,24339.58,3.59,0.199,8,-0.1087,-0.1384,0.8446,0.1801,70,1
SLR002693,Mobiles & Accessories,Tier-3 Town,41,689,1942,64626.4,3.49,0.2309,3,-0.129,-0.3569,0.6975,0.1199,6,0
SLR002694,Home & Kitchen,Tier-2 City,487,243,321,13956.24,3.7,0.212,4,0.058,-0.0283,0.6374,0.069,42,0
SLR002695,Grocery,Tier-2 City,149,581,1717,116586.56,4.8,0.1142,4,0.3424,-0.2203,0.9596,0.1444,35,0
SLR002696,Beauty & Personal Care,Tier-2 City,370,360,313,24310.38,4.51,0.1316,1,0.0807,0.2224,0.9727,0.1007,9,0
SLR002697,Toys & Baby,Tier-2 City,502,228,104,8966.29,3.3,0.231,8,-0.3909,-0.3738,0.65,0.2055,0,0
SLR002698,Toys & Baby,Tier-2 City,0,730,1151,20252.51,3.64,0.1799,5,0.0075,0.1894,0.7183,0.1559,12,0
SLR002699,Toys & Baby,Tier-2 City,229,501,270,16307.99,4.4,0.1553,7,0.1449,0.0838,0.7494,0.0083,0,0
SLR002700,Fashion,Tier-2 City,329,401,1135,58726.94,3.17,0.3672,15,0.1151,-0.0548,0.6213,0.2809,30,1
SLR002701,Toys & Baby,Tier-2 City,200,530,397,11702.81,4.21,0.1427,8,-0.8164,-0.2376,0.295,0.1903,0,0
SLR002702,Fashion,Tier-2 City,589,141,140,17101.66,2.74,0.3344,15,-0.0106,-0.3086,0.4952,0.2235,5,1
SLR002703,Mobiles & Accessories,Tier-1 Metro,532,198,230,41343.75,3.11,0.1918,7,0.155,0.0427,0.7265,0.1516,40,1
SLR002704,Beauty & Personal Care,Tier-1 Metro,587,143,415,95920.0,3.76,0.1321,6,0.1983,-0.14,0.7917,0.0878,25,0
SLR002705,Sports & Fitness,Tier-3 Town,529,201,136,16604.42,3.57,0.2478,10,-0.466,-0.2091,0.6,0.3139,28,1
SLR002706,Mobiles & Accessories,Tier-1 Metro,664,66,139,79837.86,4.44,0.2099,8,0.36,-0.0279,0.6635,0.1915,12,0
SLR002707,Toys & Baby,Tier-2 City,403,327,558,68420.4,3.79,0.1909,11,0.2671,-0.2139,0.6799,0.1507,47,1
SLR002708,Mobiles & Accessories,Tier-2 City,535,195,265,50468.69,4.2,0.2011,4,0.0605,0.1816,0.9558,0.1614,11,0
SLR002709,Grocery,Tier-3 Town,387,343,173,8607.22,3.88,0.1892,8,0.1636,0.0652,0.7306,0.264,39,1
SLR002710,Fashion,Tier-1 Metro,0,730,2081,90057.58,3.98,0.2678,7,0.247,-0.162,0.6135,0.1679,0,0
SLR002711,Sports & Fitness,Tier-1 Metro,372,358,89,4879.63,3.51,0.1333,3,0.093,-0.0708,0.5559,0.1786,26,0
SLR002712,Mobiles & Accessories,Tier-3 Town,0,730,1542,45330.13,3.42,0.3062,17,-0.7157,-0.3081,0.4453,0.2716,59,1
SLR002713,Grocery,Tier-1 Metro,609,121,146,17907.12,4.2,0.1148,6,-0.0466,0.4059,0.4353,0.0142,4,0
SLR002714,Sports & Fitness,Tier-3 Town,490,240,396,66458.56,3.98,0.2352,8,-0.3636,-0.2862,0.61,0.2887,65,1
SLR002715,Mobiles & Accessories,Tier-2 City,654,76,165,77190.09,4.03,0.2115,3,-0.3059,0.0807,0.9517,0.1827,37,1
SLR002716,Fashion,Tier-1 Metro,535,195,102,11495.28,3.21,0.2688,7,-0.0924,-0.1266,0.5716,0.1261,110,1
SLR002717,Mobiles & Accessories,Tier-2 City,0,730,1641,28898.44,2.86,0.2505,8,-0.3165,-0.1005,0.499,0.1715,11,1
SLR002718,Toys & Baby,Tier-1 Metro,648,82,123,46873.43,4.01,0.1287,2,0.0795,0.0308,0.7456,0.1086,8,0
SLR002719,Home & Kitchen,Tier-1 Metro,514,216,148,22922.41,3.56,0.1328,3,-0.0752,-0.2668,0.7071,0.1695,30,1
SLR002720,Mobiles & Accessories,Tier-1 Metro,238,492,1674,41451.96,3.98,0.1913,5,-0.0477,-0.323,0.7495,0.1317,16,0
SLR002721,Sports & Fitness,Tier-2 City,38,692,1680,32884.03,3.77,0.1977,3,-0.2486,-0.0184,0.821,0.1143,2,0
SLR002722,Sports & Fitness,Tier-3 Town,577,153,406,105388.72,3.31,0.2386,7,0.0051,-0.09,0.4188,0.1898,16,1
SLR002723,Grocery,Tier-1 Metro,398,332,250,21427.72,3.47,0.0996,7,-0.3536,-0.2512,0.7553,0.1792,28,1
SLR002724,Fashion,Tier-2 City,472,258,218,35312.09,3.65,0.2514,9,-0.0085,-0.1042,0.7704,0.1195,20,1
SLR002725,Electronics,Tier-1 Metro,0,730,1334,68751.94,3.29,0.1492,6,0.2422,0.0647,0.5069,0.1865,14,1
SLR002726,Beauty & Personal Care,Tier-2 City,650,80,224,46682.07,4.19,0.1318,3,0.3555,-0.039,0.8293,0.2604,0,0
SLR002727,Sports & Fitness,Tier-2 City,285,445,183,5900.75,3.27,0.2034,7,-0.4701,-0.3044,0.3362,0.1696,25,1
SLR002728,Toys & Baby,Tier-1 Metro,0,730,1438,31728.62,4.66,0.127,0,0.3229,-0.1633,0.7282,0.0616,16,0
SLR002729,Sports & Fitness,Tier-2 City,0,730,272,10766.56,3.63,0.2017,3,0.1625,-0.1933,0.5921,0.141,2,0
SLR002730,Home & Kitchen,Tier-1 Metro,295,435,1351,90083.52,4.01,0.1089,5,0.1788,0.1172,0.8081,0.1009,11,0
SLR002731,Mobiles & Accessories,Tier-3 Town,345,385,1528,83713.34,4.0,0.2585,4,0.3702,-0.2314,0.5485,0.1989,20,0
SLR002732,Home & Kitchen,Tier-2 City,636,94,61,25108.57,3.14,0.1954,5,-0.3235,-0.2094,0.3375,0.1396,25,1
SLR002733,Sports & Fitness,Tier-1 Metro,691,39,100,48565.67,3.98,0.138,2,-0.2203,-0.1392,0.884,0.0,22,0
SLR002734,Home & Kitchen,Tier-2 City,199,531,472,21302.05,3.76,0.1746,4,-0.3883,0.0143,0.5998,0.1357,7,0
SLR002735,Mobiles & Accessories,Tier-1 Metro,450,280,256,14477.37,3.94,0.1428,4,0.3123,-0.0824,0.7292,0.1715,1,0
SLR002736,Toys & Baby,Tier-2 City,308,422,1069,72558.66,3.84,0.1572,5,-0.175,-0.0977,0.4924,0.1634,68,1
SLR002737,Toys & Baby,Tier-1 Metro,625,105,208,34133.22,3.72,0.1364,7,0.2539,-0.1649,0.6375,0.1896,20,1
SLR002738,Grocery,Tier-2 City,0,730,1025,47492.83,3.29,0.1576,10,-0.2718,-0.21,0.6206,0.2443,8,0
SLR002739,Toys & Baby,Tier-1 Metro,22,708,623,21919.25,4.23,0.122,2,0.4141,-0.1338,0.8471,0.1141,5,0
SLR002740,Home & Kitchen,Tier-1 Metro,587,143,214,29562.27,4.18,0.1416,2,0.2613,0.0017,0.6241,0.1503,3,0
SLR002741,Grocery,Tier-3 Town,175,555,1170,81182.26,4.04,0.2074,7,-0.392,-0.0714,0.6246,0.2063,7,0
SLR002742,Electronics,Tier-3 Town,628,102,67,25002.64,3.67,0.2517,6,-0.2301,0.0607,0.5306,0.1959,23,0
SLR002743,Toys & Baby,Tier-2 City,498,232,177,30992.85,3.98,0.18,5,-0.1618,-0.3989,0.7283,0.242,0,0
SLR002744,Grocery,Tier-2 City,259,471,285,7207.88,3.59,0.1514,4,0.0306,-0.0444,0.5542,0.1642,26,1
SLR002745,Mobiles & Accessories,Tier-1 Metro,162,568,305,8848.4,3.13,0.2286,6,-0.31,-0.2002,0.6263,0.2196,33,1
SLR002746,Beauty & Personal Care,Tier-1 Metro,229,501,499,18731.33,4.04,0.1434,7,-0.2036,0.0387,0.4783,0.1371,0,0
SLR002747,Sports & Fitness,Tier-3 Town,265,465,1575,104332.19,4.09,0.1996,2,-0.0808,0.1478,0.4996,0.2281,12,0
SLR002748,Beauty & Personal Care,Tier-1 Metro,312,418,235,18953.85,3.58,0.1049,1,0.3461,-0.1273,0.8352,0.1235,0,0
SLR002749,Beauty & Personal Care,Tier-1 Metro,288,442,439,37005.01,2.76,0.1957,11,-0.3127,-0.195,0.6588,0.2449,11,1
SLR002750,Grocery,Tier-2 City,0,730,2291,49145.39,3.88,0.1461,4,-0.2787,0.0758,0.5866,0.2988,0,0
SLR002751,Grocery,Tier-1 Metro,439,291,178,18174.35,4.46,0.0454,1,0.3101,0.1769,0.5565,0.0,12,0
SLR002752,Beauty & Personal Care,Tier-2 City,190,540,996,52136.26,4.55,0.1421,4,0.4405,-0.0006,0.7173,0.1876,5,0
SLR002753,Grocery,Tier-2 City,589,141,454,57587.26,3.47,0.1538,2,-0.1835,0.131,0.6532,0.2314,67,1
SLR002754,Electronics,Tier-3 Town,315,415,962,49768.29,3.57,0.2877,10,-0.1364,-0.2822,0.6911,0.1569,30,0
SLR002755,Fashion,Tier-1 Metro,357,373,996,33911.17,3.87,0.2288,1,0.1941,-0.0929,0.5474,0.1014,0,0
SLR002756,Electronics,Tier-3 Town,661,69,243,44895.28,4.13,0.2723,10,0.0126,0.3967,0.6399,0.3408,37,1
SLR002757,Toys & Baby,Tier-2 City,521,209,555,110252.36,4.29,0.1932,2,-0.2013,0.041,0.792,0.1265,119,1
SLR002758,Fashion,Tier-1 Metro,445,285,73,8368.6,3.18,0.2996,14,-0.2639,-0.4459,0.4094,0.1604,66,1
SLR002759,Beauty & Personal Care,Tier-3 Town,459,271,702,38956.27,3.48,0.2,3,0.0997,0.3551,0.5539,0.1489,5,0
SLR002760,Sports & Fitness,Tier-1 Metro,490,240,517,89051.71,4.31,0.1031,2,0.0961,0.1224,0.8431,0.087,1,0
SLR002761,Beauty & Personal Care,Tier-3 Town,614,116,105,24838.12,3.88,0.2699,11,-0.3704,-0.1195,0.545,0.3342,20,0
SLR002762,Toys & Baby,Tier-2 City,473,257,767,54798.08,3.18,0.195,9,-0.0805,0.0508,0.4343,0.2275,16,1
SLR002763,Mobiles & Accessories,Tier-2 City,300,430,618,36743.62,4.26,0.1974,5,0.0409,0.0512,0.7153,0.1489,71,1
SLR002764,Toys & Baby,Tier-2 City,276,454,151,3795.99,4.32,0.2111,8,-0.164,0.0045,0.6628,0.2036,0,0
SLR002765,Mobiles & Accessories,Tier-1 Metro,0,730,1492,48837.92,3.68,0.2015,11,0.1037,-0.0616,0.4786,0.1871,6,0
SLR002766,Fashion,Tier-1 Metro,546,184,143,13853.56,3.71,0.272,3,0.2635,-0.0357,0.7839,0.1733,7,0
SLR002767,Sports & Fitness,Tier-1 Metro,277,453,343,8545.05,4.62,0.1086,0,0.0997,-0.035,0.7101,0.0351,0,0
SLR002768,Electronics,Tier-1 Metro,49,681,1186,64414.28,4.23,0.1744,5,0.3651,-0.1082,0.7945,0.0841,3,0
SLR002769,Mobiles & Accessories,Tier-1 Metro,231,499,1122,55771.47,3.84,0.1587,3,0.1406,-0.0684,0.9151,0.1146,22,0
SLR002770,Electronics,Tier-1 Metro,534,196,181,19795.15,3.57,0.1657,6,-0.4821,-0.1988,0.4906,0.0983,115,1
SLR002771,Toys & Baby,Tier-1 Metro,515,215,146,8378.37,3.61,0.1559,5,-0.1495,-0.175,0.6621,0.1178,12,0
SLR002772,Electronics,Tier-1 Metro,553,177,399,38794.12,3.32,0.1868,5,0.1237,-0.25,0.6754,0.253,6,1
SLR002773,Grocery,Tier-1 Metro,88,642,3346,73080.26,4.68,0.0595,3,0.4497,0.0005,0.5538,0.0904,21,0
SLR002774,Fashion,Tier-1 Metro,452,278,61,6041.33,2.96,0.249,5,0.1366,0.0116,0.5159,0.0324,19,0
SLR002775,Fashion,Tier-1 Metro,442,288,315,19880.89,2.75,0.2967,10,-0.1024,-0.2932,0.2772,0.1305,51,1
SLR002776,Toys & Baby,Tier-1 Metro,399,331,430,45997.71,3.84,0.1386,4,0.0586,-0.1121,0.6139,0.2016,9,0
SLR002777,Mobiles & Accessories,Tier-3 Town,566,164,278,67722.84,3.49,0.3285,5,-0.1703,-0.1224,0.8852,0.2007,0,0
SLR002778,Toys & Baby,Tier-3 Town,0,730,174,4442.53,3.65,0.2201,5,-0.1723,-0.2668,0.473,0.2307,5,1
SLR002779,Home & Kitchen,Tier-1 Metro,81,649,1054,26177.59,3.78,0.1625,2,0.1145,0.126,0.6204,0.1454,0,0
SLR002780,Home & Kitchen,Tier-2 City,303,427,725,56753.67,4.44,0.162,6,0.1658,-0.1266,0.7936,0.1422,0,0
SLR002781,Fashion,Tier-3 Town,627,103,12,4107.28,2.81,0.3918,13,-0.4795,-0.0006,0.4027,0.2488,50,1
SLR002782,Fashion,Tier-1 Metro,309,421,1038,49535.65,3.41,0.2913,5,0.0315,0.0073,0.3926,0.2062,6,0
SLR002783,Mobiles & Accessories,Tier-1 Metro,499,231,335,46331.42,4.16,0.1509,4,-0.3016,0.1199,0.7833,0.0963,61,1
SLR002784,Toys & Baby,Tier-1 Metro,354,376,83,6913.62,2.77,0.1899,10,-0.1666,-0.1605,0.5162,0.3083,17,0
SLR002785,Grocery,Tier-2 City,352,378,381,14054.95,3.67,0.1601,4,-0.2012,-0.2387,0.2277,0.2413,3,0
SLR002786,Beauty & Personal Care,Tier-1 Metro,0,730,2549,66701.4,4.74,0.0996,4,0.2362,0.2134,0.7928,0.1067,38,0
SLR002787,Grocery,Tier-1 Metro,49,681,561,14538.79,3.72,0.0844,4,-0.2581,0.1001,0.624,0.1972,10,0
SLR002788,Mobiles & Accessories,Tier-1 Metro,0,730,1238,28199.75,3.97,0.1997,9,-0.098,-0.0243,0.518,0.1604,4,0
SLR002789,Beauty & Personal Care,Tier-1 Metro,676,54,56,14793.37,3.79,0.1104,2,0.0863,0.2172,0.7192,0.1147,54,1
SLR002790,Home & Kitchen,Tier-1 Metro,0,730,473,13647.39,3.79,0.1716,6,-0.5355,-0.0276,0.6873,0.0894,7,0
SLR002791,Mobiles & Accessories,Tier-2 City,487,243,228,15409.28,3.37,0.2408,9,-0.1015,0.0046,0.622,0.1431,4,0
SLR002792,Electronics,Tier-1 Metro,648,82,125,46651.74,4.66,0.1707,3,-0.3371,0.0539,0.768,0.0697,8,0
SLR002793,Home & Kitchen,Tier-2 City,304,426,427,26215.88,3.63,0.1699,6,-0.0182,0.2601,0.5727,0.1081,0,0
SLR002794,Grocery,Tier-1 Metro,293,437,975,90120.74,4.04,0.1169,3,-0.035,0.1538,0.6273,0.178,1,0
SLR002795,Home & Kitchen,Tier-2 City,0,730,1123,49088.61,3.12,0.201,3,-0.4778,-0.2831,0.5142,0.1246,57,1
SLR002796,Beauty & Personal Care,Tier-2 City,648,82,178,70986.68,3.13,0.1792,7,0.142,-0.0939,0.6002,0.28,24,1
SLR002797,Electronics,Tier-1 Metro,0,730,550,17181.86,2.94,0.2422,14,-0.1638,-0.187,0.4412,0.2407,55,1
SLR002798,Electronics,Tier-2 City,352,378,132,8893.54,4.3,0.1738,10,-0.3986,-0.0189,0.8004,0.0876,20,0
SLR002799,Electronics,Tier-3 Town,675,55,267,197978.16,4.25,0.2551,5,0.6429,0.1046,0.7911,0.1836,12,0
SLR002800,Mobiles & Accessories,Tier-2 City,397,333,141,15314.45,4.05,0.2467,3,-0.0768,-0.3253,0.6887,0.1399,3,0
SLR002801,Sports & Fitness,Tier-3 Town,25,705,278,6178.32,3.04,0.2947,12,-0.6666,-0.3951,0.4175,0.2864,37,1
SLR002802,Fashion,Tier-1 Metro,194,536,1081,49124.07,4.24,0.3176,8,-0.2954,-0.2019,0.6477,0.1255,53,1
SLR002803,Home & Kitchen,Tier-3 Town,432,298,244,28778.76,3.39,0.3003,7,-0.0721,-0.4735,0.3158,0.3164,62,1
SLR002804,Beauty & Personal Care,Tier-2 City,295,435,523,28654.49,2.78,0.306,12,-0.2786,-0.6667,0.3878,0.2865,51,1
SLR002805,Sports & Fitness,Tier-1 Metro,27,703,2695,156716.22,4.17,0.1319,7,0.0493,0.0271,0.8682,0.1034,11,0
SLR002806,Sports & Fitness,Tier-1 Metro,309,421,769,76126.67,3.4,0.1585,12,-0.1858,-0.3269,0.4973,0.2128,14,1
SLR002807,Fashion,Tier-2 City,71,659,407,25409.36,4.22,0.294,8,-0.1725,-0.0518,0.7516,0.1177,1,0
SLR002808,Sports & Fitness,Tier-3 Town,0,730,224,5196.43,3.01,0.2614,3,-0.2237,-0.3552,0.3567,0.2869,3,0
SLR002809,Mobiles & Accessories,Tier-1 Metro,402,328,1209,133498.47,4.57,0.1596,9,0.1903,-0.1399,0.8661,0.0942,25,0
SLR002810,Mobiles & Accessories,Tier-1 Metro,701,29,68,78695.91,3.46,0.2005,7,-0.1127,-0.1016,0.6555,0.1077,0,0
SLR002811,Toys & Baby,Tier-2 City,554,176,354,80601.02,4.02,0.1614,8,-0.2094,-0.0562,0.9448,0.0925,6,0
SLR002812,Sports & Fitness,Tier-3 Town,0,730,997,34289.83,3.39,0.2274,9,0.0241,-0.1283,0.8931,0.3624,8,0
SLR002813,Sports & Fitness,Tier-2 City,301,429,496,45768.78,3.95,0.1796,5,-0.0584,-0.1475,0.3555,0.2169,6,0
SLR002814,Toys & Baby,Tier-3 Town,0,730,1324,61859.38,3.91,0.2518,4,-0.4261,0.1107,0.8347,0.2004,3,0
SLR002815,Sports & Fitness,Tier-2 City,496,234,817,63198.96,3.89,0.1738,10,-0.3325,-0.2614,0.5823,0.1907,9,0
SLR002816,Grocery,Tier-2 City,546,184,440,69905.69,3.61,0.1424,8,-0.4625,-0.2072,0.3912,0.2993,26,1
SLR002817,Fashion,Tier-1 Metro,552,178,560,130637.54,4.64,0.2171,2,0.0467,0.1884,0.5771,0.0313,13,0
SLR002818,Beauty & Personal Care,Tier-2 City,445,285,177,19733.99,4.59,0.118,4,0.1489,0.0914,0.9141,0.1145,19,0
SLR002819,Sports & Fitness,Tier-3 Town,0,730,328,7893.47,2.43,0.2799,9,-0.8412,-0.0342,0.4946,0.3146,32,1
SLR002820,Home & Kitchen,Tier-3 Town,336,394,1873,107683.43,4.02,0.2402,6,-0.2718,-0.0603,0.6989,0.1919,0,0
SLR002821,Toys & Baby,Tier-1 Metro,442,288,153,14028.77,4.04,0.1266,5,-0.2555,-0.1174,0.4845,0.1852,23,0
SLR002822,Fashion,Tier-1 Metro,488,242,238,18463.35,3.57,0.2601,3,-0.1121,0.3265,0.5829,0.0864,60,1
SLR002823,Electronics,Tier-1 Metro,483,247,447,36444.61,3.93,0.1436,12,-0.1638,0.0335,0.4652,0.1469,0,0
SLR002824,Sports & Fitness,Tier-2 City,437,293,348,20207.28,3.47,0.1313,5,0.3295,0.2157,0.9078,0.192,4,0
SLR002825,Mobiles & Accessories,Tier-2 City,582,148,85,16324.51,4.02,0.2187,8,-0.1125,-0.3054,0.6304,0.2455,5,0
SLR002826,Beauty & Personal Care,Tier-1 Metro,513,217,892,133960.06,4.36,0.081,3,0.0367,-0.0079,0.6444,0.1474,3,0
SLR002827,Sports & Fitness,Tier-3 Town,421,309,266,19242.95,4.46,0.2319,12,-0.0761,-0.189,0.5243,0.2876,16,0
SLR002828,Home & Kitchen,Tier-2 City,484,246,228,31602.56,3.29,0.2015,4,-0.2235,-0.096,0.6067,0.2255,35,1
SLR002829,Beauty & Personal Care,Tier-1 Metro,496,234,144,22933.39,3.27,0.1412,7,-0.0667,-0.1356,0.5763,0.1156,16,1
SLR002830,Sports & Fitness,Tier-3 Town,466,264,75,6081.88,3.8,0.2641,12,-0.001,-0.0274,0.6643,0.3074,6,0
SLR002831,Grocery,Tier-3 Town,559,171,115,20935.3,4.42,0.1983,5,0.6201,-0.1253,0.6953,0.1995,0,0
SLR002832,Toys & Baby,Tier-2 City,199,531,695,41119.83,3.74,0.1694,6,0.225,0.0145,0.7592,0.1215,0,0
SLR002833,Electronics,Tier-2 City,662,68,146,53219.46,4.58,0.1735,5,0.0559,0.1218,0.8333,0.1042,5,0
SLR002834,Sports & Fitness,Tier-1 Metro,85,645,758,35137.87,4.26,0.1515,1,-0.3724,-0.2151,0.7962,0.11,0,0
SLR002835,Beauty & Personal Care,Tier-1 Metro,0,730,753,14056.81,3.21,0.1498,9,-0.0436,0.0594,0.6515,0.1516,19,1
SLR002836,Toys & Baby,Tier-1 Metro,179,551,227,14866.87,3.03,0.1534,8,-0.1041,-0.2817,0.5446,0.2201,6,0
SLR002837,Sports & Fitness,Tier-1 Metro,0,730,2878,77861.48,4.37,0.1651,6,-0.3205,-0.2792,0.4949,0.2173,56,1
SLR002838,Grocery,Tier-1 Metro,625,105,154,48019.62,3.84,0.1049,4,-0.1463,-0.0655,0.475,0.1324,22,0
SLR002839,Sports & Fitness,Tier-2 City,366,364,267,10663.39,3.28,0.2324,10,0.3741,-0.0711,0.3941,0.2403,25,1
SLR002840,Electronics,Tier-3 Town,0,730,413,22659.82,3.06,0.3202,11,-0.69,-0.3929,0.3678,0.359,51,1
SLR002841,Toys & Baby,Tier-1 Metro,224,506,705,37649.14,3.73,0.1922,13,-0.1937,0.0829,0.4863,0.121,41,1
SLR002842,Home & Kitchen,Tier-1 Metro,307,423,223,9606.27,3.4,0.1976,9,0.0764,0.0612,0.2874,0.1306,4,0
SLR002843,Toys & Baby,Tier-2 City,361,369,623,19977.8,4.2,0.2056,8,0.0401,-0.2981,0.497,0.18,0,0
SLR002844,Sports & Fitness,Tier-1 Metro,584,146,131,34324.74,4.03,0.1186,9,-0.0645,-0.2291,0.8883,0.0485,5,0
SLR002845,Electronics,Tier-1 Metro,543,187,126,20634.62,3.16,0.1883,7,-0.1245,-0.0234,0.715,0.2098,15,1
SLR002846,Toys & Baby,Tier-1 Metro,591,139,64,15633.35,3.82,0.1155,8,0.204,-0.1159,0.5208,0.2322,5,1
SLR002847,Electronics,Tier-2 City,592,138,52,7997.41,3.2,0.2329,10,-0.1432,-0.2341,0.4864,0.2593,18,0
SLR002848,Beauty & Personal Care,Tier-2 City,314,416,1512,72732.72,3.98,0.1493,7,-0.3297,0.2288,0.7661,0.2355,110,1
SLR002849,Fashion,Tier-1 Metro,563,167,417,59001.26,3.53,0.2513,6,0.1116,0.083,0.697,0.0934,4,0
SLR002850,Beauty & Personal Care,Tier-1 Metro,439,291,665,38547.57,4.92,0.1268,2,0.2395,0.0377,0.6504,0.0,0,0
SLR002851,Toys & Baby,Tier-1 Metro,702,28,74,53294.63,3.92,0.1464,7,0.0089,0.1337,0.4635,0.0892,8,0
SLR002852,Mobiles & Accessories,Tier-1 Metro,588,142,75,6623.64,3.55,0.1941,8,-0.0328,0.02,0.5997,0.1819,0,0
SLR002853,Grocery,Tier-2 City,438,292,441,27806.56,3.78,0.18,6,-0.2034,-0.1946,0.5969,0.2418,7,0
SLR002854,Grocery,Tier-2 City,645,85,125,38920.63,5.0,0.0878,2,0.1104,0.1512,1.0,0.0607,5,1
SLR002855,Mobiles & Accessories,Tier-3 Town,363,367,158,13868.96,4.03,0.2839,6,-0.4145,-0.0941,0.266,0.3422,106,1
SLR002856,Toys & Baby,Tier-2 City,629,101,350,128125.11,4.02,0.2397,10,0.1291,-0.2061,0.6351,0.2877,5,1
SLR002857,Sports & Fitness,Tier-2 City,444,286,148,11107.47,3.8,0.1722,6,-0.3933,-0.0002,0.9258,0.2077,18,0
SLR002858,Sports & Fitness,Tier-3 Town,329,401,756,23548.38,3.91,0.2168,4,0.0103,-0.024,0.7869,0.1935,34,0
SLR002859,Mobiles & Accessories,Tier-2 City,384,346,638,27554.82,3.71,0.2578,6,-0.3749,0.0117,0.7009,0.2932,29,1
SLR002860,Mobiles & Accessories,Tier-3 Town,626,104,315,103319.13,3.75,0.2956,6,-0.1083,-0.1107,0.5925,0.2352,10,0
SLR002861,Sports & Fitness,Tier-1 Metro,475,255,810,123381.22,3.84,0.1536,6,0.309,0.0743,0.576,0.1062,38,1
SLR002862,Home & Kitchen,Tier-1 Metro,120,610,615,37593.64,4.62,0.1239,3,0.2621,-0.1168,0.7127,0.041,24,0
SLR002863,Beauty & Personal Care,Tier-2 City,539,191,294,62133.76,3.85,0.1678,8,-0.1847,-0.0658,0.597,0.1975,7,0
SLR002864,Beauty & Personal Care,Tier-2 City,493,237,633,49779.25,3.98,0.1442,4,0.0656,0.1534,0.8735,0.0022,6,0
SLR002865,Mobiles & Accessories,Tier-1 Metro,416,314,752,33966.55,3.88,0.1727,7,0.051,0.2767,0.6055,0.0792,0,0
SLR002866,Toys & Baby,Tier-3 Town,118,612,689,23095.17,3.7,0.2288,8,-0.2473,0.0143,0.8476,0.2989,3,0
SLR002867,Sports & Fitness,Tier-1 Metro,221,509,1010,22235.31,3.98,0.1708,6,-0.5313,-0.2714,0.7519,0.2101,71,1
SLR002868,Sports & Fitness,Tier-1 Metro,221,509,85,6096.28,4.13,0.1664,5,-0.0172,-0.0597,0.6333,0.1697,0,0
SLR002869,Fashion,Tier-3 Town,562,168,96,9518.29,2.69,0.415,17,-0.6011,-0.2708,0.4793,0.3102,54,1
SLR002870,Fashion,Tier-2 City,628,102,29,8475.78,3.81,0.2703,7,-0.6601,0.0948,0.7105,0.1535,3,0
SLR002871,Beauty & Personal Care,Tier-2 City,427,303,269,35634.45,4.65,0.104,3,0.0783,-0.0199,0.7561,0.1362,5,1
SLR002872,Fashion,Tier-3 Town,425,305,175,11268.4,3.07,0.3966,15,-0.6459,-0.3867,0.4062,0.3437,118,1
SLR002873,Beauty & Personal Care,Tier-3 Town,673,57,28,9965.89,3.22,0.2701,14,-0.3184,-0.0842,0.4576,0.208,57,1
SLR002874,Grocery,Tier-3 Town,373,357,605,46963.82,3.92,0.2197,7,-0.4887,-0.0465,0.592,0.353,64,1
SLR002875,Fashion,Tier-3 Town,0,730,524,21984.2,4.05,0.3495,5,-0.4795,-0.1492,0.6509,0.1961,10,0
SLR002876,Toys & Baby,Tier-1 Metro,454,276,636,36134.08,3.46,0.146,5,0.0482,0.0061,0.357,0.1823,59,1
SLR002877,Sports & Fitness,Tier-2 City,80,650,2246,124806.85,3.97,0.1787,4,-0.0311,-0.1376,0.5266,0.0702,0,0
SLR002878,Grocery,Tier-1 Metro,518,212,151,21104.24,4.82,0.0277,0,0.6422,0.0717,0.6163,0.0,4,0
SLR002879,Beauty & Personal Care,Tier-1 Metro,481,249,272,22019.86,3.7,0.1251,7,0.191,0.0045,0.6914,0.2008,35,1
SLR002880,Beauty & Personal Care,Tier-1 Metro,0,730,2407,114040.08,3.56,0.1552,4,0.1814,-0.0048,0.4702,0.2158,0,0
SLR002881,Electronics,Tier-1 Metro,64,666,1495,55241.46,4.35,0.1707,8,-0.3334,-0.256,0.3883,0.177,0,0
SLR002882,Mobiles & Accessories,Tier-2 City,226,504,917,19630.82,3.56,0.2401,10,-0.3725,0.1576,0.4797,0.1666,5,1
SLR002883,Home & Kitchen,Tier-2 City,522,208,379,28926.11,2.95,0.2101,10,-0.1829,-0.1434,0.5393,0.2157,41,1
SLR002884,Grocery,Tier-1 Metro,398,332,377,39965.52,4.09,0.0676,4,-0.3062,0.0678,0.683,0.1662,16,0
SLR002885,Grocery,Tier-2 City,409,321,1058,62105.41,4.4,0.1707,4,0.0683,-0.1908,0.6587,0.1835,115,1
SLR002886,Toys & Baby,Tier-1 Metro,527,203,202,17773.82,3.51,0.177,7,0.1128,-0.2455,0.7845,0.0397,4,0
SLR002887,Sports & Fitness,Tier-2 City,153,577,458,29846.12,3.65,0.1774,9,-0.4514,-0.0141,0.4622,0.257,69,1
SLR002888,Home & Kitchen,Tier-1 Metro,584,146,229,19903.23,3.39,0.0974,6,0.2864,0.0054,0.8567,0.2047,17,0
SLR002889,Sports & Fitness,Tier-2 City,482,248,1328,164997.97,3.36,0.1912,8,-0.1073,-0.0362,0.442,0.2575,6,0
SLR002890,Sports & Fitness,Tier-1 Metro,93,637,960,56774.12,3.35,0.1438,4,0.1575,0.0908,0.5747,0.1262,19,1
SLR002891,Fashion,Tier-1 Metro,309,421,351,22965.54,3.74,0.2705,7,-0.3092,-0.2164,0.757,0.193,20,0
SLR002892,Beauty & Personal Care,Tier-2 City,420,310,52,4568.35,3.57,0.1475,6,0.4323,-0.0809,0.7484,0.2415,62,1
SLR002893,Grocery,Tier-1 Metro,555,175,190,45173.18,4.45,0.1286,8,-0.1435,-0.086,0.4833,0.1742,5,1
SLR002894,Electronics,Tier-1 Metro,482,248,496,48902.13,2.79,0.2094,8,0.0738,-0.4595,0.5879,0.1662,52,1
SLR002895,Sports & Fitness,Tier-2 City,534,196,325,52091.86,3.32,0.2035,10,0.0232,-0.0742,0.4043,0.1158,0,0
SLR002896,Sports & Fitness,Tier-3 Town,183,547,190,9574.65,3.77,0.2137,4,0.213,-0.2467,0.9661,0.3408,69,1
SLR002897,Mobiles & Accessories,Tier-3 Town,522,208,252,16940.38,3.44,0.3057,5,-0.24,-0.2521,0.6372,0.2046,24,1
SLR002898,Mobiles & Accessories,Tier-1 Metro,134,596,324,21631.03,4.09,0.1856,6,-0.2359,-0.1821,0.8219,0.0591,1,0
SLR002899,Electronics,Tier-1 Metro,308,422,832,64567.15,3.36,0.1709,4,-0.1064,-0.0964,0.6281,0.0,0,0
SLR002900,Electronics,Tier-2 City,583,147,191,29564.99,3.42,0.2157,5,-0.0245,-0.0813,0.6385,0.0981,0,0
SLR002901,Fashion,Tier-1 Metro,360,370,34,1185.81,3.34,0.2416,2,-0.1534,-0.1034,0.6278,0.0722,25,1
SLR002902,Grocery,Tier-1 Metro,0,730,116,6289.8,3.03,0.0977,4,0.2584,-0.2664,0.319,0.1122,55,1
SLR002903,Toys & Baby,Tier-1 Metro,0,730,65,3351.63,3.96,0.1402,4,-0.4571,-0.2013,0.4722,0.1842,0,0
SLR002904,Toys & Baby,Tier-1 Metro,296,434,299,21762.77,2.86,0.1852,8,-0.4706,-0.482,0.5146,0.2552,17,1
SLR002905,Mobiles & Accessories,Tier-3 Town,594,136,183,15708.21,3.12,0.3564,12,-0.7112,-0.2651,0.3344,0.2513,17,1
SLR002906,Electronics,Tier-1 Metro,77,653,1751,75901.13,4.21,0.1605,5,-0.2557,-0.0719,0.6124,0.0635,8,0
SLR002907,Mobiles & Accessories,Tier-1 Metro,587,143,242,28229.25,4.01,0.1788,7,0.0331,0.0579,0.6292,0.0668,3,0
SLR002908,Beauty & Personal Care,Tier-1 Metro,0,730,932,26835.08,4.37,0.0686,2,0.6157,0.1797,1.0,0.0979,8,0
SLR002909,Toys & Baby,Tier-2 City,401,329,145,8484.61,4.14,0.1636,8,-0.0676,-0.0043,0.8125,0.1558,8,0
SLR002910,Grocery,Tier-3 Town,121,609,991,40347.63,3.86,0.1841,10,0.1721,0.17,0.6285,0.2529,3,0
SLR002911,Beauty & Personal Care,Tier-3 Town,466,264,38,2598.25,2.88,0.2552,13,-0.4432,-0.4205,0.5617,0.2712,50,1
SLR002912,Beauty & Personal Care,Tier-3 Town,345,385,54,4393.01,4.04,0.1856,3,-0.3237,-0.2358,0.651,0.1757,27,0
SLR002913,Fashion,Tier-1 Metro,392,338,585,27294.91,3.36,0.2931,11,-0.0894,-0.2391,0.6881,0.2092,95,1
SLR002914,Beauty & Personal Care,Tier-2 City,262,468,906,69266.3,4.46,0.1668,7,0.179,0.0284,0.8263,0.1769,14,0
SLR002915,Sports & Fitness,Tier-2 City,0,730,678,33701.44,3.88,0.1705,4,0.3394,-0.1759,0.5137,0.126,18,0
SLR002916,Electronics,Tier-3 Town,527,203,123,15303.97,3.73,0.2779,3,-0.2102,-0.1338,0.877,0.271,58,1
SLR002917,Home & Kitchen,Tier-1 Metro,635,95,348,89113.06,3.44,0.1215,3,-0.0093,0.0061,0.5415,0.1118,25,0
SLR002918,Fashion,Tier-1 Metro,302,428,731,53603.82,4.13,0.2175,7,-0.0876,0.172,0.5928,0.0,4,0
SLR002919,Home & Kitchen,Tier-1 Metro,508,222,220,18855.92,4.38,0.1103,6,-0.4555,0.1448,0.4219,0.1125,135,1
SLR002920,Electronics,Tier-2 City,439,291,122,7094.37,3.58,0.2229,10,-0.3427,-0.0459,0.6331,0.2152,0,0
SLR002921,Mobiles & Accessories,Tier-3 Town,238,492,90,4803.57,1.97,0.3272,10,-0.4444,-0.168,0.3669,0.3672,21,1
SLR002922,Mobiles & Accessories,Tier-2 City,261,469,335,26938.07,4.08,0.2108,5,-0.362,0.0443,0.3555,0.1839,18,0
SLR002923,Sports & Fitness,Tier-2 City,279,451,180,14420.86,3.48,0.2004,6,0.2927,-0.0383,0.3775,0.1664,45,0
SLR002924,Grocery,Tier-2 City,389,341,675,70804.73,3.68,0.0956,6,0.1532,0.1536,0.4333,0.0884,40,1
SLR002925,Home & Kitchen,Tier-1 Metro,296,434,269,10024.18,3.71,0.1742,7,0.1451,-0.1351,0.3953,0.1848,5,0
SLR002926,Beauty & Personal Care,Tier-1 Metro,583,147,225,25934.58,3.96,0.1689,6,0.0928,-0.1863,0.5383,0.174,12,0
SLR002927,Beauty & Personal Care,Tier-2 City,546,184,396,51527.0,3.88,0.1644,5,0.5467,-0.1253,0.6438,0.2413,13,1
SLR002928,Toys & Baby,Tier-1 Metro,362,368,853,40069.65,4.44,0.0942,6,0.1662,0.0489,0.7562,0.085,19,0
SLR002929,Beauty & Personal Care,Tier-3 Town,525,205,249,35033.28,3.47,0.2943,13,-0.1145,-0.2792,0.4408,0.3676,66,1
SLR002930,Mobiles & Accessories,Tier-2 City,339,391,502,30586.98,3.55,0.23,9,-0.3159,-0.2115,0.4106,0.2364,48,1
SLR002931,Sports & Fitness,Tier-1 Metro,383,347,915,48925.19,4.57,0.119,3,0.0835,0.0553,0.7431,0.1265,5,0
SLR002932,Home & Kitchen,Tier-2 City,358,372,996,64237.07,4.78,0.1487,0,0.0274,0.2546,0.9501,0.0802,12,0
SLR002933,Beauty & Personal Care,Tier-3 Town,681,49,121,41030.12,3.59,0.2112,5,0.0304,0.088,0.4309,0.1955,22,0
SLR002934,Fashion,Tier-3 Town,3,727,445,15371.75,3.38,0.4277,22,-0.4558,-0.3096,0.5072,0.2625,43,1
SLR002935,Beauty & Personal Care,Tier-1 Metro,123,607,56,2454.65,3.89,0.1001,0,0.1224,0.1575,0.633,0.1454,8,0
SLR002936,Home & Kitchen,Tier-1 Metro,0,730,913,34626.99,3.49,0.149,4,-0.1861,0.1212,0.5621,0.1634,0,0
SLR002937,Sports & Fitness,Tier-2 City,519,211,207,33400.89,3.02,0.1961,6,0.0046,-0.0682,0.6009,0.0687,0,0
SLR002938,Mobiles & Accessories,Tier-3 Town,621,109,111,12779.53,3.74,0.2855,10,-0.2852,-0.129,0.7516,0.2407,32,1
SLR002939,Grocery,Tier-1 Metro,293,437,1116,104011.43,4.24,0.0558,1,0.5958,0.188,0.4605,0.0929,16,0
SLR002940,Grocery,Tier-3 Town,607,123,163,16715.77,3.33,0.2444,13,-0.4144,-0.1795,0.2944,0.3701,31,1
SLR002941,Toys & Baby,Tier-1 Metro,448,282,1093,80786.61,3.74,0.1662,2,-0.2327,0.0088,0.6496,0.1775,99,1
SLR002942,Sports & Fitness,Tier-1 Metro,671,59,149,68501.75,4.84,0.0838,3,0.115,0.2616,0.737,0.0764,21,0
SLR002943,Sports & Fitness,Tier-2 City,0,730,1654,74604.52,3.9,0.1397,5,-0.2428,-0.0203,0.6065,0.1113,14,1
SLR002944,Sports & Fitness,Tier-2 City,382,348,502,29757.31,3.44,0.1623,7,0.1453,-0.1441,0.8119,0.1872,11,0
SLR002945,Toys & Baby,Tier-2 City,389,341,128,7269.31,4.38,0.1886,8,-0.0454,-0.0035,0.5862,0.2253,33,1
SLR002946,Toys & Baby,Tier-1 Metro,390,340,438,25959.59,2.74,0.2333,19,-0.4538,-0.1164,0.2529,0.2937,142,1
SLR002947,Fashion,Tier-2 City,509,221,456,27228.44,3.73,0.2752,10,-0.3075,0.2337,0.6189,0.1426,0,0
SLR002948,Mobiles & Accessories,Tier-2 City,592,138,159,34017.44,4.26,0.1938,4,0.1326,-0.1258,0.4824,0.103,0,0
SLR002949,Home & Kitchen,Tier-1 Metro,673,57,83,22492.29,4.19,0.1768,9,0.4645,-0.0416,0.6794,0.1984,5,1
SLR002950,Fashion,Tier-1 Metro,177,553,880,37777.84,3.53,0.2644,4,-0.0757,-0.1556,0.5337,0.1668,9,0
SLR002951,Mobiles & Accessories,Tier-1 Metro,585,145,294,69696.71,4.03,0.1777,7,-0.1568,-0.3611,0.7413,0.2165,39,0
SLR002952,Mobiles & Accessories,Tier-3 Town,464,266,986,42339.82,3.52,0.2883,9,-0.5217,0.18,0.7046,0.307,0,0
SLR002953,Sports & Fitness,Tier-2 City,706,24,25,31054.09,4.23,0.193,7,-0.6371,0.0902,0.979,0.2499,24,1
SLR002954,Home & Kitchen,Tier-1 Metro,221,509,607,31772.37,3.28,0.2229,10,-0.267,-0.3106,0.4251,0.2632,33,1
SLR002955,Sports & Fitness,Tier-1 Metro,309,421,1582,157661.79,4.27,0.1246,4,0.2673,-0.1498,0.78,0.1141,0,0
SLR002956,Sports & Fitness,Tier-1 Metro,226,504,324,9636.3,4.44,0.1634,8,-0.1795,0.0688,0.8295,0.0402,19,0
SLR002957,Fashion,Tier-3 Town,404,326,738,61190.53,3.45,0.3668,7,-0.6892,-0.0369,0.7305,0.2384,22,0
SLR002958,Fashion,Tier-2 City,531,199,381,40828.95,4.21,0.2738,6,0.1333,-0.1808,0.4544,0.205,15,0
SLR002959,Toys & Baby,Tier-1 Metro,505,225,165,14161.99,3.16,0.1432,7,-0.3447,0.0895,0.6001,0.1485,1,0
SLR002960,Fashion,Tier-1 Metro,636,94,59,17834.48,3.72,0.284,5,0.0306,-0.2544,0.48,0.1821,8,1
SLR002961,Fashion,Tier-1 Metro,328,402,278,22130.28,4.07,0.243,6,0.0841,0.1373,0.6993,0.0395,0,0
SLR002962,Mobiles & Accessories,Tier-1 Metro,536,194,454,44416.29,2.89,0.2081,4,-0.4044,-0.2374,0.5142,0.1727,0,0
SLR002963,Mobiles & Accessories,Tier-2 City,535,195,1236,223313.5,3.93,0.1602,4,0.3218,-0.0285,0.9367,0.0917,0,0
SLR002964,Beauty & Personal Care,Tier-1 Metro,500,230,130,16854.66,4.15,0.1037,5,0.1681,-0.0137,0.5904,0.1635,10,0
SLR002965,Home & Kitchen,Tier-3 Town,281,449,198,10689.6,4.2,0.211,8,-0.1372,-0.1734,0.7409,0.158,12,0
SLR002966,Electronics,Tier-1 Metro,0,730,469,12220.47,4.31,0.107,0,0.6048,-0.1725,0.8237,0.1227,10,0
SLR002967,Mobiles & Accessories,Tier-2 City,0,730,381,8554.36,4.65,0.198,3,-0.0912,0.0837,0.6973,0.0805,0,0
SLR002968,Electronics,Tier-2 City,412,318,1214,67818.37,3.74,0.2243,5,-0.3994,0.0017,0.5958,0.26,61,1
SLR002969,Sports & Fitness,Tier-1 Metro,425,305,266,36361.92,4.21,0.1291,5,-0.1154,0.1325,0.6548,0.1386,1,0
SLR002970,Sports & Fitness,Tier-2 City,567,163,455,38739.97,3.44,0.2319,3,-0.408,-0.0127,0.7678,0.3311,16,0
SLR002971,Fashion,Tier-1 Metro,82,648,448,15763.43,3.35,0.2499,5,-0.4375,0.0758,0.6307,0.1611,53,1
SLR002972,Toys & Baby,Tier-3 Town,547,183,137,29164.04,3.37,0.2353,2,-0.4673,0.0648,0.4894,0.1182,8,0
SLR002973,Sports & Fitness,Tier-2 City,445,285,458,43128.48,4.43,0.1416,6,-0.3541,-0.0659,0.4232,0.1568,69,1
SLR002974,Sports & Fitness,Tier-3 Town,611,119,41,4660.26,3.79,0.2041,3,-0.2873,0.0165,0.6888,0.1339,48,1
SLR002975,Mobiles & Accessories,Tier-2 City,674,56,47,19636.84,3.46,0.2538,10,0.0088,-0.0485,0.577,0.2039,17,0
SLR002976,Grocery,Tier-3 Town,529,201,402,81028.31,4.22,0.2765,8,-0.2881,-0.3064,0.8414,0.3158,66,1
SLR002977,Fashion,Tier-2 City,577,153,177,19839.79,3.14,0.2917,9,-0.2672,-0.2864,0.6901,0.1529,12,1
SLR002978,Home & Kitchen,Tier-1 Metro,0,730,3249,148419.88,3.46,0.155,4,0.1524,-0.0285,0.7723,0.084,0,0
SLR002979,Electronics,Tier-1 Metro,0,730,687,11923.27,3.72,0.1923,7,0.0198,-0.04,0.4895,0.1286,0,0
SLR002980,Sports & Fitness,Tier-2 City,429,301,1392,111275.73,4.46,0.1757,7,-0.071,0.0923,0.5073,0.2328,18,0
SLR002981,Mobiles & Accessories,Tier-1 Metro,493,237,718,89898.23,3.59,0.1922,5,-0.3764,-0.0218,0.6055,0.096,0,0
SLR002982,Home & Kitchen,Tier-2 City,311,419,164,10770.07,4.12,0.1815,3,-0.1545,0.1478,0.6544,0.0769,0,0
SLR002983,Electronics,Tier-1 Metro,167,563,325,19261.08,3.3,0.1948,11,-0.4898,-0.2929,0.4205,0.2851,5,1
SLR002984,Electronics,Tier-3 Town,371,359,42,2483.83,3.1,0.2968,7,-0.4537,-0.2623,0.5357,0.2966,26,1
SLR002985,Electronics,Tier-1 Metro,609,121,57,14304.59,3.21,0.2412,10,-0.583,-0.085,0.269,0.2245,11,1
SLR002986,Fashion,Tier-1 Metro,244,486,834,20560.95,3.88,0.2166,3,-0.2215,0.209,0.4975,0.0835,15,1
SLR002987,Sports & Fitness,Tier-1 Metro,602,128,279,34638.93,3.43,0.1512,6,-0.09,-0.2045,0.5771,0.0415,10,1
SLR002988,Grocery,Tier-2 City,639,91,115,38080.72,3.64,0.109,7,0.3247,-0.1785,0.6948,0.1813,19,0
SLR002989,Mobiles & Accessories,Tier-3 Town,0,730,935,47609.31,3.11,0.2721,7,-0.5652,-0.0471,0.5161,0.295,0,0
SLR002990,Fashion,Tier-2 City,0,730,3176,73471.74,4.02,0.2651,6,-0.7503,-0.1908,0.7712,0.065,20,0
SLR002991,Mobiles & Accessories,Tier-2 City,394,336,659,54749.16,2.9,0.2621,9,-0.3262,0.053,0.4586,0.2443,9,1
SLR002992,Fashion,Tier-1 Metro,571,159,54,11378.57,3.99,0.2884,10,-0.5003,-0.0894,0.6525,0.1729,1,0
SLR002993,Grocery,Tier-1 Metro,443,287,245,27774.45,3.12,0.1027,8,-0.1586,-0.1675,0.4095,0.2542,61,1
SLR002994,Grocery,Tier-2 City,460,270,517,34461.63,4.42,0.1451,6,0.0792,0.0528,0.5995,0.2084,11,0
SLR002995,Toys & Baby,Tier-1 Metro,297,433,177,13428.51,4.07,0.1625,1,-0.2551,-0.0465,0.3069,0.1903,19,0
SLR002996,Sports & Fitness,Tier-1 Metro,535,195,162,16244.03,3.75,0.1277,9,-0.0239,-0.1088,0.6297,0.0492,12,0
SLR002997,Electronics,Tier-1 Metro,0,730,41,934.53,4.29,0.1657,6,0.1242,0.1368,0.2778,0.0573,34,0
SLR002998,Toys & Baby,Tier-2 City,178,552,1104,56037.1,3.4,0.1584,5,-0.246,-0.1031,0.9978,0.1389,73,1
SLR002999,Beauty & Personal Care,Tier-3 Town,60,670,889,51481.08,3.83,0.2475,9,-0.7493,-0.5026,0.5366,0.3303,5,1
SLR003000,Grocery,Tier-2 City,481,249,926,77388.02,4.04,0.1579,4,-0.0308,-0.0227,0.6499,0.1198,65,1
SLR003001,Toys & Baby,Tier-1 Metro,482,248,646,81825.74,4.87,0.078,3,0.1671,-0.0119,0.6738,0.0462,55,1
SLR003002,Grocery,Tier-1 Metro,561,169,238,45765.55,3.31,0.1396,6,0.2122,-0.1294,0.5512,0.1914,14,1
SLR003003,Sports & Fitness,Tier-1 Metro,414,316,1510,66080.85,5.0,0.0904,2,0.1313,-0.2572,1.0,0.0936,22,0
SLR003004,Sports & Fitness,Tier-1 Metro,336,394,252,26823.61,3.31,0.1984,5,-0.4369,-0.3339,0.6161,0.2123,18,1
SLR003005,Electronics,Tier-1 Metro,497,233,98,12758.23,3.57,0.1644,5,-0.1456,0.0465,0.5378,0.1739,53,1
SLR003006,Toys & Baby,Tier-3 Town,561,169,138,26410.93,4.29,0.2344,8,-0.2491,-0.2077,0.6118,0.1959,14,1
SLR003007,Mobiles & Accessories,Tier-1 Metro,243,487,332,16563.27,2.87,0.2397,8,-0.35,-0.2799,0.5474,0.2144,43,1
SLR003008,Toys & Baby,Tier-2 City,363,367,292,16991.4,3.37,0.2083,6,0.1536,-0.0189,0.5919,0.2502,40,1
SLR003009,Home & Kitchen,Tier-3 Town,83,647,252,6035.06,2.73,0.2751,13,-0.5808,-0.1498,0.6922,0.4061,61,1
SLR003010,Sports & Fitness,Tier-2 City,440,290,607,46797.24,3.58,0.1971,7,0.0949,0.2113,0.5122,0.1103,7,0
SLR003011,Sports & Fitness,Tier-1 Metro,184,546,354,16952.46,4.68,0.1512,6,-0.0177,-0.0896,0.7753,0.1407,0,0
SLR003012,Toys & Baby,Tier-1 Metro,78,652,1479,57663.56,4.01,0.1283,6,-0.0681,0.0343,0.3195,0.0513,5,0
SLR003013,Fashion,Tier-2 City,467,263,464,27643.7,4.37,0.2611,6,0.1368,0.0565,0.9615,0.1709,11,0
SLR003014,Beauty & Personal Care,Tier-3 Town,0,730,2083,79192.04,4.31,0.2158,7,-0.1085,0.0111,0.671,0.1833,18,1
SLR003015,Beauty & Personal Care,Tier-3 Town,535,195,17,3425.3,3.88,0.2307,10,-0.2799,-0.1062,0.5515,0.2583,0,0
SLR003016,Electronics,Tier-2 City,434,296,316,39216.55,3.82,0.2098,5,0.3328,-0.131,0.8626,0.0465,0,0
SLR003017,Beauty & Personal Care,Tier-3 Town,699,31,6,4440.21,3.23,0.2859,7,-0.3113,-0.1889,0.6606,0.3391,31,1
SLR003018,Sports & Fitness,Tier-1 Metro,340,390,78,7770.21,3.89,0.1509,8,-0.1892,0.2123,0.862,0.0716,3,0
SLR003019,Electronics,Tier-1 Metro,384,346,1323,62169.26,4.53,0.1707,4,0.2455,0.3408,0.5078,0.0078,17,0
SLR003020,Fashion,Tier-1 Metro,362,368,1203,116775.41,4.39,0.2263,5,-0.0255,-0.3429,0.9021,0.1208,8,0
SLR003021,Grocery,Tier-3 Town,252,478,282,8952.28,4.35,0.2018,11,0.1399,-0.238,0.5795,0.2642,8,0
SLR003022,Grocery,Tier-2 City,632,98,39,4271.8,3.67,0.1486,6,0.216,-0.1727,0.6486,0.2125,24,0
SLR003023,Mobiles & Accessories,Tier-1 Metro,0,730,1290,29046.82,3.03,0.2338,11,-0.3367,-0.1791,0.4606,0.2315,127,1
SLR003024,Electronics,Tier-2 City,635,95,60,20606.62,3.9,0.2191,8,0.1977,-0.2022,0.6308,0.1429,90,1
SLR003025,Home & Kitchen,Tier-1 Metro,194,536,209,11555.98,3.62,0.1408,2,-0.0727,-0.0761,0.7075,0.1676,5,1
SLR003026,Sports & Fitness,Tier-3 Town,672,58,115,40985.55,3.68,0.2537,12,-0.1816,-0.1019,0.695,0.2497,27,1
SLR003027,Mobiles & Accessories,Tier-2 City,488,242,199,17017.24,3.58,0.1881,6,-0.057,-0.107,0.7539,0.0986,0,0
SLR003028,Fashion,Tier-1 Metro,210,520,720,29477.6,4.98,0.2368,5,-0.1322,-0.126,0.8219,0.0358,0,0
SLR003029,Home & Kitchen,Tier-1 Metro,467,263,632,79107.59,3.23,0.1618,7,0.0665,-0.056,0.8042,0.1096,5,1
SLR003030,Beauty & Personal Care,Tier-3 Town,668,62,159,69274.84,3.46,0.2032,9,0.325,0.1224,0.4211,0.2186,7,0
SLR003031,Electronics,Tier-2 City,555,175,935,74230.64,4.62,0.2014,7,0.227,-0.1588,0.5842,0.0,4,0
SLR003032,Sports & Fitness,Tier-2 City,231,499,304,12164.49,3.45,0.2028,4,-0.455,0.0009,0.4403,0.1733,104,1
SLR003033,Sports & Fitness,Tier-2 City,567,163,133,14559.79,4.29,0.209,8,-0.3262,-0.1476,0.4903,0.1356,21,0
SLR003034,Beauty & Personal Care,Tier-1 Metro,271,459,1175,90234.96,4.91,0.0785,0,0.4206,0.0654,0.8593,0.0494,18,0
SLR003035,Home & Kitchen,Tier-1 Metro,642,88,160,70168.92,3.68,0.1341,7,-0.2477,0.0307,0.5959,0.2176,12,1
SLR003036,Toys & Baby,Tier-3 Town,615,115,630,120538.41,4.69,0.2039,7,-0.0426,0.1714,0.365,0.1425,23,0
SLR003037,Toys & Baby,Tier-1 Metro,210,520,567,37038.52,4.05,0.1132,4,0.0477,0.3141,0.7894,0.0691,9,0
SLR003038,Sports & Fitness,Tier-2 City,0,730,411,8241.35,4.0,0.1951,5,0.1157,-0.1601,0.3991,0.2785,45,0
SLR003039,Fashion,Tier-1 Metro,481,249,337,30817.14,3.15,0.2834,4,-0.2409,-0.2682,0.4529,0.2124,53,1
SLR003040,Grocery,Tier-1 Metro,0,730,1429,81120.13,4.42,0.0933,2,-0.1666,0.1475,0.9242,0.0,14,0
SLR003041,Toys & Baby,Tier-3 Town,442,288,343,15848.38,3.48,0.2164,7,-0.0402,0.1063,0.7584,0.2178,26,0
SLR003042,Fashion,Tier-2 City,599,131,856,188834.32,3.48,0.3115,1,-0.2373,-0.2891,0.6157,0.1479,52,1
SLR003043,Grocery,Tier-2 City,259,471,395,12615.3,3.66,0.1558,9,0.049,-0.0659,0.8751,0.1108,78,1
SLR003044,Electronics,Tier-2 City,400,330,454,45105.3,3.3,0.2527,11,0.0416,-0.078,0.438,0.2332,3,0
SLR003045,Beauty & Personal Care,Tier-2 City,312,418,1879,148787.85,4.49,0.1762,4,0.2161,-0.0991,0.5025,0.2368,0,0
SLR003046,Sports & Fitness,Tier-2 City,257,473,1109,64612.79,3.51,0.2053,9,-0.5966,-0.3606,0.3821,0.2422,35,1
SLR003047,Home & Kitchen,Tier-1 Metro,505,225,149,25351.72,3.2,0.1664,7,-0.0291,0.0024,0.3604,0.2698,46,1
SLR003048,Toys & Baby,Tier-3 Town,0,730,997,21752.73,3.43,0.248,7,0.0009,-0.0512,0.6541,0.2445,6,0
SLR003049,Grocery,Tier-1 Metro,309,421,771,58125.54,3.52,0.1075,7,-0.2387,-0.2135,0.4133,0.2415,5,1
SLR003050,Beauty & Personal Care,Tier-1 Metro,119,611,2174,66551.76,3.5,0.139,3,0.3074,-0.0612,0.5299,0.2115,4,0
SLR003051,Electronics,Tier-2 City,0,730,2186,44901.79,2.75,0.2539,13,-0.5775,-0.4854,0.3419,0.2853,46,1
SLR003052,Beauty & Personal Care,Tier-3 Town,177,553,835,56389.93,3.77,0.2134,6,-0.0309,0.0185,0.8478,0.2016,9,0
SLR003053,Toys & Baby,Tier-1 Metro,84,646,1731,92138.28,3.25,0.1633,8,0.0446,-0.2984,0.5303,0.2786,66,1
SLR003054,Beauty & Personal Care,Tier-3 Town,654,76,243,33590.53,4.31,0.1842,3,0.0561,0.1081,0.7054,0.1666,22,1
SLR003055,Electronics,Tier-1 Metro,290,440,704,23047.76,3.49,0.1767,5,-0.0855,0.0892,0.6187,0.1005,18,0
SLR003056,Fashion,Tier-2 City,407,323,235,26406.71,3.33,0.3162,12,-0.3946,-0.1716,0.5502,0.2328,0,0
SLR003057,Sports & Fitness,Tier-2 City,571,159,235,41273.01,3.75,0.1729,5,0.0291,-0.1938,0.6057,0.1684,4,0
SLR003058,Electronics,Tier-3 Town,369,361,157,12149.27,3.41,0.2905,5,-0.3369,-0.2335,0.6691,0.2439,40,1
SLR003059,Toys & Baby,Tier-1 Metro,385,345,158,14424.24,4.28,0.108,1,0.5796,0.2106,0.6588,0.0,18,0
SLR003060,Toys & Baby,Tier-3 Town,601,129,146,23623.05,2.93,0.3071,11,-0.1095,-0.2382,0.7336,0.3235,40,1
SLR003061,Sports & Fitness,Tier-3 Town,248,482,1233,46333.8,3.77,0.238,6,-0.2174,-0.3008,0.4083,0.2452,0,0
SLR003062,Electronics,Tier-2 City,488,242,258,39729.39,3.99,0.1645,5,0.276,0.2698,0.8161,0.0869,27,0
SLR003063,Fashion,Tier-2 City,568,162,121,20114.57,2.97,0.3175,12,-0.384,0.0239,0.6522,0.2068,7,1
SLR003064,Electronics,Tier-3 Town,0,730,425,17699.8,3.28,0.2798,6,-0.1521,-0.2589,0.5413,0.3258,22,1
SLR003065,Home & Kitchen,Tier-2 City,611,119,75,23134.68,3.36,0.2224,6,0.1041,0.1282,0.7315,0.2382,65,1
SLR003066,Fashion,Tier-1 Metro,5,725,557,8692.23,3.07,0.2953,10,-0.0984,-0.0659,0.6105,0.1675,46,1
SLR003067,Toys & Baby,Tier-1 Metro,301,429,1399,132586.83,3.47,0.1298,7,0.2752,-0.0294,0.7281,0.0936,13,1
SLR003068,Beauty & Personal Care,Tier-2 City,477,253,165,23023.19,3.05,0.2256,5,-0.4233,-0.4603,0.7172,0.3007,78,1
SLR003069,Fashion,Tier-2 City,188,542,1331,66924.32,2.74,0.3535,11,-0.0459,-0.345,0.7087,0.1345,51,1
SLR003070,Beauty & Personal Care,Tier-2 City,649,81,382,102819.7,3.89,0.2277,9,0.3389,-0.2093,0.6117,0.1708,13,0
SLR003071,Fashion,Tier-2 City,700,30,41,20824.7,3.7,0.291,6,-0.1355,0.1526,0.9269,0.0896,30,1
SLR003072,Beauty & Personal Care,Tier-2 City,0,730,363,11455.64,3.04,0.1499,6,-0.2025,0.1046,0.9131,0.0999,9,0
SLR003073,Electronics,Tier-1 Metro,388,342,52,4237.56,4.2,0.169,7,-0.0985,0.0682,0.6163,0.2098,45,0
SLR003074,Fashion,Tier-1 Metro,651,79,279,83707.67,4.19,0.2481,6,0.0842,-0.0124,0.6249,0.1553,0,0
SLR003075,Sports & Fitness,Tier-3 Town,552,178,124,25750.66,3.23,0.2074,8,-0.3907,-0.0297,0.7566,0.3544,94,1
SLR003076,Home & Kitchen,Tier-3 Town,396,334,244,18563.83,3.47,0.2531,5,-0.2236,0.0651,0.7251,0.2909,0,0
SLR003077,Sports & Fitness,Tier-2 City,644,86,114,46823.81,3.37,0.2236,4,0.0634,-0.1308,0.5223,0.2612,11,0
SLR003078,Electronics,Tier-2 City,663,67,25,7290.56,3.29,0.2227,13,0.0745,-0.1837,0.6378,0.1811,41,1
SLR003079,Fashion,Tier-3 Town,335,395,258,20055.71,3.29,0.4037,10,-0.6942,-0.4722,0.6033,0.3205,29,1
SLR003080,Beauty & Personal Care,Tier-3 Town,696,34,72,60894.46,3.32,0.2881,6,-0.4353,-0.0566,0.6191,0.3847,11,0
SLR003081,Fashion,Tier-1 Metro,243,487,611,26080.85,3.49,0.2226,3,0.2574,0.0586,0.7114,0.0035,13,0
SLR003082,Home & Kitchen,Tier-2 City,510,220,367,23037.47,3.82,0.1996,3,-0.0491,0.193,0.4578,0.2573,61,1
SLR003083,Fashion,Tier-1 Metro,439,291,188,8534.74,3.85,0.2027,8,0.2101,-0.1454,0.7033,0.0,45,0
SLR003084,Mobiles & Accessories,Tier-1 Metro,351,379,1609,158222.13,4.7,0.15,3,0.4128,-0.0333,0.5974,0.0,0,0
SLR003085,Beauty & Personal Care,Tier-1 Metro,593,137,499,83388.34,4.35,0.0805,4,0.4274,0.2335,0.8285,0.0,0,0
SLR003086,Home & Kitchen,Tier-2 City,352,378,284,10120.59,3.39,0.2001,11,-0.2222,-0.1479,0.7052,0.1907,18,0
SLR003087,Sports & Fitness,Tier-2 City,577,153,506,80828.52,4.78,0.2191,1,-0.0376,0.0416,0.6493,0.1381,16,0
SLR003088,Fashion,Tier-1 Metro,520,210,60,10288.06,2.98,0.2815,8,-0.0787,-0.2564,0.7079,0.2757,24,1
SLR003089,Fashion,Tier-2 City,0,730,2337,107172.0,4.19,0.2827,6,-0.3094,-0.038,0.7098,0.1533,13,0
SLR003090,Beauty & Personal Care,Tier-1 Metro,172,558,674,26151.21,4.34,0.1476,5,-0.1745,-0.138,0.673,0.2103,23,0
SLR003091,Mobiles & Accessories,Tier-2 City,541,189,40,8493.55,4.32,0.2302,3,-0.033,-0.2892,0.9202,0.1604,19,0
SLR003092,Sports & Fitness,Tier-3 Town,639,91,40,7110.3,2.97,0.2312,4,-0.2464,-0.1904,0.8206,0.1928,57,1
SLR003093,Electronics,Tier-2 City,676,54,54,34785.95,3.35,0.2321,6,-0.2389,-0.1272,1.0,0.264,19,1
SLR003094,Toys & Baby,Tier-3 Town,554,176,319,60443.39,4.01,0.2096,6,0.2031,-0.2641,0.8019,0.2429,41,1
SLR003095,Toys & Baby,Tier-1 Metro,536,194,34,5667.5,2.85,0.1777,11,0.0515,-0.3184,0.5215,0.3193,4,0
SLR003096,Home & Kitchen,Tier-2 City,294,436,193,8895.83,3.35,0.2462,5,-0.6476,-0.2093,0.5512,0.2886,62,1
SLR003097,Home & Kitchen,Tier-1 Metro,279,451,140,9932.93,4.27,0.1637,6,-0.2452,-0.1553,0.8301,0.1445,5,0
SLR003098,Fashion,Tier-2 City,454,276,499,34427.76,3.91,0.312,9,-0.4511,0.025,0.3014,0.2051,17,1
SLR003099,Sports & Fitness,Tier-2 City,359,371,1520,52010.64,3.61,0.1772,6,0.0436,0.0148,0.7193,0.0709,10,0
SLR003100,Toys & Baby,Tier-1 Metro,557,173,212,13124.72,5.0,0.0915,2,0.3284,0.2657,0.9867,0.0137,2,0
SLR003101,Sports & Fitness,Tier-2 City,512,218,243,15491.09,3.99,0.1868,3,0.095,-0.2714,0.7145,0.1564,0,0
SLR003102,Mobiles & Accessories,Tier-1 Metro,622,108,242,26176.64,4.32,0.1507,6,0.3116,0.0988,0.6829,0.0614,6,0
SLR003103,Mobiles & Accessories,Tier-1 Metro,502,228,230,16175.62,4.1,0.2189,8,0.1067,0.0015,0.4756,0.2017,6,0
SLR003104,Electronics,Tier-1 Metro,362,368,999,33313.1,4.34,0.179,5,-0.0416,-0.1165,0.6247,0.1957,8,0
SLR003105,Mobiles & Accessories,Tier-2 City,685,45,40,29168.73,3.85,0.2231,7,-0.135,-0.1085,0.4432,0.155,5,1
SLR003106,Mobiles & Accessories,Tier-1 Metro,519,211,383,50241.29,3.67,0.2107,16,-0.5143,-0.2212,0.7081,0.2703,39,1
SLR003107,Grocery,Tier-2 City,706,24,51,23133.77,3.66,0.1762,9,0.3082,-0.2671,0.5768,0.2334,21,0
SLR003108,Fashion,Tier-2 City,275,455,852,70528.57,2.43,0.3629,6,-0.044,-0.1311,0.4668,0.1143,69,1
SLR003109,Mobiles & Accessories,Tier-2 City,584,146,395,89272.92,4.29,0.2161,2,-0.0349,0.0942,0.5208,0.0824,9,0
SLR003110,Grocery,Tier-1 Metro,363,367,775,25217.75,3.74,0.1048,3,-0.1423,-0.2501,0.5741,0.2846,0,0
SLR003111,Fashion,Tier-2 City,407,323,68,3235.9,3.43,0.3231,7,-0.106,-0.0565,0.7465,0.1621,0,0
SLR003112,Home & Kitchen,Tier-1 Metro,463,267,361,42705.58,3.91,0.164,8,-0.1334,0.0331,0.5255,0.2089,0,0
SLR003113,Mobiles & Accessories,Tier-2 City,596,134,51,4217.03,3.27,0.2188,4,-0.3181,-0.108,0.2346,0.0098,6,0
SLR003114,Grocery,Tier-3 Town,61,669,248,11744.37,3.21,0.2211,9,-0.3489,0.0065,0.4195,0.3436,5,1
SLR003115,Home & Kitchen,Tier-1 Metro,594,136,268,68048.21,3.37,0.1744,2,0.1512,0.0933,0.3913,0.2542,0,0
SLR003116,Electronics,Tier-2 City,412,318,210,18009.87,3.96,0.1756,3,-0.1793,0.0998,0.7993,0.0423,11,0
SLR003117,Mobiles & Accessories,Tier-1 Metro,316,414,498,35112.77,3.77,0.2147,5,0.165,-0.0291,0.5012,0.1355,11,0
SLR003118,Sports & Fitness,Tier-1 Metro,557,173,107,14013.69,3.64,0.1471,2,-0.3435,-0.1839,0.7597,0.1307,13,0
SLR003119,Fashion,Tier-1 Metro,596,134,292,73545.12,4.07,0.2534,8,0.0608,-0.0434,0.7293,0.1224,5,1
SLR003120,Fashion,Tier-2 City,618,112,66,17921.38,3.44,0.3114,6,0.088,-0.3628,0.8394,0.1239,17,1
SLR003121,Beauty & Personal Care,Tier-1 Metro,199,531,605,32120.86,3.46,0.1376,7,-0.397,-0.0957,0.6089,0.2174,0,0
SLR003122,Beauty & Personal Care,Tier-2 City,0,730,1953,108466.08,3.86,0.1648,5,0.1862,-0.1103,0.5009,0.1822,145,1
SLR003123,Toys & Baby,Tier-1 Metro,424,306,800,74038.4,3.89,0.1304,8,-0.1172,0.0281,0.5823,0.1714,83,1
SLR003124,Grocery,Tier-3 Town,524,206,164,20385.22,3.75,0.2117,13,-0.0669,-0.446,0.6199,0.2615,8,1
SLR003125,Home & Kitchen,Tier-2 City,0,730,570,28599.6,3.44,0.2439,8,-0.1147,-0.3671,0.9076,0.3012,12,1
SLR003126,Grocery,Tier-2 City,579,151,298,28478.92,4.12,0.2054,7,-0.1709,-0.1283,0.5329,0.2603,7,0
SLR003127,Toys & Baby,Tier-1 Metro,547,183,644,103559.54,3.81,0.1485,6,0.3534,0.1455,0.5704,0.1059,38,1
SLR003128,Toys & Baby,Tier-1 Metro,299,431,212,5837.59,3.37,0.1666,6,-0.3297,0.033,0.5168,0.1714,54,1
SLR003129,Grocery,Tier-2 City,146,584,597,17869.54,3.36,0.1896,12,-0.4914,0.0191,0.8293,0.304,31,1
SLR003130,Mobiles & Accessories,Tier-1 Metro,103,627,1827,102172.67,3.75,0.1703,2,0.4812,0.0784,0.9088,0.0106,0,0
SLR003131,Grocery,Tier-1 Metro,383,347,436,44504.96,3.77,0.1031,5,-0.2026,0.0135,0.5889,0.1918,17,0
SLR003132,Home & Kitchen,Tier-3 Town,539,191,100,8756.95,3.52,0.26,7,-0.6594,-0.0775,0.5769,0.2786,66,1
SLR003133,Electronics,Tier-1 Metro,638,92,78,12640.22,3.5,0.1697,10,-0.1361,-0.4839,0.2471,0.1517,72,1
SLR003134,Mobiles & Accessories,Tier-1 Metro,412,318,238,10223.17,3.37,0.2195,11,-0.3138,-0.0856,0.7265,0.2623,85,1
SLR003135,Fashion,Tier-2 City,282,448,374,27397.77,4.57,0.2683,5,-0.0159,-0.2047,0.637,0.0837,5,0
SLR003136,Toys & Baby,Tier-1 Metro,49,681,1367,79654.18,4.21,0.1195,2,-0.464,0.1577,0.7481,0.0995,8,1
SLR003137,Sports & Fitness,Tier-3 Town,518,212,763,43946.34,4.11,0.2569,5,-0.4005,0.0138,0.4634,0.1301,23,0
SLR003138,Sports & Fitness,Tier-2 City,435,295,925,60712.54,4.15,0.1614,6,-0.3368,-0.0005,0.4913,0.1525,1,0
SLR003139,Mobiles & Accessories,Tier-1 Metro,287,443,694,50506.11,4.43,0.1709,4,0.018,0.0838,0.7024,0.0,11,0
SLR003140,Toys & Baby,Tier-3 Town,627,103,140,31363.04,3.77,0.2962,8,-0.037,-0.1757,0.3161,0.2034,3,0
SLR003141,Fashion,Tier-2 City,394,336,177,7054.37,3.86,0.2796,11,-0.1396,-0.2203,0.5972,0.1496,9,0
SLR003142,Grocery,Tier-1 Metro,69,661,457,24580.94,4.27,0.0716,2,-0.2197,0.1568,0.8773,0.0848,0,0
SLR003143,Sports & Fitness,Tier-1 Metro,173,557,197,11023.19,3.85,0.1235,4,-0.0714,0.0466,0.5965,0.0962,53,1
SLR003144,Home & Kitchen,Tier-2 City,593,137,187,33201.09,3.05,0.2553,6,-0.7112,-0.1438,0.5907,0.2277,18,1
SLR003145,Sports & Fitness,Tier-1 Metro,0,730,969,20137.2,3.82,0.1217,4,-0.1136,0.0302,0.5216,0.2112,3,0
SLR003146,Home & Kitchen,Tier-1 Metro,200,530,594,46983.54,3.79,0.1722,6,-0.1743,0.0362,0.6906,0.1409,15,0
SLR003147,Home & Kitchen,Tier-1 Metro,531,199,333,48218.67,3.46,0.174,4,-0.1993,-0.0552,0.5247,0.1097,71,1
SLR003148,Fashion,Tier-1 Metro,312,418,312,9598.23,4.03,0.2203,6,0.0644,-0.2319,0.8536,0.1576,17,0
SLR003149,Electronics,Tier-2 City,642,88,118,38267.76,4.25,0.2215,4,-0.1751,-0.0667,0.6649,0.1119,15,0
SLR003150,Fashion,Tier-2 City,589,141,137,20637.95,3.83,0.2992,9,-0.2464,-0.1189,0.5027,0.1735,33,0
SLR003151,Mobiles & Accessories,Tier-2 City,134,596,1253,61101.17,3.71,0.2204,9,0.1039,0.0755,0.7021,0.0812,4,0
SLR003152,Fashion,Tier-2 City,167,563,1273,35705.39,3.77,0.2452,1,0.1118,-0.0427,0.6902,0.1955,24,0
SLR003153,Fashion,Tier-3 Town,395,335,795,65815.88,4.48,0.3141,3,-0.7099,0.1776,0.7883,0.1171,1,0
SLR003154,Fashion,Tier-2 City,495,235,389,36823.7,3.77,0.269,5,-0.0169,-0.3084,0.9327,0.1756,61,1
SLR003155,Fashion,Tier-1 Metro,202,528,358,12500.05,2.73,0.3104,13,-0.043,-0.4182,0.406,0.1404,27,1
SLR003156,Beauty & Personal Care,Tier-2 City,396,334,602,20628.78,4.78,0.1311,1,0.2695,0.6569,0.7456,0.0357,11,0
SLR003157,Toys & Baby,Tier-3 Town,567,163,189,21347.72,4.07,0.2367,10,-0.1012,-0.1325,0.5507,0.3034,53,1
SLR003158,Fashion,Tier-1 Metro,237,493,925,37935.56,2.97,0.3033,6,-0.7127,-0.02,0.6199,0.1875,67,1
SLR003159,Home & Kitchen,Tier-1 Metro,528,202,605,92395.66,4.0,0.125,9,-0.152,-0.184,0.7685,0.0858,8,0
SLR003160,Grocery,Tier-3 Town,214,516,1148,48490.15,4.06,0.1869,0,-0.0321,0.0955,0.8455,0.1939,0,0
SLR003161,Grocery,Tier-2 City,393,337,204,13433.08,3.81,0.1832,11,-0.3611,-0.2615,0.9122,0.2263,0,0
SLR003162,Grocery,Tier-3 Town,81,649,346,8530.8,3.22,0.2251,11,-0.1485,0.3337,0.3464,0.1775,5,1
SLR003163,Electronics,Tier-1 Metro,532,198,68,4719.96,3.59,0.1986,4,0.0186,0.0521,0.6119,0.0555,11,0
SLR003164,Toys & Baby,Tier-2 City,0,730,791,27484.79,4.33,0.1561,4,-0.3783,0.08,0.4749,0.1644,0,0
SLR003165,Sports & Fitness,Tier-1 Metro,662,68,10,5510.81,3.43,0.1498,10,0.3015,-0.0046,0.5891,0.0844,3,0
SLR003166,Home & Kitchen,Tier-1 Metro,365,365,1063,77429.67,4.06,0.134,7,0.3655,0.1197,0.6398,0.1103,0,0
SLR003167,Beauty & Personal Care,Tier-1 Metro,188,542,681,29484.09,3.43,0.1563,9,-0.1292,0.1342,0.5169,0.2033,0,0
SLR003168,Electronics,Tier-1 Metro,514,216,229,24449.54,4.04,0.1401,4,0.2235,0.0313,0.8516,0.1376,10,0
SLR003169,Electronics,Tier-3 Town,573,157,176,17322.54,3.18,0.3253,8,-0.8798,-0.5094,0.7861,0.291,42,0
SLR003170,Electronics,Tier-1 Metro,383,347,434,14203.35,4.03,0.1111,0,0.2103,0.0886,0.8546,0.0025,14,0
SLR003171,Beauty & Personal Care,Tier-1 Metro,496,234,271,24395.01,3.06,0.1515,10,-0.7072,-0.1315,0.296,0.1997,61,1
SLR003172,Mobiles & Accessories,Tier-1 Metro,708,22,21,20547.05,3.12,0.2174,7,-0.1112,-0.1407,0.7189,0.1076,21,0
SLR003173,Fashion,Tier-3 Town,650,80,293,90005.27,4.28,0.2811,7,-0.0277,0.0274,0.7161,0.1201,0,0
SLR003174,Grocery,Tier-1 Metro,599,131,127,16620.25,4.03,0.1117,8,-0.0558,0.0721,0.4624,0.1046,2,0
SLR003175,Fashion,Tier-2 City,219,511,31,1463.42,2.91,0.3035,11,-0.0835,-0.2959,0.5936,0.2496,28,1
SLR003176,Sports & Fitness,Tier-2 City,551,179,72,7254.34,3.63,0.2006,4,0.3513,0.0843,0.7571,0.2129,44,1
SLR003177,Fashion,Tier-1 Metro,522,208,1012,55574.38,4.32,0.2705,8,-0.0645,-0.3401,0.6587,0.1188,11,0
SLR003178,Home & Kitchen,Tier-3 Town,598,132,463,81957.84,3.75,0.2627,9,-0.4896,-0.1881,0.759,0.2401,6,1
SLR003179,Electronics,Tier-2 City,0,730,552,14655.47,3.52,0.22,7,-0.2555,-0.3908,0.3204,0.2874,32,1
SLR003180,Home & Kitchen,Tier-1 Metro,418,312,116,7497.88,3.71,0.1268,12,0.2739,-0.2193,0.7693,0.158,0,0
SLR003181,Fashion,Tier-3 Town,565,165,260,20027.71,3.01,0.3664,6,-0.3304,0.0986,0.698,0.1861,12,0
SLR003182,Electronics,Tier-1 Metro,664,66,172,92070.94,3.9,0.1484,6,0.1505,0.124,0.68,0.1479,0,0
SLR003183,Sports & Fitness,Tier-1 Metro,21,709,140,5730.86,3.0,0.2173,11,-0.671,-0.2254,0.2836,0.2444,80,1
SLR003184,Fashion,Tier-1 Metro,488,242,157,9000.14,3.49,0.2481,7,0.1911,-0.1376,0.5367,0.1424,38,1
SLR003185,Mobiles & Accessories,Tier-1 Metro,0,730,2586,128081.45,3.29,0.2302,6,-0.0487,-0.0729,0.4138,0.2512,29,1
SLR003186,Sports & Fitness,Tier-2 City,552,178,743,156849.29,3.93,0.137,3,-0.1612,0.351,0.5381,0.0893,5,0
SLR003187,Beauty & Personal Care,Tier-1 Metro,0,730,634,16352.06,4.09,0.1381,4,-0.0633,-0.2502,0.578,0.1753,0,0
SLR003188,Beauty & Personal Care,Tier-2 City,143,587,445,21555.48,3.0,0.1789,9,-0.0569,0.0612,0.5883,0.1055,11,0
SLR003189,Mobiles & Accessories,Tier-1 Metro,238,492,388,20148.26,4.33,0.2015,6,-0.635,0.2425,0.3997,0.0558,45,0
SLR003190,Sports & Fitness,Tier-1 Metro,694,36,90,101650.4,4.1,0.1189,3,-0.2889,-0.0155,0.7105,0.1543,14,0
SLR003191,Fashion,Tier-1 Metro,523,207,287,41793.52,3.81,0.2812,5,0.3772,-0.1201,0.5,0.1323,9,0
SLR003192,Grocery,Tier-2 City,567,163,114,12047.88,3.51,0.1295,12,-0.3146,0.184,0.5069,0.1723,9,1
SLR003193,Fashion,Tier-2 City,467,263,156,11501.98,3.65,0.3002,11,-0.1344,0.0196,0.2827,0.2275,0,0
SLR003194,Beauty & Personal Care,Tier-3 Town,506,224,218,36305.27,3.47,0.2258,8,0.1226,-0.0854,0.3494,0.2603,27,1
SLR003195,Fashion,Tier-1 Metro,529,201,315,28327.19,3.73,0.2574,7,-0.4443,0.181,0.457,0.1596,0,0
SLR003196,Home & Kitchen,Tier-2 City,462,268,438,17932.29,3.62,0.2283,11,-0.2828,-0.2997,0.7544,0.2289,41,1
SLR003197,Beauty & Personal Care,Tier-1 Metro,375,355,175,14622.36,4.22,0.1474,7,-0.2832,-0.072,0.891,0.0616,7,0
SLR003198,Electronics,Tier-3 Town,485,245,328,29453.62,3.11,0.2982,4,-0.1282,-0.0166,0.573,0.2605,29,0
SLR003199,Grocery,Tier-1 Metro,493,237,930,100257.99,4.53,0.0346,0,0.0044,0.1553,0.7335,0.0,8,0
SLR003200,Toys & Baby,Tier-1 Metro,392,338,482,55496.03,3.97,0.1088,4,-0.2499,-0.2395,0.7376,0.0938,27,0
SLR003201,Grocery,Tier-3 Town,597,133,96,23029.68,3.68,0.2104,7,0.261,-0.065,0.3235,0.3082,4,0
SLR003202,Grocery,Tier-1 Metro,0,730,918,22702.58,3.72,0.1036,3,-0.0747,-0.2408,0.9638,0.1423,0,0
SLR003203,Beauty & Personal Care,Tier-2 City,224,506,320,12377.46,4.04,0.1924,12,-0.4159,-0.1602,0.5641,0.1313,28,1
SLR003204,Sports & Fitness,Tier-3 Town,642,88,317,51554.9,4.37,0.2141,6,0.0394,-0.1803,0.6163,0.2684,8,1
SLR003205,Home & Kitchen,Tier-2 City,442,288,242,24309.76,3.7,0.1704,5,0.2,-0.0127,0.6121,0.1856,43,0
SLR003206,Sports & Fitness,Tier-1 Metro,429,301,502,61582.2,4.14,0.1224,6,-0.0843,-0.1158,0.5057,0.2271,0,0
SLR003207,Sports & Fitness,Tier-2 City,150,580,567,12069.47,4.08,0.1839,5,-0.0629,-0.3071,0.7877,0.2385,3,0
SLR003208,Fashion,Tier-1 Metro,391,339,302,10369.68,3.74,0.2692,5,-0.1391,-0.0095,0.9195,0.1451,84,1
SLR003209,Sports & Fitness,Tier-2 City,303,427,1450,73504.17,3.48,0.1929,6,-0.0933,0.0577,0.7956,0.221,20,0
SLR003210,Electronics,Tier-2 City,357,373,250,14640.67,3.04,0.2476,7,-0.3551,-0.1537,0.4837,0.316,5,1
SLR003211,Electronics,Tier-2 City,584,146,647,164871.94,3.88,0.2262,4,0.0417,-0.2187,0.6823,0.1415,0,0
SLR003212,Grocery,Tier-2 City,462,268,276,25019.16,4.35,0.1568,2,-0.6696,-0.3193,0.6191,0.109,31,0
SLR003213,Toys & Baby,Tier-1 Metro,300,430,981,66662.99,3.77,0.1127,5,-0.2801,-0.0089,0.7428,0.1294,19,0
SLR003214,Mobiles & Accessories,Tier-1 Metro,336,394,538,46928.87,4.94,0.1418,2,0.2391,-0.043,0.8463,0.0653,1,0
SLR003215,Sports & Fitness,Tier-2 City,674,56,67,17579.48,3.79,0.2295,6,-0.4953,-0.1994,0.4889,0.2106,56,1
SLR003216,Home & Kitchen,Tier-1 Metro,202,528,1041,25138.42,3.78,0.1739,5,-0.1357,-0.1372,0.509,0.2562,0,0
SLR003217,Toys & Baby,Tier-2 City,79,651,1727,87725.9,3.62,0.2131,6,-0.5826,-0.1056,0.6615,0.2051,0,0
SLR003218,Beauty & Personal Care,Tier-2 City,597,133,151,31238.04,3.44,0.1773,8,-0.4909,-0.1506,0.6409,0.2808,12,1
SLR003219,Grocery,Tier-1 Metro,366,364,948,101916.1,3.58,0.0921,7,-0.3869,0.0473,0.3756,0.0949,56,1
SLR003220,Mobiles & Accessories,Tier-2 City,53,677,716,39834.06,4.13,0.2047,6,-0.433,-0.006,0.2721,0.0827,14,0
SLR003221,Beauty & Personal Care,Tier-1 Metro,330,400,463,14501.07,3.62,0.1275,5,-0.0591,0.0269,0.5502,0.2007,70,1
SLR003222,Fashion,Tier-3 Town,271,459,303,24583.23,4.02,0.3707,12,-0.3909,-0.1035,0.5897,0.1702,30,0
SLR003223,Home & Kitchen,Tier-2 City,619,111,113,16699.94,2.97,0.2211,2,-0.2846,-0.1933,0.4259,0.1833,5,1
SLR003224,Fashion,Tier-2 City,504,226,99,11570.36,3.95,0.2904,16,-0.4489,-0.1222,0.359,0.138,49,1
SLR003225,Grocery,Tier-2 City,542,188,301,65667.15,4.21,0.0957,5,-0.043,-0.0835,0.5529,0.1173,20,0
SLR003226,Fashion,Tier-1 Metro,376,354,1562,98270.52,4.27,0.2342,9,0.1957,0.1478,0.559,0.0,2,0
SLR003227,Toys & Baby,Tier-2 City,441,289,162,20740.54,3.8,0.2007,4,-0.427,-0.0594,0.4586,0.2784,51,1
SLR003228,Mobiles & Accessories,Tier-1 Metro,458,272,437,33490.68,2.8,0.217,9,-0.0728,-0.0306,0.5392,0.1164,26,0
SLR003229,Grocery,Tier-1 Metro,191,539,572,41584.21,3.69,0.1258,5,-0.0345,0.2414,0.7123,0.301,0,0
SLR003230,Beauty & Personal Care,Tier-3 Town,525,205,373,27068.02,3.35,0.2578,12,-0.2802,-0.1367,0.2485,0.1959,73,1
SLR003231,Home & Kitchen,Tier-1 Metro,467,263,61,8075.06,4.15,0.167,11,0.2718,0.0207,0.702,0.166,10,0
SLR003232,Beauty & Personal Care,Tier-1 Metro,442,288,375,41127.82,3.65,0.1587,9,-0.7851,-0.0682,0.4835,0.0516,18,1
SLR003233,Sports & Fitness,Tier-1 Metro,109,621,397,26182.74,4.15,0.1187,4,-0.1313,0.0826,0.6054,0.1504,4,0
SLR003234,Sports & Fitness,Tier-1 Metro,581,149,86,11746.14,3.8,0.1657,4,0.019,-0.0136,0.1715,0.069,73,1
SLR003235,Beauty & Personal Care,Tier-1 Metro,426,304,1116,68712.82,4.19,0.1534,7,0.1533,-0.0712,0.8629,0.2403,0,0
SLR003236,Fashion,Tier-3 Town,140,590,600,23710.24,4.65,0.3339,3,0.0432,-0.2378,0.8329,0.3289,8,0
SLR003237,Toys & Baby,Tier-3 Town,106,624,328,20810.48,3.59,0.2403,6,-0.7063,-0.1042,0.4576,0.2851,56,1
SLR003238,Sports & Fitness,Tier-1 Metro,457,273,161,22253.63,4.82,0.0861,1,0.0311,0.192,0.6361,0.0615,1,0
SLR003239,Toys & Baby,Tier-1 Metro,354,376,1182,115354.14,4.15,0.1041,3,0.1196,-0.2812,0.9029,0.0786,9,0
SLR003240,Toys & Baby,Tier-1 Metro,533,197,494,101154.77,3.77,0.1254,4,-0.232,-0.1855,0.666,0.0813,47,1
SLR003241,Toys & Baby,Tier-3 Town,464,266,412,36329.91,3.33,0.2451,11,0.4109,-0.1678,0.549,0.223,16,0
SLR003242,Electronics,Tier-2 City,478,252,123,14199.43,3.47,0.189,6,0.0664,-0.1586,0.8341,0.1858,0,0
SLR003243,Toys & Baby,Tier-2 City,620,110,93,28758.68,3.45,0.2048,7,-0.334,-0.5033,0.7567,0.212,20,1
SLR003244,Sports & Fitness,Tier-1 Metro,0,730,50,2360.35,3.28,0.142,5,-0.3201,0.0404,0.5141,0.1947,7,0
SLR003245,Beauty & Personal Care,Tier-1 Metro,382,348,572,60991.64,4.59,0.1639,5,-0.2156,-0.0564,0.4775,0.2207,28,0
SLR003246,Fashion,Tier-1 Metro,0,730,258,9237.62,3.9,0.2435,6,0.0077,-0.1966,0.4138,0.1091,16,0
SLR003247,Home & Kitchen,Tier-2 City,323,407,124,4039.43,3.22,0.2652,17,-0.8401,-0.1484,0.2435,0.2791,24,1
SLR003248,Home & Kitchen,Tier-1 Metro,173,557,1189,79473.5,3.64,0.1818,6,-0.2924,0.0733,0.5014,0.1476,48,1
SLR003249,Beauty & Personal Care,Tier-3 Town,0,730,1842,33776.85,4.29,0.234,6,-0.5831,-0.2346,0.4965,0.2554,45,1
SLR003250,Mobiles & Accessories,Tier-1 Metro,596,134,273,66522.01,4.17,0.1559,3,-0.1034,-0.3083,0.5369,0.0455,11,0
SLR003251,Mobiles & Accessories,Tier-1 Metro,320,410,245,10159.55,2.92,0.2291,8,-0.1056,-0.3527,0.8343,0.156,5,1
SLR003252,Electronics,Tier-3 Town,564,166,230,35370.13,3.53,0.31,5,-0.4122,-0.1897,0.691,0.2717,49,1
SLR003253,Sports & Fitness,Tier-1 Metro,163,567,2066,103569.42,4.21,0.1509,5,-0.3021,-0.096,0.5956,0.0977,5,0
SLR003254,Home & Kitchen,Tier-3 Town,666,64,91,46356.77,4.08,0.239,8,-0.0656,0.0715,0.5779,0.2282,20,0
SLR003255,Beauty & Personal Care,Tier-2 City,403,327,610,71714.48,4.02,0.12,4,0.1206,0.2916,0.8445,0.0375,2,0
SLR003256,Sports & Fitness,Tier-2 City,459,271,478,22911.07,3.88,0.1829,7,-0.0552,0.0666,0.4959,0.2376,7,0
SLR003257,Sports & Fitness,Tier-1 Metro,573,157,164,23456.86,4.56,0.1413,6,0.2581,0.0785,0.6589,0.0571,0,0
SLR003258,Electronics,Tier-2 City,563,167,74,17536.06,3.54,0.2383,5,-0.0526,-0.1246,0.7651,0.2312,4,0
SLR003259,Mobiles & Accessories,Tier-2 City,453,277,103,8630.12,4.05,0.2581,2,-0.2642,0.1287,0.7201,0.2197,25,0
SLR003260,Mobiles & Accessories,Tier-1 Metro,92,638,874,45438.24,4.09,0.194,3,0.1284,0.0089,0.7213,0.0905,0,0
SLR003261,Mobiles & Accessories,Tier-2 City,267,463,861,56814.17,3.91,0.2157,7,0.3275,0.0777,0.4555,0.0563,23,0
SLR003262,Fashion,Tier-1 Metro,287,443,614,16742.05,3.91,0.2352,4,-0.1331,-0.0878,0.5399,0.1303,0,0
SLR003263,Beauty & Personal Care,Tier-1 Metro,631,99,23,6759.75,3.42,0.1621,4,-0.3287,0.0281,0.7295,0.1146,9,1
SLR003264,Sports & Fitness,Tier-3 Town,0,730,1282,57951.36,4.52,0.2373,7,-0.2435,0.276,0.8229,0.1229,32,0
SLR003265,Mobiles & Accessories,Tier-2 City,47,683,251,8821.0,3.62,0.233,7,0.1354,0.029,0.6724,0.2019,8,0
SLR003266,Mobiles & Accessories,Tier-2 City,118,612,3337,192435.28,3.52,0.2082,3,-0.1341,0.4077,0.9693,0.0,10,0
SLR003267,Beauty & Personal Care,Tier-2 City,55,675,332,14167.55,3.25,0.197,11,0.2402,-0.0078,0.3041,0.2493,11,0
SLR003268,Home & Kitchen,Tier-1 Metro,639,91,195,72774.7,3.89,0.1711,12,-0.0555,0.1655,0.8466,0.1657,13,0
SLR003269,Sports & Fitness,Tier-3 Town,524,206,243,39676.61,3.21,0.2446,8,-0.4862,-0.3776,0.769,0.271,22,1
SLR003270,Mobiles & Accessories,Tier-2 City,592,138,354,94361.05,4.17,0.1993,7,0.0497,0.3946,0.5533,0.1213,25,1
SLR003271,Toys & Baby,Tier-2 City,564,166,336,34018.6,3.12,0.1973,6,-0.0462,0.0781,0.3113,0.1806,19,0
SLR003272,Mobiles & Accessories,Tier-2 City,164,566,192,8502.95,4.06,0.175,3,0.0544,-0.0126,0.7678,0.0575,33,0
SLR003273,Grocery,Tier-2 City,671,59,129,36306.53,3.93,0.1338,6,-0.2852,0.2147,0.5635,0.1731,0,0
SLR003274,Beauty & Personal Care,Tier-2 City,181,549,454,19523.01,4.21,0.1787,2,0.0421,-0.089,0.6458,0.1501,21,0
SLR003275,Home & Kitchen,Tier-1 Metro,558,172,610,91358.35,4.15,0.1383,3,0.0471,0.0093,0.7166,0.0,7,0
SLR003276,Toys & Baby,Tier-2 City,0,730,265,9315.74,2.91,0.2261,12,-0.7031,-0.1466,0.5634,0.2281,21,1
SLR003277,Toys & Baby,Tier-1 Metro,455,275,561,72101.64,3.56,0.1543,6,-0.2133,-0.2646,0.4412,0.1443,16,0
SLR003278,Sports & Fitness,Tier-1 Metro,626,104,212,72567.99,3.8,0.1821,8,-0.2128,-0.1397,0.6208,0.2079,12,1
SLR003279,Home & Kitchen,Tier-1 Metro,489,241,355,40537.43,4.23,0.1217,3,-0.0436,0.1276,0.7933,0.1167,5,0
SLR003280,Electronics,Tier-2 City,344,386,436,41537.27,2.45,0.253,7,-0.3933,0.0444,0.4571,0.2652,27,1
SLR003281,Toys & Baby,Tier-3 Town,262,468,185,10454.17,3.3,0.2595,5,-0.6478,-0.0917,0.5169,0.2593,0,0
SLR003282,Grocery,Tier-2 City,0,730,788,19584.54,4.42,0.1198,3,0.4419,0.3282,1.0,0.1075,9,0
SLR003283,Fashion,Tier-2 City,0,730,1039,34899.65,3.97,0.3256,14,-0.2082,-0.3964,0.6294,0.1986,22,1
SLR003284,Electronics,Tier-1 Metro,413,317,262,17421.27,2.76,0.2181,11,-0.3293,-0.0655,0.4741,0.2937,37,1
SLR003285,Toys & Baby,Tier-1 Metro,473,257,391,47132.99,3.76,0.1566,3,0.3217,-0.1845,0.7206,0.176,0,0
SLR003286,Electronics,Tier-1 Metro,141,589,1665,92056.96,3.32,0.1788,6,-0.213,0.05,0.723,0.0713,16,0
SLR003287,Beauty & Personal Care,Tier-2 City,510,220,165,14464.09,3.57,0.1678,15,-0.3491,0.0355,0.6508,0.1675,24,1
SLR003288,Beauty & Personal Care,Tier-1 Metro,465,265,356,50902.17,3.65,0.1252,3,0.2538,-0.0441,0.831,0.1608,0,0
SLR003289,Toys & Baby,Tier-2 City,24,706,261,7738.86,3.14,0.2005,6,-0.1772,0.0171,0.5133,0.2465,13,0
SLR003290,Electronics,Tier-1 Metro,563,167,565,84990.52,3.83,0.2096,9,-0.0811,0.2432,0.4329,0.1769,50,1
SLR003291,Grocery,Tier-1 Metro,680,50,42,34875.83,3.88,0.0921,6,-0.029,0.2417,0.6452,0.1787,5,0
SLR003292,Toys & Baby,Tier-1 Metro,592,138,66,10674.57,2.93,0.2089,10,-0.4327,-0.3288,0.807,0.194,5,1
SLR003293,Fashion,Tier-2 City,348,382,96,9280.83,3.63,0.338,11,-0.6626,-0.0269,0.3987,0.1795,92,1
SLR003294,Toys & Baby,Tier-2 City,168,562,1708,51878.41,3.85,0.2267,7,0.1769,-0.3457,0.6642,0.229,8,0
SLR003295,Grocery,Tier-1 Metro,564,166,754,101847.79,4.83,0.0611,4,0.2678,-0.215,0.5697,0.117,11,0
SLR003296,Grocery,Tier-3 Town,566,164,122,12977.22,3.45,0.2116,9,0.2568,-0.2293,0.7036,0.3204,58,1
SLR003297,Beauty & Personal Care,Tier-3 Town,522,208,431,74481.72,3.55,0.2204,5,0.3944,-0.0941,0.6597,0.1671,2,0
SLR003298,Mobiles & Accessories,Tier-2 City,425,305,532,49501.68,3.44,0.2994,9,-0.1971,-0.2796,0.7249,0.2881,75,1
SLR003299,Electronics,Tier-1 Metro,253,477,697,43976.59,3.69,0.1987,8,0.0579,-0.4285,0.6203,0.1749,112,1
SLR003300,Grocery,Tier-1 Metro,581,149,63,7434.76,4.06,0.0555,12,0.141,-0.219,0.6893,0.1492,29,0
SLR003301,Sports & Fitness,Tier-2 City,494,236,193,23527.38,4.02,0.1625,5,-0.1422,-0.1678,0.5266,0.2412,6,0
SLR003302,Grocery,Tier-2 City,458,272,524,37752.81,3.61,0.1546,5,0.3007,-0.2545,0.6497,0.1594,26,1
SLR003303,Mobiles & Accessories,Tier-2 City,439,291,338,47030.54,4.22,0.1932,3,0.0476,-0.1408,0.8866,0.1286,19,0
SLR003304,Toys & Baby,Tier-1 Metro,117,613,100,2849.56,3.72,0.1628,2,-0.2346,-0.1228,0.7354,0.1826,14,0
SLR003305,Toys & Baby,Tier-2 City,634,96,208,48916.21,4.76,0.1513,4,0.1315,-0.0782,0.8902,0.1107,0,0
SLR003306,Home & Kitchen,Tier-2 City,586,144,182,39782.96,3.12,0.2204,8,-0.0499,-0.135,0.9897,0.3172,30,1
SLR003307,Sports & Fitness,Tier-3 Town,315,415,117,9589.84,3.13,0.2689,8,-0.0753,-0.1547,0.809,0.2907,52,1
SLR003308,Toys & Baby,Tier-1 Metro,293,437,115,10300.84,3.82,0.1617,6,-0.0324,-0.1157,0.5376,0.2343,16,0
SLR003309,Electronics,Tier-1 Metro,267,463,919,80752.82,3.64,0.2152,10,-0.3531,0.0519,0.5956,0.2384,0,0
SLR003310,Fashion,Tier-3 Town,543,187,71,5385.43,3.3,0.3672,4,-0.6031,-0.1372,0.6123,0.2567,0,0
SLR003311,Toys & Baby,Tier-1 Metro,199,531,1197,24735.66,3.38,0.1935,8,-0.4858,0.0904,0.4792,0.1642,49,1
SLR003312,Electronics,Tier-1 Metro,0,730,294,11538.21,3.82,0.1419,10,0.0199,-0.0403,0.5222,0.1571,7,0
SLR003313,Grocery,Tier-2 City,595,135,211,43171.21,3.61,0.1607,10,-0.3988,0.1264,0.3837,0.3058,46,1
SLR003314,Grocery,Tier-2 City,241,489,2117,171318.56,4.52,0.1209,5,0.0668,0.1956,0.7889,0.0676,26,0
SLR003315,Fashion,Tier-1 Metro,560,170,229,42683.99,4.42,0.1961,3,-0.0376,0.0402,0.4877,0.0082,16,0
SLR003316,Mobiles & Accessories,Tier-1 Metro,626,104,93,31397.16,3.97,0.1801,4,-0.3168,0.039,0.616,0.1019,65,1
SLR003317,Grocery,Tier-1 Metro,228,502,840,37098.19,4.62,0.0554,2,0.3611,0.2716,0.9879,0.0741,25,1
SLR003318,Home & Kitchen,Tier-1 Metro,706,24,8,2862.67,3.95,0.1417,6,-0.3262,0.0987,0.5624,0.0623,11,0
SLR003319,Sports & Fitness,Tier-2 City,699,31,35,20152.07,3.57,0.1936,4,0.0678,0.0118,0.6983,0.0416,31,1
SLR003320,Electronics,Tier-1 Metro,104,626,3255,68946.98,3.97,0.1979,6,-0.0376,-0.1855,0.5045,0.1044,17,0
SLR003321,Toys & Baby,Tier-1 Metro,364,366,291,12022.77,3.29,0.1468,4,-0.2663,-0.244,0.6857,0.0918,2,0
SLR003322,Beauty & Personal Care,Tier-1 Metro,304,426,412,14722.54,3.81,0.1727,5,0.2197,-0.1639,0.6289,0.239,3,0
SLR003323,Grocery,Tier-2 City,464,266,1845,189798.13,4.01,0.1263,4,-0.0588,-0.1018,0.7235,0.1812,26,0
SLR003324,Fashion,Tier-1 Metro,490,240,211,32501.62,3.28,0.3036,9,-0.5786,-0.1873,0.4386,0.197,100,1
SLR003325,Fashion,Tier-1 Metro,324,406,405,27166.13,3.96,0.267,5,-0.1028,0.1008,0.6687,0.125,5,1
SLR003326,Electronics,Tier-2 City,301,429,859,67596.81,3.5,0.22,7,-0.561,0.0393,0.5122,0.2651,59,1
SLR003327,Grocery,Tier-2 City,433,297,723,75519.65,3.89,0.14,5,-0.2342,-0.1298,0.4325,0.1686,53,1
SLR003328,Toys & Baby,Tier-1 Metro,459,271,1183,63411.49,3.89,0.1339,6,-0.3211,0.1194,0.4806,0.215,127,1
SLR003329,Beauty & Personal Care,Tier-1 Metro,352,378,173,13847.48,3.26,0.1515,2,0.0538,-0.2803,0.4355,0.232,15,0
SLR003330,Home & Kitchen,Tier-2 City,266,464,1863,112846.58,3.52,0.2173,5,0.301,-0.1481,0.6509,0.2262,11,0
SLR003331,Grocery,Tier-1 Metro,617,113,148,18450.38,4.18,0.1302,5,-0.1953,0.1942,0.7181,0.1404,10,0
SLR003332,Fashion,Tier-1 Metro,359,371,1989,92295.28,4.79,0.2364,7,0.2805,-0.0102,0.7628,0.1016,18,0
SLR003333,Electronics,Tier-1 Metro,645,85,201,30530.71,4.7,0.1424,2,-0.1955,-0.1693,1.0,0.0994,21,0
SLR003334,Beauty & Personal Care,Tier-1 Metro,443,287,220,11360.92,4.2,0.1684,6,-0.116,0.0424,0.6352,0.1448,12,0
SLR003335,Toys & Baby,Tier-1 Metro,0,730,238,12396.16,4.27,0.1236,6,0.0902,0.0087,0.5858,0.1103,0,0
SLR003336,Home & Kitchen,Tier-2 City,540,190,105,7505.18,3.5,0.1781,3,-0.3811,-0.3011,0.7776,0.2359,2,0
SLR003337,Beauty & Personal Care,Tier-3 Town,0,730,1992,44053.19,4.09,0.1818,3,0.1766,0.3339,0.6178,0.1771,11,0
SLR003338,Fashion,Tier-3 Town,157,573,557,15608.22,4.06,0.2754,2,-0.0261,-0.0571,0.8273,0.0956,5,0
SLR003339,Home & Kitchen,Tier-1 Metro,596,134,195,43680.01,4.03,0.1693,7,-0.0538,-0.061,0.6425,0.0939,23,0
SLR003340,Toys & Baby,Tier-3 Town,629,101,12,4838.95,3.83,0.2312,14,-0.2907,-0.1306,0.6435,0.2455,5,1
SLR003341,Grocery,Tier-1 Metro,332,398,542,44974.59,4.27,0.0429,0,0.217,0.0199,0.7516,0.1422,17,0
SLR003342,Beauty & Personal Care,Tier-1 Metro,398,332,158,15311.56,3.39,0.1421,4,-0.3044,-0.2376,0.3806,0.2385,53,1
SLR003343,Mobiles & Accessories,Tier-3 Town,525,205,109,18710.12,3.26,0.2957,7,-0.2663,-0.0323,0.4141,0.2511,9,0
SLR003344,Mobiles & Accessories,Tier-1 Metro,591,139,232,30122.52,3.92,0.2073,5,-0.1129,-0.0872,0.5016,0.2369,6,0
SLR003345,Fashion,Tier-2 City,647,83,62,18252.57,3.25,0.358,8,-0.2846,-0.1013,0.345,0.1776,37,1
SLR003346,Grocery,Tier-1 Metro,437,293,392,31197.3,4.49,0.0559,1,-0.3023,0.0285,0.9595,0.0146,2,0
SLR003347,Grocery,Tier-1 Metro,77,653,458,8628.98,3.95,0.1148,9,-0.2987,-0.0028,0.6235,0.1943,5,1
SLR003348,Toys & Baby,Tier-1 Metro,495,235,95,12813.35,3.13,0.1854,8,-0.1913,-0.2192,0.6281,0.3432,164,1
SLR003349,Mobiles & Accessories,Tier-3 Town,266,464,145,4729.29,3.61,0.258,6,0.231,0.0001,0.7032,0.2223,20,0
SLR003350,Grocery,Tier-3 Town,417,313,329,27249.95,3.48,0.1634,6,-0.1878,-0.0718,0.793,0.1241,0,0
SLR003351,Toys & Baby,Tier-3 Town,298,432,425,26073.27,3.16,0.2761,14,-0.2376,0.024,0.5501,0.2635,45,0
SLR003352,Home & Kitchen,Tier-1 Metro,0,730,1416,42874.61,3.39,0.1686,6,0.0287,0.012,0.439,0.0826,15,0
SLR003353,Beauty & Personal Care,Tier-1 Metro,560,170,207,29726.67,4.72,0.1152,5,0.238,-0.0122,0.6968,0.0811,26,0
SLR003354,Fashion,Tier-2 City,205,525,432,9535.71,3.41,0.273,8,-0.3363,0.0625,0.5851,0.2154,14,0
SLR003355,Beauty & Personal Care,Tier-3 Town,349,381,727,77849.8,3.78,0.1988,4,-0.0108,-0.0419,0.7084,0.2396,25,0
SLR003356,Electronics,Tier-2 City,570,160,429,29992.04,3.95,0.2317,8,-0.0687,-0.132,0.5009,0.2689,63,1
SLR003357,Beauty & Personal Care,Tier-1 Metro,522,208,199,25526.92,3.83,0.1436,6,-0.2785,-0.0885,0.3713,0.1849,58,1
SLR003358,Electronics,Tier-1 Metro,71,659,535,22369.17,3.48,0.155,2,-0.157,-0.365,0.4522,0.1958,18,0
SLR003359,Beauty & Personal Care,Tier-3 Town,602,128,271,66555.54,3.47,0.2295,6,0.186,0.1185,0.6929,0.2663,99,1
SLR003360,Toys & Baby,Tier-1 Metro,272,458,1549,97671.52,3.96,0.1465,3,0.0318,0.0096,0.6736,0.1513,77,1
SLR003361,Electronics,Tier-2 City,274,456,2198,129498.68,3.08,0.2155,7,-0.0674,-0.1583,0.7504,0.1758,5,0
SLR003362,Home & Kitchen,Tier-2 City,431,299,450,42410.52,3.59,0.2013,6,0.1837,-0.0881,0.6068,0.1698,13,0
SLR003363,Beauty & Personal Care,Tier-1 Metro,452,278,315,17146.99,4.29,0.0996,3,0.1237,-0.1358,0.6974,0.1784,12,0
SLR003364,Toys & Baby,Tier-2 City,556,174,97,7711.6,3.31,0.1942,8,-0.0863,-0.1315,0.6866,0.2829,88,1
SLR003365,Sports & Fitness,Tier-1 Metro,0,730,895,22908.46,3.45,0.1759,11,-0.5828,-0.0572,0.5127,0.1258,28,1
SLR003366,Toys & Baby,Tier-1 Metro,584,146,320,23546.36,4.26,0.0931,3,0.2435,-0.0371,0.8271,0.0379,9,0
SLR003367,Beauty & Personal Care,Tier-2 City,560,170,363,68465.84,3.48,0.1932,8,-0.1847,-0.4005,0.4227,0.2089,2,0
SLR003368,Home & Kitchen,Tier-2 City,596,134,50,9137.76,3.65,0.1421,5,0.1225,-0.2159,0.4249,0.1087,63,1
SLR003369,Beauty & Personal Care,Tier-2 City,0,730,747,39601.16,3.98,0.1425,4,0.1173,-0.1809,0.7402,0.1636,21,0
SLR003370,Grocery,Tier-1 Metro,315,415,252,22737.49,3.71,0.1208,6,-0.299,-0.0412,0.3097,0.2152,41,0
SLR003371,Electronics,Tier-3 Town,656,74,107,57062.16,3.29,0.2611,7,-0.3121,-0.2172,0.6132,0.1457,16,0
SLR003372,Beauty & Personal Care,Tier-1 Metro,82,648,2572,142813.7,4.3,0.0951,5,0.4367,0.0874,0.6624,0.0374,13,0
SLR003373,Sports & Fitness,Tier-1 Metro,478,252,220,25059.77,3.75,0.1745,10,-0.5199,-0.2973,0.6239,0.087,1,0
SLR003374,Beauty & Personal Care,Tier-3 Town,0,730,2097,74274.49,3.59,0.2657,11,0.0466,-0.3698,0.4808,0.3263,5,1
SLR003375,Fashion,Tier-2 City,458,272,364,36024.6,3.95,0.2521,6,0.3234,0.0834,0.8061,0.0838,15,0
SLR003376,Beauty & Personal Care,Tier-1 Metro,618,112,64,14122.58,3.87,0.1273,3,-0.0325,0.0238,0.6632,0.1067,9,0
SLR003377,Grocery,Tier-1 Metro,513,217,160,14359.42,3.62,0.1146,7,0.1376,0.2262,0.7068,0.1503,17,1
SLR003378,Home & Kitchen,Tier-1 Metro,525,205,423,86626.31,3.55,0.1495,8,-0.0062,-0.1595,0.6441,0.1778,0,0
SLR003379,Home & Kitchen,Tier-2 City,282,448,1320,92572.16,4.12,0.1595,7,-0.0608,-0.2137,0.641,0.1702,0,0
SLR003380,Toys & Baby,Tier-1 Metro,302,428,1716,64412.83,4.16,0.1445,7,0.0336,-0.4478,0.448,0.0669,0,0
SLR003381,Fashion,Tier-1 Metro,429,301,320,12644.26,3.02,0.2248,8,-0.1176,0.0424,0.7942,0.0966,2,0
SLR003382,Home & Kitchen,Tier-3 Town,304,426,1000,39038.99,3.47,0.1819,5,0.5867,0.0826,0.9467,0.1175,0,0
SLR003383,Toys & Baby,Tier-1 Metro,620,110,281,90642.03,3.63,0.1343,2,-0.2329,-0.2592,0.4297,0.1248,21,1
SLR003384,Home & Kitchen,Tier-2 City,467,263,197,16874.11,3.35,0.1987,7,-0.106,-0.2177,0.4577,0.2153,65,1
SLR003385,Fashion,Tier-3 Town,545,185,445,68150.73,4.45,0.3643,5,-0.1415,0.0385,0.7013,0.1958,0,0
SLR003386,Sports & Fitness,Tier-2 City,456,274,80,7324.34,3.71,0.1689,5,0.2908,-0.0643,0.9621,0.12,2,0
SLR003387,Grocery,Tier-1 Metro,543,187,165,26057.65,2.88,0.1184,8,-0.1812,-0.1094,0.6498,0.2304,79,1
SLR003388,Sports & Fitness,Tier-1 Metro,670,60,94,24445.55,4.21,0.1556,2,0.411,0.1766,0.6145,0.1116,0,0
SLR003389,Fashion,Tier-2 City,0,730,1886,42970.39,3.94,0.3201,10,-0.1808,-0.4163,0.7194,0.1879,58,1
SLR003390,Toys & Baby,Tier-2 City,593,137,35,3665.36,2.59,0.2525,8,-0.2089,-0.1664,0.7652,0.2173,5,1
SLR003391,Toys & Baby,Tier-2 City,70,660,818,34141.78,3.79,0.1981,6,-0.317,-0.2858,0.8631,0.1842,71,1
SLR003392,Home & Kitchen,Tier-1 Metro,646,84,35,15765.87,3.78,0.1487,2,0.2223,0.1411,0.5225,0.1345,53,1
SLR003393,Sports & Fitness,Tier-2 City,568,162,354,85173.74,4.15,0.1713,3,0.7444,0.0503,0.9094,0.115,15,0
SLR003394,Grocery,Tier-2 City,286,444,968,59424.6,4.67,0.1214,4,0.1151,0.1525,0.4797,0.2068,5,0
SLR003395,Beauty & Personal Care,Tier-1 Metro,473,257,256,37760.64,3.93,0.123,3,0.0419,0.0606,0.5945,0.2019,94,1
SLR003396,Electronics,Tier-2 City,585,145,425,53023.33,3.54,0.256,12,-0.3305,-0.1235,0.5703,0.2106,63,1
SLR003397,Sports & Fitness,Tier-1 Metro,0,730,1468,32924.21,3.32,0.1516,8,-0.6167,0.0299,0.604,0.1724,0,0
SLR003398,Home & Kitchen,Tier-2 City,398,332,463,44339.02,3.72,0.1818,3,0.3817,0.2409,0.4723,0.1539,7,0
SLR003399,Grocery,Tier-2 City,500,230,101,6495.73,4.15,0.1648,4,0.5419,-0.3085,0.6403,0.1174,8,0
SLR003400,Grocery,Tier-2 City,567,163,171,18993.25,3.62,0.1801,5,-0.3288,-0.2447,0.6367,0.2133,18,0
SLR003401,Sports & Fitness,Tier-1 Metro,406,324,424,53976.61,3.72,0.1235,5,0.2331,0.1761,0.6765,0.0648,23,0
SLR003402,Fashion,Tier-1 Metro,481,249,380,61822.84,3.37,0.2558,5,-0.7468,0.0268,0.7731,0.1334,2,0
SLR003403,Home & Kitchen,Tier-2 City,622,108,103,39864.33,3.24,0.2344,7,-0.0197,-0.1713,0.5202,0.2606,5,1
SLR003404,Mobiles & Accessories,Tier-2 City,400,330,186,22082.61,3.67,0.221,8,0.0706,0.0446,0.6958,0.1323,2,0
SLR003405,Beauty & Personal Care,Tier-1 Metro,0,730,1545,48122.24,4.15,0.1021,3,0.0912,0.0339,0.7748,0.1022,15,0
SLR003406,Electronics,Tier-3 Town,393,337,394,15377.75,3.97,0.2567,8,-0.118,-0.0102,0.8584,0.296,14,0
SLR003407,Toys & Baby,Tier-3 Town,538,192,332,37604.5,3.64,0.2616,10,0.1724,-0.3999,0.6301,0.2678,12,1
SLR003408,Fashion,Tier-2 City,574,156,158,18896.91,3.56,0.3119,12,-0.2267,-0.2605,0.6703,0.1382,0,0
SLR003409,Sports & Fitness,Tier-2 City,44,686,3833,68934.95,3.91,0.1334,2,-0.0681,0.1727,0.6246,0.0634,2,0
SLR003410,Sports & Fitness,Tier-1 Metro,466,264,26,3243.23,3.68,0.1255,7,-0.5152,-0.0708,0.6852,0.1564,0,0
SLR003411,Electronics,Tier-1 Metro,0,730,255,14669.85,3.73,0.17,8,-0.5256,-0.3153,0.5545,0.2376,23,0
SLR003412,Mobiles & Accessories,Tier-1 Metro,684,46,62,17905.71,3.34,0.2042,9,-0.6005,-0.2426,0.5544,0.08,46,1
SLR003413,Fashion,Tier-3 Town,349,381,425,23369.94,3.18,0.3071,4,-0.0349,-0.229,0.7166,0.1803,10,0
SLR003414,Home & Kitchen,Tier-1 Metro,654,76,134,29808.63,3.93,0.1354,5,0.1412,-0.0876,0.7333,0.1018,6,0
SLR003415,Toys & Baby,Tier-1 Metro,631,99,128,16810.14,3.95,0.105,7,0.39,0.1061,0.5756,0.1105,5,0
SLR003416,Grocery,Tier-1 Metro,328,402,640,21015.07,4.45,0.1103,1,0.5789,-0.117,0.6041,0.0,12,0
SLR003417,Grocery,Tier-2 City,130,600,1068,54363.17,3.95,0.127,3,-0.3167,-0.0525,0.9653,0.083,30,0
SLR003418,Toys & Baby,Tier-1 Metro,667,63,227,42031.41,4.48,0.1199,4,0.0304,-0.0531,0.5694,0.1266,12,0
SLR003419,Sports & Fitness,Tier-2 City,354,376,1417,82043.8,3.47,0.1929,3,-0.1413,-0.4275,0.355,0.2549,0,0
SLR003420,Electronics,Tier-1 Metro,571,159,241,54505.98,4.2,0.1148,3,0.2617,0.1512,0.6414,0.1223,47,1
SLR003421,Sports & Fitness,Tier-2 City,586,144,33,6016.6,3.22,0.251,3,-0.2192,-0.2297,0.8699,0.1613,0,0
SLR003422,Toys & Baby,Tier-2 City,359,371,526,27847.55,4.08,0.1969,4,-0.0305,-0.218,0.9452,0.2039,0,0
SLR003423,Grocery,Tier-1 Metro,567,163,54,9483.97,3.38,0.1534,5,0.0793,-0.4403,0.3422,0.2233,78,1
SLR003424,Sports & Fitness,Tier-1 Metro,0,730,153,2679.15,4.43,0.1564,6,-0.2112,-0.0728,0.6118,0.1819,2,0
SLR003425,Toys & Baby,Tier-2 City,0,730,1822,39062.58,4.03,0.1563,10,-0.1731,-0.1069,0.6286,0.2374,78,1
SLR003426,Electronics,Tier-1 Metro,628,102,76,19898.18,3.84,0.1771,4,-0.2084,0.2023,0.6797,0.1473,0,0
SLR003427,Electronics,Tier-3 Town,542,188,288,54948.55,3.95,0.2658,6,-0.5244,-0.2994,0.6539,0.2614,14,1
SLR003428,Fashion,Tier-2 City,177,553,182,7456.92,3.51,0.2756,6,0.4286,0.037,0.6397,0.1758,19,0
SLR003429,Toys & Baby,Tier-1 Metro,241,489,1864,153586.41,3.97,0.1174,3,0.2011,0.0709,0.7353,0.1209,5,0
SLR003430,Home & Kitchen,Tier-3 Town,107,623,942,40292.7,3.47,0.2927,6,-0.1534,-0.0559,0.5971,0.343,47,1
SLR003431,Home & Kitchen,Tier-2 City,1,729,2645,113437.27,3.74,0.2202,6,0.0453,-0.0842,0.6509,0.1777,5,0
SLR003432,Toys & Baby,Tier-1 Metro,182,548,1458,33001.85,4.02,0.1472,6,0.3481,-0.273,0.8449,0.0882,168,1
SLR003433,Grocery,Tier-3 Town,0,730,851,20112.69,4.49,0.184,5,0.2834,-0.0195,0.6839,0.1615,5,0
SLR003434,Home & Kitchen,Tier-3 Town,262,468,926,71168.69,3.69,0.2696,8,-0.3053,-0.2865,0.6232,0.2734,24,1
SLR003435,Home & Kitchen,Tier-1 Metro,593,137,215,39267.57,3.18,0.2088,8,-0.8042,-0.324,0.3823,0.1606,111,1
SLR003436,Home & Kitchen,Tier-3 Town,44,686,1570,83750.05,3.49,0.2737,10,-0.2399,-0.1643,0.6861,0.2988,123,1
SLR003437,Grocery,Tier-2 City,440,290,39,4362.3,4.14,0.1344,2,-0.0556,-0.1652,0.6521,0.0888,25,0
SLR003438,Toys & Baby,Tier-1 Metro,218,512,3323,259741.97,4.57,0.1175,5,0.2357,0.0154,0.8968,0.1233,0,0
SLR003439,Sports & Fitness,Tier-2 City,527,203,167,16033.48,4.06,0.1718,3,-0.1275,-0.1385,0.8777,0.06,13,0
SLR003440,Toys & Baby,Tier-3 Town,554,176,197,31151.99,3.57,0.2194,4,-0.0653,-0.0934,0.9007,0.2249,28,0
SLR003441,Home & Kitchen,Tier-3 Town,334,396,967,86004.24,3.82,0.1851,3,-0.6512,0.4788,0.7379,0.0871,0,0
SLR003442,Home & Kitchen,Tier-3 Town,620,110,55,16599.55,3.28,0.2693,8,-0.2338,-0.2245,0.7276,0.2041,18,1
SLR003443,Fashion,Tier-1 Metro,100,630,798,47035.14,2.98,0.2768,8,-0.3258,-0.1173,0.5969,0.1911,24,0
SLR003444,Mobiles & Accessories,Tier-3 Town,0,730,135,5579.46,3.43,0.3233,6,-0.1355,-0.4628,0.6881,0.343,0,0
SLR003445,Home & Kitchen,Tier-1 Metro,228,502,578,35367.09,3.98,0.1603,8,-0.1027,-0.1367,0.6645,0.2454,0,0
SLR003446,Electronics,Tier-1 Metro,356,374,387,26840.51,2.85,0.1854,11,-0.4119,0.0611,0.7175,0.1903,26,1
SLR003447,Fashion,Tier-2 City,350,380,1425,105568.47,4.22,0.2427,8,-0.0719,0.1447,0.7318,0.1222,2,0
SLR003448,Electronics,Tier-3 Town,421,309,36,1910.09,3.35,0.3026,9,0.3314,-0.0318,0.7175,0.2862,7,0
SLR003449,Beauty & Personal Care,Tier-2 City,0,730,1863,80999.91,4.69,0.1802,5,0.1453,-0.0508,0.568,0.1129,0,0
SLR003450,Home & Kitchen,Tier-2 City,545,185,99,18740.52,3.64,0.2378,6,-0.038,-0.3321,0.6306,0.2589,142,1
SLR003451,Home & Kitchen,Tier-3 Town,258,472,942,68123.76,3.71,0.2937,12,-0.2246,-0.1608,0.5184,0.2564,6,0
SLR003452,Sports & Fitness,Tier-1 Metro,438,292,135,10648.53,3.56,0.1751,10,-0.598,-0.0864,0.7965,0.1934,15,0
SLR003453,Fashion,Tier-2 City,0,730,1709,37079.25,3.23,0.3026,11,-0.6591,0.1551,0.4038,0.199,121,1
SLR003454,Toys & Baby,Tier-1 Metro,72,658,434,17060.63,3.41,0.1714,12,-0.4908,-0.2161,0.4726,0.228,39,1
SLR003455,Beauty & Personal Care,Tier-1 Metro,396,334,429,28071.59,3.44,0.1093,5,0.3123,0.065,0.6299,0.1933,7,0
SLR003456,Beauty & Personal Care,Tier-1 Metro,0,730,1930,57890.9,5.0,0.1237,2,0.4036,0.2853,0.6723,0.0832,21,0
SLR003457,Mobiles & Accessories,Tier-1 Metro,435,295,383,27157.33,4.54,0.1655,2,-0.2672,0.1052,0.4669,0.0489,6,0
SLR003458,Electronics,Tier-3 Town,237,493,332,21518.92,3.19,0.3093,10,-0.2362,-0.1537,0.5035,0.2791,0,0
SLR003459,Fashion,Tier-2 City,165,565,468,15826.99,3.02,0.3444,13,-0.1421,-0.1703,0.7647,0.3003,7,1
SLR003460,Fashion,Tier-1 Metro,408,322,178,18738.71,3.24,0.2879,6,-0.318,-0.128,0.2579,0.2403,112,1
SLR003461,Mobiles & Accessories,Tier-3 Town,335,395,778,58182.96,3.09,0.3264,7,-0.5139,-0.1512,0.6188,0.3506,18,1
SLR003462,Home & Kitchen,Tier-1 Metro,260,470,180,5651.53,3.84,0.146,8,0.1678,-0.024,0.5107,0.1383,19,0
SLR003463,Beauty & Personal Care,Tier-2 City,332,398,1369,100972.02,3.99,0.1829,7,-0.1073,0.1434,0.4079,0.1884,1,0
SLR003464,Mobiles & Accessories,Tier-2 City,3,727,451,9307.0,3.38,0.2265,7,-0.1274,-0.3308,0.6341,0.2074,125,1
SLR003465,Toys & Baby,Tier-3 Town,658,72,90,26376.92,2.6,0.2505,12,-0.2161,-0.0319,0.5647,0.3336,23,1
SLR003466,Beauty & Personal Care,Tier-3 Town,0,730,1755,62269.85,4.02,0.2185,7,-0.0165,-0.0697,0.7794,0.1828,8,0
SLR003467,Toys & Baby,Tier-1 Metro,522,208,116,20492.62,3.43,0.1396,6,-0.2166,0.1383,0.7853,0.1221,12,0
SLR003468,Mobiles & Accessories,Tier-3 Town,576,154,406,37064.97,3.76,0.2965,6,-0.063,0.1702,0.692,0.1538,5,0
SLR003469,Electronics,Tier-1 Metro,416,314,218,8396.22,4.07,0.1994,8,-0.2876,-0.1913,0.6222,0.1227,15,1
SLR003470,Electronics,Tier-3 Town,367,363,375,24351.85,3.31,0.2995,11,-0.311,-0.2964,0.6182,0.3523,5,1
SLR003471,Beauty & Personal Care,Tier-2 City,501,229,211,11745.1,3.73,0.2125,6,-0.1148,-0.2391,0.5639,0.2821,83,1
SLR003472,Electronics,Tier-2 City,568,162,428,36787.66,3.84,0.1941,2,0.2605,-0.0475,0.6723,0.1632,5,0
SLR003473,Sports & Fitness,Tier-1 Metro,625,105,105,21179.09,3.33,0.1351,2,0.5301,0.0159,0.493,0.1712,88,1
SLR003474,Beauty & Personal Care,Tier-2 City,9,721,1860,53826.08,3.86,0.1931,9,-0.2963,-0.0706,0.6575,0.1895,3,0
SLR003475,Beauty & Personal Care,Tier-1 Metro,586,144,130,29325.62,3.96,0.1298,5,-0.3651,-0.0125,0.2877,0.1637,81,1
SLR003476,Mobiles & Accessories,Tier-2 City,83,647,1245,65067.34,3.68,0.2326,6,-0.2467,-0.2175,0.4516,0.2526,0,0
SLR003477,Grocery,Tier-3 Town,234,496,1779,66118.1,3.66,0.1707,8,-0.6873,0.2714,0.8459,0.2065,58,1
SLR003478,Beauty & Personal Care,Tier-2 City,519,211,227,14230.73,3.92,0.1849,7,-0.0073,-0.0523,0.4481,0.2299,18,1
SLR003479,Mobiles & Accessories,Tier-2 City,479,251,348,17938.69,3.9,0.2806,4,-0.2571,-0.1621,0.6837,0.2027,8,0
SLR003480,Home & Kitchen,Tier-1 Metro,515,215,95,4850.47,4.17,0.1492,3,-0.0686,0.1661,1.0,0.108,16,0
SLR003481,Mobiles & Accessories,Tier-2 City,228,502,469,11026.2,3.65,0.2495,4,-0.3637,-0.1515,0.4601,0.189,67,1
SLR003482,Beauty & Personal Care,Tier-3 Town,191,539,583,11442.19,2.85,0.2682,12,-0.2047,-0.2638,0.6146,0.2995,25,1
SLR003483,Beauty & Personal Care,Tier-2 City,0,730,1453,62848.53,3.94,0.1082,3,0.0811,0.2646,0.8749,0.1043,7,0
SLR003484,Electronics,Tier-1 Metro,639,91,453,158811.42,3.18,0.1863,4,-0.057,0.0684,0.5089,0.1009,17,1
SLR003485,Beauty & Personal Care,Tier-1 Metro,271,459,485,30321.14,3.91,0.1006,5,0.5198,-0.0891,0.844,0.123,0,0
SLR003486,Home & Kitchen,Tier-3 Town,329,401,157,13679.55,2.97,0.2694,9,-0.5152,-0.1829,0.5941,0.2923,3,0
SLR003487,Toys & Baby,Tier-2 City,36,694,245,4873.61,3.36,0.2521,10,-0.8308,-0.1898,0.5213,0.3072,23,1
SLR003488,Fashion,Tier-2 City,454,276,1425,199430.47,3.17,0.2826,7,-0.4983,-0.2151,0.5297,0.2282,24,1
SLR003489,Grocery,Tier-1 Metro,387,343,148,17762.83,3.81,0.123,2,0.2278,-0.0033,0.7446,0.0401,12,0
SLR003490,Grocery,Tier-1 Metro,4,726,154,2763.1,3.49,0.1133,7,0.026,-0.0862,0.5234,0.1883,59,1
SLR003491,Toys & Baby,Tier-1 Metro,0,730,795,40796.99,3.91,0.1681,8,-0.2812,-0.1785,0.6177,0.2315,0,0
SLR003492,Fashion,Tier-1 Metro,375,355,421,32071.75,3.05,0.2629,9,-0.5076,-0.0787,0.5325,0.2103,86,1
SLR003493,Mobiles & Accessories,Tier-2 City,123,607,748,47067.01,3.77,0.2278,7,-0.3527,0.179,0.6906,0.2155,45,0
SLR003494,Toys & Baby,Tier-2 City,243,487,388,21387.85,3.57,0.1837,5,-0.3165,-0.164,0.6394,0.1651,19,1
SLR003495,Grocery,Tier-1 Metro,297,433,421,31695.51,2.7,0.1554,10,-0.5445,-0.2216,0.3029,0.3028,47,1
SLR003496,Beauty & Personal Care,Tier-2 City,0,730,1462,48146.9,3.47,0.2067,7,-0.6145,-0.2297,0.4384,0.175,37,1
SLR003497,Beauty & Personal Care,Tier-1 Metro,491,239,509,68243.2,4.4,0.1319,8,0.4744,-0.2728,0.4258,0.2674,6,0
SLR003498,Grocery,Tier-3 Town,348,382,1186,37795.71,4.11,0.1986,11,-0.1734,-0.1333,0.4818,0.2788,19,1
SLR003499,Sports & Fitness,Tier-1 Metro,549,181,355,76391.44,4.38,0.1235,4,-0.2571,-0.3139,0.6687,0.1669,6,0
SLR003500,Toys & Baby,Tier-2 City,175,555,180,11550.17,3.6,0.2324,6,-0.5471,-0.1269,0.2851,0.2083,5,1
SLR003501,Electronics,Tier-2 City,582,148,82,21019.82,3.74,0.2329,5,0.0922,0.1607,0.4064,0.2299,24,0
SLR003502,Home & Kitchen,Tier-2 City,453,277,206,29423.07,3.02,0.2293,3,-0.2485,-0.4249,0.3362,0.1919,33,1
SLR003503,Fashion,Tier-2 City,670,60,36,23419.77,4.36,0.3001,10,-0.6246,-0.4821,0.4008,0.1648,15,1
SLR003504,Mobiles & Accessories,Tier-2 City,483,247,302,34734.11,4.21,0.1899,3,-0.0216,0.1257,0.4409,0.0791,20,0
SLR003505,Grocery,Tier-2 City,554,176,31,2926.85,4.14,0.1507,10,-0.3531,-0.1248,0.4473,0.1553,13,0
SLR003506,Home & Kitchen,Tier-2 City,158,572,864,44065.63,4.16,0.2068,3,-0.506,0.0312,0.643,0.267,0,0
SLR003507,Home & Kitchen,Tier-1 Metro,587,143,455,106691.47,3.89,0.1401,3,0.1051,-0.1566,0.3178,0.0735,30,0
SLR003508,Beauty & Personal Care,Tier-1 Metro,402,328,163,18057.18,4.23,0.1638,13,-0.0905,-0.0425,0.3932,0.1374,3,0
SLR003509,Grocery,Tier-2 City,228,502,706,25385.27,3.93,0.1555,11,-0.095,-0.2382,0.5224,0.2463,16,0
SLR003510,Fashion,Tier-2 City,645,85,33,8740.25,3.97,0.2959,2,0.0437,-0.1857,0.5815,0.1382,27,1
SLR003511,Home & Kitchen,Tier-1 Metro,544,186,184,38766.65,4.16,0.1345,3,0.3759,0.2467,0.6413,0.0654,0,0
SLR003512,Electronics,Tier-2 City,438,292,381,44354.1,3.65,0.2003,5,0.342,-0.203,0.6173,0.1906,17,0
SLR003513,Sports & Fitness,Tier-2 City,639,91,136,48229.67,4.32,0.1868,0,-0.1119,-0.2824,0.2656,0.1946,15,0
SLR003514,Grocery,Tier-1 Metro,156,574,1861,44157.28,4.26,0.0855,4,0.06,-0.0575,0.7613,0.1118,2,0
SLR003515,Grocery,Tier-1 Metro,680,50,92,74603.87,3.16,0.1463,3,-0.6793,-0.1739,0.7369,0.1275,50,1
SLR003516,Fashion,Tier-3 Town,411,319,52,6182.81,3.25,0.3998,9,-0.122,-0.4176,0.7234,0.1594,38,1
SLR003517,Electronics,Tier-2 City,503,227,304,40277.16,3.76,0.154,4,0.279,0.3324,0.6957,0.1274,20,0
SLR003518,Electronics,Tier-3 Town,207,523,584,40437.06,3.26,0.3172,9,-0.0027,-0.1376,0.654,0.3349,17,1
SLR003519,Toys & Baby,Tier-1 Metro,158,572,1922,71399.19,4.68,0.0741,0,0.4312,0.1001,1.0,0.0509,31,0
SLR003520,Electronics,Tier-2 City,604,126,40,7952.45,4.9,0.218,9,0.489,0.0335,0.7626,0.0607,19,0
SLR003521,Toys & Baby,Tier-2 City,291,439,843,73027.83,4.12,0.2088,6,0.0087,-0.1447,0.6092,0.3056,29,0
SLR003522,Toys & Baby,Tier-1 Metro,469,261,89,7422.69,3.34,0.1527,7,0.0044,-0.3866,0.2976,0.1509,49,1
SLR003523,Mobiles & Accessories,Tier-3 Town,0,730,344,15045.7,3.69,0.2496,4,-0.2007,-0.1504,0.6177,0.2217,0,0
SLR003524,Sports & Fitness,Tier-3 Town,0,730,2303,56658.25,3.71,0.2432,6,-0.4799,-0.0553,0.6831,0.1948,52,1
SLR003525,Home & Kitchen,Tier-1 Metro,535,195,166,33531.01,3.3,0.1831,7,-0.0867,-0.1652,0.5776,0.2073,20,1
SLR003526,Home & Kitchen,Tier-3 Town,295,435,398,9774.32,3.8,0.2068,1,-0.1265,0.044,0.7348,0.1719,30,0
SLR003527,Grocery,Tier-1 Metro,581,149,243,18029.45,4.48,0.0865,5,0.0701,0.0224,0.6698,0.1109,36,0
SLR003528,Home & Kitchen,Tier-2 City,0,730,659,20725.5,3.23,0.2484,11,-0.11,-0.2468,0.4658,0.2706,132,1
SLR003529,Grocery,Tier-2 City,210,520,843,51794.18,4.0,0.1331,7,0.0942,0.0143,0.4439,0.2583,60,1
SLR003530,Grocery,Tier-1 Metro,619,111,317,94916.66,3.46,0.1266,10,-0.0822,-0.1009,0.5128,0.2492,0,0
SLR003531,Sports & Fitness,Tier-2 City,534,196,530,112672.11,3.48,0.1864,5,0.2717,0.1549,0.8672,0.1908,18,0
SLR003532,Grocery,Tier-2 City,663,67,110,39629.39,3.94,0.1655,11,-0.0435,-0.0735,0.7075,0.2589,28,1
SLR003533,Electronics,Tier-1 Metro,451,279,279,26634.3,3.95,0.1689,11,-0.27,-0.1555,0.7043,0.151,14,0
SLR003534,Beauty & Personal Care,Tier-2 City,542,188,240,39483.31,3.33,0.2236,12,-0.5246,-0.2876,0.2694,0.2668,5,1
SLR003535,Electronics,Tier-1 Metro,311,419,311,16368.8,2.98,0.1744,5,-0.6398,-0.1357,0.5666,0.2147,12,1
SLR003536,Grocery,Tier-1 Metro,267,463,1149,38552.03,3.76,0.1362,8,-0.4671,0.0436,0.3701,0.1366,6,0
SLR003537,Mobiles & Accessories,Tier-2 City,0,730,3510,99332.1,3.91,0.2472,6,-0.3952,0.023,0.6531,0.1685,13,0
SLR003538,Grocery,Tier-3 Town,338,392,321,14170.23,4.18,0.2143,15,-0.2512,-0.1975,0.3858,0.3116,40,1
SLR003539,Toys & Baby,Tier-3 Town,638,92,225,49268.0,3.68,0.2447,10,-0.2312,-0.2585,0.6749,0.3153,28,1
SLR003540,Toys & Baby,Tier-3 Town,363,367,145,14888.56,3.38,0.2708,13,-0.5968,-0.4313,0.4177,0.3559,87,1
SLR003541,Mobiles & Accessories,Tier-2 City,110,620,3043,203947.49,4.97,0.1772,3,0.1142,-0.2,0.831,0.0811,14,0
SLR003542,Toys & Baby,Tier-1 Metro,541,189,979,184274.99,3.89,0.1037,6,-0.2674,0.0558,0.8476,0.1615,5,0
SLR003543,Beauty & Personal Care,Tier-1 Metro,464,266,210,29738.46,3.87,0.1214,8,-0.5252,0.3275,0.6533,0.142,22,1
SLR003544,Sports & Fitness,Tier-1 Metro,575,155,212,45984.4,3.14,0.1778,4,-0.1925,-0.1672,0.5747,0.2412,15,0
SLR003545,Fashion,Tier-1 Metro,466,264,622,27556.17,3.5,0.2935,12,-0.5522,-0.1786,0.5598,0.2085,28,1
SLR003546,Beauty & Personal Care,Tier-1 Metro,484,246,334,43239.91,3.61,0.176,10,-0.6225,-0.386,0.6612,0.161,68,1
SLR003547,Grocery,Tier-1 Metro,393,337,182,16414.35,3.6,0.0847,3,-0.0645,0.217,0.4421,0.161,2,0
SLR003548,Sports & Fitness,Tier-1 Metro,151,579,2534,90062.2,4.09,0.0948,3,0.5992,0.2814,0.7237,0.18,19,1
SLR003549,Fashion,Tier-1 Metro,417,313,410,32162.6,3.58,0.2762,8,0.1781,-0.0613,0.5851,0.1128,29,1
SLR003550,Sports & Fitness,Tier-3 Town,21,709,1668,63480.86,3.52,0.2185,5,-0.0067,0.0082,0.511,0.2216,1,0
SLR003551,Toys & Baby,Tier-1 Metro,375,355,581,60626.59,4.47,0.1126,2,0.139,-0.0837,0.6086,0.0587,31,0
SLR003552,Home & Kitchen,Tier-1 Metro,412,318,134,4842.9,4.27,0.1475,5,0.0759,0.2947,0.6694,0.0811,24,1
SLR003553,Grocery,Tier-2 City,261,469,513,37180.37,4.45,0.1513,7,-0.0307,-0.037,0.5433,0.2968,14,0
SLR003554,Sports & Fitness,Tier-3 Town,219,511,707,31799.12,4.0,0.2387,7,0.0465,-0.1572,0.6969,0.1914,0,0
SLR003555,Home & Kitchen,Tier-1 Metro,615,115,102,33063.11,2.88,0.1473,9,-0.0947,0.1617,0.2743,0.1218,16,0
SLR003556,Home & Kitchen,Tier-2 City,595,135,91,13053.32,3.89,0.1519,6,-0.3432,0.0282,1.0,0.1993,13,0
SLR003557,Fashion,Tier-2 City,274,456,328,15236.69,3.65,0.3094,9,-0.0904,-0.3861,0.716,0.1725,5,1
SLR003558,Home & Kitchen,Tier-1 Metro,39,691,1434,35824.41,3.89,0.1666,9,-0.1757,-0.1133,0.416,0.1688,24,0
SLR003559,Grocery,Tier-3 Town,586,144,100,28169.05,3.72,0.2094,10,-0.5191,-0.2525,0.6765,0.1817,5,1
SLR003560,Electronics,Tier-2 City,396,334,106,5592.35,3.56,0.2173,4,0.4828,0.2077,0.6381,0.17,13,0
SLR003561,Fashion,Tier-2 City,544,186,427,81424.35,3.67,0.3184,8,0.1123,-0.288,0.7396,0.1658,42,1
SLR003562,Mobiles & Accessories,Tier-1 Metro,520,210,59,3768.9,3.85,0.1929,6,0.0063,-0.1227,0.3864,0.0617,0,0
SLR003563,Sports & Fitness,Tier-3 Town,68,662,1345,25386.14,3.33,0.2517,5,-0.2105,-0.1178,0.6868,0.3103,56,1
SLR003564,Home & Kitchen,Tier-1 Metro,254,476,580,30291.47,2.71,0.2332,9,-0.3252,-0.1597,0.7783,0.2553,0,0
SLR003565,Toys & Baby,Tier-2 City,275,455,754,59713.81,3.39,0.2066,9,-0.1769,-0.2317,0.2428,0.2164,43,1
SLR003566,Electronics,Tier-1 Metro,272,458,281,12619.55,4.35,0.1847,8,-0.1423,0.0484,0.4844,0.1365,39,0
SLR003567,Electronics,Tier-1 Metro,251,479,568,40159.58,3.34,0.1594,6,-0.2457,0.0447,0.3384,0.2225,43,1
SLR003568,Beauty & Personal Care,Tier-3 Town,391,339,156,15071.21,3.81,0.2554,9,0.0906,0.0119,0.4763,0.2288,12,0
SLR003569,Electronics,Tier-1 Metro,186,544,1060,60767.84,3.48,0.1817,3,0.1296,0.3596,0.6684,0.2105,0,0
SLR003570,Fashion,Tier-1 Metro,508,222,666,95185.82,3.64,0.293,15,-0.1639,0.0356,0.5681,0.1334,50,1
SLR003571,Sports & Fitness,Tier-2 City,536,194,207,11633.57,4.15,0.2103,9,-0.2963,-0.1166,0.5054,0.2015,9,0
SLR003572,Toys & Baby,Tier-1 Metro,482,248,177,15692.46,3.73,0.1367,7,-0.3212,-0.0532,0.8184,0.1688,0,0
SLR003573,Electronics,Tier-1 Metro,558,172,356,57928.39,3.68,0.1876,9,-0.8261,-0.4822,0.374,0.3551,91,1
SLR003574,Mobiles & Accessories,Tier-3 Town,608,122,250,82193.15,2.53,0.3747,15,-0.0089,0.1138,0.4578,0.3378,35,1
SLR003575,Mobiles & Accessories,Tier-1 Metro,77,653,462,27117.39,3.75,0.1857,9,-0.1283,-0.289,0.6655,0.2325,50,1
SLR003576,Sports & Fitness,Tier-2 City,534,196,274,19695.42,3.95,0.1866,10,-0.3001,-0.2041,0.5241,0.1999,0,0
SLR003577,Toys & Baby,Tier-2 City,562,168,80,17070.96,4.1,0.2041,6,-0.0603,-0.2021,0.3373,0.2249,3,0
SLR003578,Toys & Baby,Tier-1 Metro,250,480,1332,63391.48,4.66,0.1049,6,-0.0309,0.1785,0.7966,0.0385,14,0
SLR003579,Toys & Baby,Tier-3 Town,620,110,148,26695.15,4.0,0.2442,4,-0.1975,0.1407,0.478,0.1908,18,1
SLR003580,Grocery,Tier-1 Metro,165,565,872,32117.08,3.48,0.1282,15,-0.51,0.0712,0.5627,0.2413,44,1
SLR003581,Beauty & Personal Care,Tier-2 City,490,240,221,38474.06,4.16,0.1591,6,0.3326,0.162,0.7923,0.169,8,0
SLR003582,Sports & Fitness,Tier-2 City,280,450,197,5183.73,3.5,0.2112,10,-0.2244,0.1371,0.3506,0.2667,169,1
SLR003583,Home & Kitchen,Tier-3 Town,543,187,89,12330.33,3.95,0.2376,3,-0.048,-0.0942,0.6811,0.3086,3,0
SLR003584,Mobiles & Accessories,Tier-2 City,616,114,188,36324.96,4.55,0.1913,2,0.1864,0.0196,0.5181,0.0965,4,0
SLR003585,Home & Kitchen,Tier-2 City,477,253,215,15432.12,2.99,0.1949,5,-0.6636,-0.0833,0.5333,0.2149,111,1
SLR003586,Mobiles & Accessories,Tier-2 City,298,432,383,13228.97,4.17,0.264,7,-0.1232,0.1038,0.5131,0.1172,43,1
SLR003587,Mobiles & Accessories,Tier-1 Metro,602,128,130,26892.14,2.66,0.253,12,-0.4103,-0.1413,0.5915,0.3291,49,1
SLR003588,Beauty & Personal Care,Tier-1 Metro,0,730,690,34451.0,3.72,0.1265,3,0.2508,-0.1647,0.6702,0.1777,5,0
SLR003589,Electronics,Tier-3 Town,659,71,44,17669.23,3.71,0.287,10,0.4363,0.188,0.6199,0.2393,22,0
SLR003590,Sports & Fitness,Tier-3 Town,586,144,89,14470.76,4.57,0.1941,5,-0.1557,-0.0811,0.7889,0.1967,16,0
SLR003591,Fashion,Tier-2 City,458,272,396,26801.22,3.57,0.3224,8,-0.1874,-0.3188,0.3928,0.1395,7,0
SLR003592,Electronics,Tier-2 City,535,195,544,112730.25,4.53,0.1565,0,-0.1555,0.2535,0.6666,0.1317,12,0
SLR003593,Home & Kitchen,Tier-1 Metro,440,290,206,16959.68,4.72,0.18,2,0.2485,-0.0323,0.794,0.1862,0,0
SLR003594,Grocery,Tier-2 City,523,207,333,22759.8,4.75,0.122,2,0.3558,0.1591,0.5167,0.0678,3,0
SLR003595,Sports & Fitness,Tier-1 Metro,288,442,870,27321.87,4.19,0.1373,4,-0.4869,0.1235,0.6283,0.1988,16,0
SLR003596,Beauty & Personal Care,Tier-2 City,486,244,400,51136.44,4.35,0.1586,5,0.5154,0.094,0.6759,0.156,11,1
SLR003597,Fashion,Tier-3 Town,420,310,557,67227.81,3.82,0.331,8,0.1773,-0.0403,0.5527,0.1608,32,0
SLR003598,Fashion,Tier-1 Metro,319,411,133,4975.16,3.36,0.2893,4,-0.1388,-0.1841,0.4627,0.2234,136,1
SLR003599,Mobiles & Accessories,Tier-1 Metro,610,120,86,20654.84,3.45,0.2289,5,-0.5143,-0.3189,0.5104,0.1527,23,0
SLR003600,Home & Kitchen,Tier-1 Metro,591,139,164,25746.52,3.98,0.1781,7,-0.3618,-0.1527,0.324,0.2111,40,1
SLR003601,Beauty & Personal Care,Tier-2 City,307,423,493,18537.22,3.59,0.137,4,0.0691,-0.0704,0.492,0.0,5,0
SLR003602,Toys & Baby,Tier-3 Town,455,275,2740,110873.03,4.06,0.2379,6,0.3739,-0.2807,0.7351,0.1446,0,0
SLR003603,Toys & Baby,Tier-1 Metro,537,193,177,28483.04,3.82,0.1217,7,-0.117,0.0987,0.6004,0.1062,5,0
SLR003604,Home & Kitchen,Tier-2 City,666,64,85,31277.84,3.32,0.1465,4,-0.0965,-0.1772,0.6351,0.1925,1,0
SLR003605,Mobiles & Accessories,Tier-1 Metro,0,730,970,54248.57,3.68,0.2321,12,-0.2925,-0.1244,0.469,0.1154,50,1
SLR003606,Electronics,Tier-2 City,301,429,389,11421.26,3.53,0.1957,7,0.0573,-0.2617,0.4844,0.0629,65,1
SLR003607,Electronics,Tier-3 Town,511,219,204,26830.86,3.64,0.2592,11,0.3082,-0.0882,0.9793,0.2324,21,0
SLR003608,Sports & Fitness,Tier-1 Metro,0,730,829,39763.17,4.29,0.096,4,-0.1484,0.1833,0.3723,0.0632,8,0
SLR003609,Grocery,Tier-2 City,350,380,475,31936.53,4.26,0.1275,6,0.5943,-0.1492,0.8892,0.0191,0,0
SLR003610,Mobiles & Accessories,Tier-3 Town,700,30,35,43412.74,4.96,0.2582,3,-0.0928,0.063,0.7199,0.1412,0,0
SLR003611,Electronics,Tier-1 Metro,573,157,106,25801.82,3.96,0.1583,5,-0.1213,0.2074,0.7711,0.1762,0,0
SLR003612,Home & Kitchen,Tier-3 Town,476,254,358,44934.06,3.85,0.267,3,-0.0251,-0.12,0.5036,0.2715,90,1
SLR003613,Beauty & Personal Care,Tier-3 Town,524,206,143,7548.35,3.38,0.2686,13,-0.4832,-0.1679,0.3203,0.2976,44,1
SLR003614,Home & Kitchen,Tier-1 Metro,416,314,1377,166232.02,4.06,0.1149,3,0.4784,0.064,0.7139,0.123,0,0
SLR003615,Electronics,Tier-2 City,334,396,641,45164.52,4.0,0.1941,5,-0.4448,-0.2413,0.7602,0.128,7,1
SLR003616,Grocery,Tier-2 City,0,730,2575,127858.23,3.5,0.1227,5,0.0865,0.0263,0.39,0.1735,14,0
SLR003617,Home & Kitchen,Tier-1 Metro,143,587,660,38672.06,3.98,0.1496,3,0.0063,0.0278,0.5594,0.2251,0,0
SLR003618,Sports & Fitness,Tier-2 City,133,597,803,54470.09,3.67,0.2043,8,-0.4144,-0.4166,0.6788,0.2426,79,1
SLR003619,Toys & Baby,Tier-1 Metro,0,730,1249,21316.88,3.49,0.1473,3,0.2793,0.1375,0.7322,0.1583,0,0
SLR003620,Mobiles & Accessories,Tier-1 Metro,313,417,2536,195617.24,4.09,0.1552,6,0.1362,0.042,0.7688,0.1131,8,0
SLR003621,Grocery,Tier-3 Town,458,272,365,37466.39,3.63,0.2044,3,-0.5379,0.0251,0.693,0.304,109,1
SLR003622,Beauty & Personal Care,Tier-2 City,240,490,720,55806.4,3.48,0.1458,9,-0.0425,-0.2709,0.4367,0.1742,21,0
SLR003623,Beauty & Personal Care,Tier-1 Metro,643,87,98,31834.48,3.84,0.1273,6,-0.1765,-0.2391,0.7033,0.1115,25,0
SLR003624,Electronics,Tier-3 Town,411,319,282,10391.83,4.25,0.2187,3,-0.4037,0.1221,0.6121,0.1346,0,0
SLR003625,Grocery,Tier-1 Metro,638,92,53,15434.01,4.47,0.0616,5,-0.3743,-0.0013,0.5586,0.086,0,0
SLR003626,Beauty & Personal Care,Tier-1 Metro,326,404,962,30752.99,3.08,0.1413,6,-0.1105,-0.2539,0.472,0.2238,16,0
SLR003627,Toys & Baby,Tier-3 Town,646,84,218,104631.87,3.32,0.2349,4,0.0177,-0.2122,0.6428,0.2652,78,1
SLR003628,Home & Kitchen,Tier-3 Town,0,730,1521,55727.45,3.81,0.1931,2,-0.1305,-0.2023,0.9183,0.1565,6,0
SLR003629,Beauty & Personal Care,Tier-1 Metro,181,549,1573,51521.96,4.54,0.0921,3,0.1984,-0.0826,0.7374,0.1058,3,0
SLR003630,Toys & Baby,Tier-3 Town,495,235,261,43929.91,3.04,0.2578,14,-0.6506,-0.1016,0.5095,0.2687,12,1
SLR003631,Electronics,Tier-1 Metro,294,436,306,28168.03,3.18,0.2455,9,-0.8783,-0.1325,0.401,0.3272,5,1
SLR003632,Mobiles & Accessories,Tier-1 Metro,50,680,2204,36146.69,2.86,0.2766,9,-0.2171,-0.2181,0.4997,0.2984,126,1
SLR003633,Mobiles & Accessories,Tier-2 City,540,190,214,31224.63,3.65,0.2118,3,-0.1676,-0.0921,0.7553,0.1202,12,0
SLR003634,Toys & Baby,Tier-1 Metro,502,228,238,42528.09,3.89,0.1597,1,0.1069,0.0627,0.488,0.0179,0,0
SLR003635,Sports & Fitness,Tier-2 City,303,427,1602,46326.7,3.6,0.1898,14,0.3576,0.0911,0.4016,0.2444,0,0
SLR003636,Mobiles & Accessories,Tier-3 Town,0,730,2010,53261.01,2.91,0.2597,9,-0.586,0.0403,0.5509,0.2245,53,1
SLR003637,Electronics,Tier-2 City,542,188,399,29303.92,3.97,0.2447,5,-0.154,-0.3057,0.4086,0.1251,14,1
SLR003638,Beauty & Personal Care,Tier-1 Metro,276,454,397,27740.36,3.43,0.1155,6,-0.1446,-0.095,0.4331,0.1466,45,0
SLR003639,Toys & Baby,Tier-1 Metro,222,508,1476,95318.13,4.39,0.1091,3,-0.0032,0.04,0.9399,0.0792,19,0
SLR003640,Beauty & Personal Care,Tier-1 Metro,663,67,20,11229.14,3.94,0.1345,7,-0.2139,-0.084,0.8787,0.2319,1,0
SLR003641,Grocery,Tier-2 City,277,453,491,26086.27,3.94,0.1461,3,-0.0482,-0.112,0.6378,0.2243,6,0
SLR003642,Sports & Fitness,Tier-3 Town,555,175,512,75545.44,3.66,0.2465,4,-0.2696,-0.1755,0.4245,0.183,54,1
SLR003643,Grocery,Tier-1 Metro,101,629,1200,29786.88,3.67,0.1234,9,0.1464,-0.0128,0.619,0.0882,0,0
SLR003644,Mobiles & Accessories,Tier-2 City,472,258,154,9699.07,3.16,0.2947,8,-0.2015,-0.249,0.3655,0.2242,21,1
SLR003645,Electronics,Tier-3 Town,237,493,831,49589.31,3.01,0.2724,10,-0.1621,-0.2359,0.7675,0.2869,19,0
SLR003646,Beauty & Personal Care,Tier-2 City,416,314,50,6134.37,3.77,0.2506,3,-0.4045,-0.2382,0.3382,0.3357,111,1
SLR003647,Sports & Fitness,Tier-3 Town,622,108,159,58658.42,2.85,0.2386,8,0.4578,0.1857,0.4966,0.2206,45,1
SLR003648,Toys & Baby,Tier-1 Metro,29,701,1024,60564.01,3.91,0.1007,3,0.3048,0.0724,0.4407,0.1547,11,0
SLR003649,Grocery,Tier-2 City,482,248,347,40727.46,2.98,0.1405,11,0.0602,0.2423,0.3156,0.2116,11,0
SLR003650,Home & Kitchen,Tier-3 Town,397,333,825,82955.81,3.99,0.2663,10,0.11,0.0077,0.866,0.2489,5,0
SLR003651,Fashion,Tier-1 Metro,422,308,892,91266.24,3.31,0.2985,11,-0.029,-0.342,0.4513,0.1323,77,1
SLR003652,Mobiles & Accessories,Tier-3 Town,553,177,263,27184.39,3.86,0.2886,7,-0.3853,-0.1585,0.5844,0.3175,19,0
SLR003653,Grocery,Tier-1 Metro,147,583,1130,63097.07,3.72,0.0428,4,0.1568,0.0463,0.9175,0.169,20,1
SLR003654,Home & Kitchen,Tier-1 Metro,490,240,294,22038.06,4.68,0.1511,7,0.0089,0.1076,0.3988,0.1365,52,1
SLR003655,Beauty & Personal Care,Tier-3 Town,243,487,967,21219.76,4.1,0.1944,5,-0.1122,-0.1151,0.6516,0.1397,20,0
SLR003656,Electronics,Tier-1 Metro,648,82,183,55113.99,4.83,0.1648,8,0.0713,-0.0587,0.4174,0.0602,3,0
SLR003657,Fashion,Tier-1 Metro,0,730,486,23524.94,3.62,0.2104,5,-0.1942,0.119,0.9209,0.018,8,0
SLR003658,Beauty & Personal Care,Tier-2 City,447,283,201,17073.49,4.09,0.1625,1,0.0092,-0.037,0.7537,0.0747,0,0
SLR003659,Fashion,Tier-1 Metro,304,426,305,24618.83,3.82,0.2677,5,-0.5796,-0.022,0.6689,0.2187,10,1
SLR003660,Fashion,Tier-1 Metro,140,590,666,32825.11,3.04,0.2335,5,-0.0366,-0.1574,0.7655,0.1139,28,1
SLR003661,Home & Kitchen,Tier-1 Metro,475,255,641,101647.44,3.75,0.1473,9,-0.2264,-0.0424,0.6669,0.181,48,1
SLR003662,Mobiles & Accessories,Tier-2 City,62,668,369,19735.08,2.65,0.2917,12,-0.1649,-0.5284,0.8435,0.1985,0,0
SLR003663,Home & Kitchen,Tier-3 Town,639,91,100,44387.65,2.66,0.2746,13,0.1923,-0.2724,0.5111,0.3964,54,1
SLR003664,Home & Kitchen,Tier-2 City,642,88,95,15702.14,3.01,0.1786,11,-0.2927,-0.0923,0.543,0.1696,32,0
SLR003665,Fashion,Tier-2 City,407,323,750,36204.78,3.4,0.3382,6,-0.2747,-0.3355,0.8629,0.2642,45,0
SLR003666,Fashion,Tier-2 City,0,730,641,12880.76,3.25,0.3845,9,-0.3762,-0.2457,0.5641,0.2833,0,0
SLR003667,Beauty & Personal Care,Tier-1 Metro,434,296,95,6423.2,4.39,0.0822,2,-0.1692,-0.0109,0.555,0.0,22,0
SLR003668,Electronics,Tier-2 City,0,730,1014,23627.3,3.67,0.189,10,-0.0574,-0.0177,0.5301,0.2078,99,1
SLR003669,Grocery,Tier-2 City,726,4,3,1551.73,2.77,0.1446,7,-0.4271,-0.0914,0.5591,0.1576,2,0
SLR003670,Toys & Baby,Tier-3 Town,367,363,784,24697.97,4.49,0.2212,5,0.1841,-0.0503,0.8029,0.1794,17,0
SLR003671,Electronics,Tier-1 Metro,652,78,86,27857.49,3.46,0.188,8,0.0136,-0.0287,0.6629,0.175,2,0
SLR003672,Toys & Baby,Tier-3 Town,421,309,506,30118.37,3.84,0.2644,10,-0.1624,-0.1822,0.7612,0.2542,26,0
SLR003673,Fashion,Tier-2 City,0,730,3716,114690.28,3.69,0.3211,11,-0.021,-0.0322,0.6983,0.2495,14,1
SLR003674,Sports & Fitness,Tier-1 Metro,548,182,532,38822.24,3.3,0.1542,6,-0.089,-0.2068,0.3939,0.1931,18,0
SLR003675,Toys & Baby,Tier-1 Metro,308,422,122,9944.61,3.86,0.1421,5,0.0402,-0.1669,0.6279,0.1961,4,0
SLR003676,Sports & Fitness,Tier-1 Metro,0,730,250,5147.59,4.26,0.1019,3,-0.1469,0.0275,0.8467,0.1736,17,0
SLR003677,Home & Kitchen,Tier-1 Metro,576,154,171,42529.73,3.82,0.1418,6,-0.1159,0.058,0.6636,0.1918,74,1
SLR003678,Grocery,Tier-2 City,514,216,97,5430.23,2.72,0.2138,14,-0.0238,-0.1039,0.4536,0.1755,34,1
SLR003679,Electronics,Tier-2 City,518,212,201,15088.5,3.95,0.2522,11,0.0917,-0.0516,0.5972,0.1596,58,1
SLR003680,Beauty & Personal Care,Tier-2 City,349,381,332,32710.75,3.92,0.1802,5,-0.8214,-0.1535,0.6229,0.0889,9,0
SLR003681,Electronics,Tier-1 Metro,57,673,1556,42293.39,3.17,0.1566,5,0.0868,-0.2242,0.7693,0.1062,0,0
SLR003682,Electronics,Tier-1 Metro,281,449,489,35700.32,3.35,0.1858,4,-0.0594,0.0155,0.5639,0.1338,13,0
SLR003683,Sports & Fitness,Tier-1 Metro,0,730,1149,40139.53,4.24,0.1269,2,0.361,0.0072,0.6409,0.1987,80,1
SLR003684,Home & Kitchen,Tier-1 Metro,434,296,867,81205.75,3.34,0.2268,10,-0.4574,-0.2199,0.6727,0.1442,55,1
SLR003685,Toys & Baby,Tier-1 Metro,595,135,246,52254.53,4.08,0.1749,5,-0.2028,-0.0572,0.6089,0.1711,46,1
SLR003686,Mobiles & Accessories,Tier-2 City,103,627,438,9962.23,3.75,0.2166,5,-0.2918,0.0757,0.7716,0.1384,20,0
SLR003687,Sports & Fitness,Tier-2 City,500,230,131,7748.91,4.69,0.1498,4,0.652,-0.0754,0.6646,0.2182,17,0
SLR003688,Sports & Fitness,Tier-2 City,580,150,583,120097.61,3.66,0.1931,4,0.0211,-0.0191,0.806,0.1845,61,1
SLR003689,Grocery,Tier-2 City,626,104,60,19843.7,4.44,0.0963,7,0.0533,-0.0569,0.3714,0.1667,26,0
SLR003690,Mobiles & Accessories,Tier-1 Metro,432,298,2115,163895.63,4.34,0.1536,1,0.4679,0.0306,1.0,0.1407,7,0
SLR003691,Grocery,Tier-1 Metro,484,246,528,75322.81,3.51,0.0839,4,-0.2956,-0.047,0.5893,0.1544,12,0
SLR003692,Toys & Baby,Tier-1 Metro,515,215,107,18469.19,3.7,0.1954,13,-0.0299,0.1089,0.3451,0.1664,22,0
SLR003693,Fashion,Tier-1 Metro,0,730,283,10524.95,3.09,0.3203,12,-0.7583,-0.3071,0.1111,0.2521,31,1
SLR003694,Grocery,Tier-1 Metro,666,64,317,108074.46,4.43,0.0491,2,0.246,0.3191,0.564,0.0,0,0
SLR003695,Electronics,Tier-2 City,654,76,232,56520.35,3.94,0.1974,4,-0.4941,0.0382,0.3165,0.2031,7,0
SLR003696,Sports & Fitness,Tier-2 City,144,586,1987,76937.81,4.54,0.1732,2,-0.2783,-0.11,0.6618,0.1141,1,0
SLR003697,Mobiles & Accessories,Tier-1 Metro,0,730,731,26738.9,4.75,0.1403,6,0.3292,0.2443,0.9534,0.0991,0,0
SLR003698,Sports & Fitness,Tier-2 City,111,619,342,18041.77,3.75,0.192,12,-0.1566,0.0215,0.6077,0.1329,69,1
SLR003699,Mobiles & Accessories,Tier-1 Metro,551,179,23,4471.35,3.79,0.2215,5,-0.0748,0.0212,0.7248,0.1891,40,1
SLR003700,Sports & Fitness,Tier-1 Metro,564,166,296,27771.82,3.61,0.1747,6,-0.5566,-0.1651,0.6061,0.2757,15,1
SLR003701,Sports & Fitness,Tier-1 Metro,447,283,168,24634.42,3.31,0.17,7,0.3906,-0.1724,0.5007,0.0992,17,0
SLR003702,Toys & Baby,Tier-3 Town,618,112,261,67700.26,2.81,0.2699,18,-0.3423,-0.3561,0.6974,0.2785,13,1
SLR003703,Sports & Fitness,Tier-1 Metro,659,71,26,11430.67,3.92,0.1281,5,-0.1663,-0.0186,0.5617,0.1227,1,0
SLR003704,Sports & Fitness,Tier-3 Town,615,115,44,7497.77,3.37,0.2091,9,-0.1183,0.2505,0.4408,0.1598,4,0
SLR003705,Mobiles & Accessories,Tier-2 City,340,390,825,66919.22,4.33,0.1806,3,-0.0905,0.0114,0.6916,0.1453,15,0
SLR003706,Sports & Fitness,Tier-2 City,63,667,740,26810.54,3.81,0.2006,5,0.0043,0.0157,0.8078,0.1372,3,0
SLR003707,Sports & Fitness,Tier-1 Metro,202,528,528,13635.45,3.09,0.1652,8,-0.3112,-0.2199,0.2911,0.1631,8,0
SLR003708,Mobiles & Accessories,Tier-2 City,0,730,139,6208.49,3.6,0.2411,7,0.2054,-0.383,0.5754,0.1596,42,1
SLR003709,Toys & Baby,Tier-1 Metro,477,253,384,63607.93,3.73,0.1306,8,-0.0741,-0.2653,0.5334,0.1496,8,0
SLR003710,Fashion,Tier-1 Metro,302,428,71,4898.2,3.8,0.2785,4,-0.412,-0.2512,0.4339,0.2105,21,0
SLR003711,Sports & Fitness,Tier-1 Metro,674,56,81,60737.05,4.38,0.1116,2,0.4543,-0.0423,0.754,0.0484,36,1
SLR003712,Fashion,Tier-1 Metro,560,170,219,35360.09,2.99,0.2858,7,-0.1844,0.0243,0.4913,0.2472,14,1
SLR003713,Grocery,Tier-2 City,587,143,260,47465.59,4.4,0.1347,7,-0.012,-0.2924,0.7764,0.1252,2,0
SLR003714,Sports & Fitness,Tier-2 City,370,360,285,31623.89,3.89,0.1581,5,-0.3571,-0.2035,0.5652,0.2176,7,0
SLR003715,Grocery,Tier-2 City,545,185,604,137098.95,3.67,0.1535,5,-0.0377,0.151,0.828,0.1458,6,0
SLR003716,Fashion,Tier-3 Town,271,459,311,24993.69,4.28,0.3533,9,-0.12,-0.0108,0.9326,0.1676,7,0
SLR003717,Sports & Fitness,Tier-1 Metro,477,253,556,63002.32,3.82,0.1714,6,-0.0391,0.025,0.7083,0.1135,3,0
SLR003718,Sports & Fitness,Tier-2 City,114,616,1392,50046.26,3.76,0.1609,7,-0.1461,-0.1027,0.8465,0.1867,0,0
SLR003719,Mobiles & Accessories,Tier-1 Metro,560,170,107,20916.7,4.25,0.1372,5,0.0614,-0.2594,0.4991,0.0805,12,0
SLR003720,Mobiles & Accessories,Tier-2 City,361,369,584,43634.68,3.62,0.2441,3,-0.6283,0.0013,0.6579,0.212,60,1
SLR003721,Sports & Fitness,Tier-1 Metro,366,364,105,7597.77,4.47,0.0922,4,0.213,0.282,0.5402,0.0491,8,0
SLR003722,Toys & Baby,Tier-1 Metro,108,622,682,45626.37,3.38,0.1861,6,0.1214,-0.1059,0.764,0.1603,17,0
SLR003723,Home & Kitchen,Tier-2 City,525,205,711,63028.28,3.95,0.177,7,0.0648,0.1506,0.7631,0.148,0,0
SLR003724,Toys & Baby,Tier-2 City,0,730,117,2639.83,2.82,0.2148,4,0.2263,-0.3857,0.6476,0.2376,2,0
SLR003725,Toys & Baby,Tier-2 City,240,490,724,32871.51,3.86,0.1816,9,-0.3845,-0.2734,0.2032,0.2052,70,1
SLR003726,Home & Kitchen,Tier-2 City,191,539,737,37355.26,4.14,0.1597,3,0.0179,0.0299,0.9249,0.0,13,0
SLR003727,Grocery,Tier-3 Town,515,215,569,31538.96,3.66,0.218,9,-0.0748,0.0525,0.5016,0.2998,87,1
SLR003728,Mobiles & Accessories,Tier-1 Metro,396,334,379,32690.52,3.26,0.2206,9,-0.0172,0.1672,0.4396,0.1115,0,0
SLR003729,Beauty & Personal Care,Tier-2 City,284,446,1419,33869.49,4.68,0.1168,3,-0.0372,0.1885,0.8803,0.1245,4,0
SLR003730,Sports & Fitness,Tier-1 Metro,336,394,188,11456.9,4.51,0.1138,3,0.0592,-0.0659,0.6801,0.0891,0,0
SLR003731,Beauty & Personal Care,Tier-2 City,447,283,375,47106.41,4.59,0.1467,4,-0.0767,0.0097,0.9631,0.1444,22,0
SLR003732,Grocery,Tier-1 Metro,239,491,334,17389.26,3.38,0.1317,4,-0.4423,0.0213,0.6763,0.1713,21,1
SLR003733,Home & Kitchen,Tier-2 City,565,165,575,82031.51,3.58,0.1748,4,-0.229,0.157,0.8826,0.1312,7,0
SLR003734,Mobiles & Accessories,Tier-1 Metro,0,730,1080,53461.17,3.9,0.2108,5,-0.612,-0.0591,0.6566,0.2186,0,0
SLR003735,Beauty & Personal Care,Tier-2 City,516,214,666,113241.71,4.1,0.1229,2,0.0909,0.1737,0.7458,0.0785,1,0
SLR003736,Home & Kitchen,Tier-1 Metro,567,163,132,8721.41,3.86,0.1511,4,-0.3286,-0.0131,0.5845,0.097,4,0
SLR003737,Electronics,Tier-2 City,189,541,387,16947.95,3.72,0.1969,7,0.109,0.2173,0.7578,0.1152,0,0
SLR003738,Mobiles & Accessories,Tier-2 City,0,730,1667,63203.52,3.96,0.2326,6,-0.2084,0.122,0.515,0.1227,19,0
SLR003739,Home & Kitchen,Tier-2 City,0,730,441,7354.24,3.74,0.2265,6,-0.3998,-0.1261,0.6579,0.258,19,0
SLR003740,Electronics,Tier-1 Metro,611,119,190,50209.24,4.24,0.175,7,-0.0622,-0.0057,0.6469,0.171,2,0
SLR003741,Fashion,Tier-1 Metro,86,644,1064,28773.93,3.27,0.3203,16,-0.2039,-0.4002,0.7872,0.1713,107,1
SLR003742,Grocery,Tier-1 Metro,489,241,164,9205.42,4.6,0.0697,1,0.3304,0.5392,0.8006,0.0759,13,0
SLR003743,Sports & Fitness,Tier-1 Metro,381,349,311,12365.35,3.02,0.1442,11,0.0096,-0.1247,0.8412,0.1985,5,1
SLR003744,Sports & Fitness,Tier-1 Metro,549,181,249,55607.33,3.68,0.1201,4,-0.2044,0.0643,0.5466,0.0892,17,0
SLR003745,Grocery,Tier-1 Metro,556,174,256,35972.2,4.3,0.0744,7,0.1669,-0.1227,0.8657,0.1237,2,0
SLR003746,Beauty & Personal Care,Tier-1 Metro,493,237,114,14748.54,4.74,0.1084,9,0.3317,-0.0141,0.6862,0.0923,6,0
SLR003747,Beauty & Personal Care,Tier-3 Town,452,278,465,46730.79,3.11,0.2495,5,0.0453,-0.3376,0.6216,0.2286,0,0
SLR003748,Toys & Baby,Tier-1 Metro,467,263,527,63016.02,3.85,0.1595,4,0.1674,0.0079,0.766,0.1595,3,0
SLR003749,Sports & Fitness,Tier-1 Metro,410,320,263,9578.48,3.38,0.146,6,-0.0173,-0.1006,0.7927,0.0759,20,0
SLR003750,Electronics,Tier-3 Town,270,460,522,45279.58,3.59,0.3198,8,-0.637,-0.1649,0.55,0.2413,4,0
SLR003751,Sports & Fitness,Tier-2 City,0,730,968,32992.38,3.0,0.1875,13,-0.3152,-0.0042,0.4729,0.216,34,0
SLR003752,Fashion,Tier-3 Town,462,268,200,24003.86,3.31,0.3948,10,-0.4722,0.082,0.7741,0.2815,83,1
SLR003753,Fashion,Tier-3 Town,387,343,418,22048.5,3.92,0.3718,10,-0.151,-0.1083,0.4233,0.3639,12,0
SLR003754,Electronics,Tier-1 Metro,245,485,397,19305.51,3.7,0.1792,2,-0.1017,-0.0211,0.6784,0.1774,22,0
SLR003755,Sports & Fitness,Tier-1 Metro,624,106,477,83796.44,3.37,0.1815,10,-0.5472,-0.1377,0.7473,0.2372,56,1
SLR003756,Electronics,Tier-1 Metro,287,443,503,16564.75,2.71,0.192,9,0.1595,-0.0399,0.6647,0.1429,7,0
SLR003757,Electronics,Tier-2 City,0,730,519,14288.9,3.85,0.203,10,0.031,0.0796,0.656,0.1675,7,0
SLR003758,Beauty & Personal Care,Tier-1 Metro,456,274,234,21389.3,3.21,0.1478,5,-0.1069,0.2339,0.38,0.1468,5,1
SLR003759,Fashion,Tier-1 Metro,604,126,151,16797.73,3.13,0.3062,10,-0.492,-0.5694,0.4889,0.2642,46,1
SLR003760,Grocery,Tier-3 Town,677,53,238,143221.07,4.31,0.1964,5,0.1151,-0.0924,0.6118,0.0807,45,0
SLR003761,Sports & Fitness,Tier-1 Metro,118,612,454,23183.05,4.13,0.137,2,-0.234,0.3423,0.6918,0.1206,104,1
SLR003762,Electronics,Tier-1 Metro,480,250,581,77761.4,3.94,0.1934,11,-0.1955,-0.1681,0.515,0.0504,20,1
SLR003763,Home & Kitchen,Tier-1 Metro,391,339,354,40053.86,4.32,0.1286,5,-0.0047,-0.058,0.798,0.0784,25,0
SLR003764,Electronics,Tier-3 Town,425,305,474,59908.66,3.98,0.2738,11,-0.1073,-0.2356,0.7363,0.1265,9,0
SLR003765,Fashion,Tier-1 Metro,586,144,191,31523.45,4.01,0.2592,8,-0.1467,-0.2446,0.4745,0.1225,4,0
SLR003766,Electronics,Tier-1 Metro,392,338,1089,42298.48,4.1,0.1391,1,-0.3142,-0.0187,0.5227,0.0734,24,0
SLR003767,Electronics,Tier-2 City,446,284,567,45429.61,3.52,0.2145,7,-0.4335,-0.0476,0.7152,0.192,55,1
SLR003768,Fashion,Tier-2 City,229,501,352,22537.98,2.76,0.3005,7,-0.4279,-0.0129,0.584,0.2581,7,0
SLR003769,Home & Kitchen,Tier-1 Metro,269,461,1393,41554.95,3.51,0.1591,7,-0.1603,-0.3225,0.7934,0.1331,12,0
SLR003770,Mobiles & Accessories,Tier-2 City,559,171,552,37557.86,3.34,0.243,4,0.3266,-0.1217,0.867,0.0917,11,0
SLR003771,Toys & Baby,Tier-1 Metro,168,562,611,20691.93,4.43,0.13,4,-0.2475,-0.0804,0.5237,0.1298,6,0
SLR003772,Toys & Baby,Tier-3 Town,502,228,844,51291.97,3.98,0.2484,8,0.4171,0.0413,0.3706,0.3305,54,1
SLR003773,Mobiles & Accessories,Tier-1 Metro,353,377,220,15484.82,4.28,0.1573,6,-0.337,-0.0756,0.7049,0.1406,22,1
SLR003774,Electronics,Tier-1 Metro,630,100,94,35946.92,3.59,0.1279,6,-0.357,-0.0375,0.4169,0.0123,5,1
SLR003775,Grocery,Tier-1 Metro,489,241,133,16518.44,3.41,0.1332,5,-0.4194,-0.1445,0.702,0.2982,45,1
SLR003776,Mobiles & Accessories,Tier-1 Metro,0,730,1985,72777.92,3.23,0.2684,10,-0.4136,-0.6645,0.1867,0.2569,8,1
SLR003777,Toys & Baby,Tier-1 Metro,521,209,131,17111.38,3.46,0.1449,7,-0.3724,0.0617,0.7764,0.1773,48,1
SLR003778,Home & Kitchen,Tier-1 Metro,223,507,424,19950.65,4.53,0.1385,3,-0.0972,-0.0872,0.75,0.1408,4,0
SLR003779,Fashion,Tier-2 City,294,436,1772,158406.8,4.19,0.2531,6,0.1464,0.0367,0.7813,0.1363,28,0
SLR003780,Mobiles & Accessories,Tier-1 Metro,380,350,350,40251.85,4.37,0.2237,10,0.5523,-0.3098,0.482,0.1565,6,0
SLR003781,Electronics,Tier-1 Metro,218,512,668,52909.26,3.82,0.2131,6,-0.3583,-0.3283,0.721,0.0936,39,1
SLR003782,Toys & Baby,Tier-2 City,433,297,810,79328.91,3.06,0.2189,9,-0.3151,-0.4508,0.7032,0.1924,22,1
SLR003783,Grocery,Tier-2 City,0,730,3023,56164.69,2.98,0.1749,3,-0.2407,0.0099,0.2326,0.1168,0,0
SLR003784,Beauty & Personal Care,Tier-2 City,500,230,1341,189887.93,4.06,0.1358,3,0.344,0.155,1.0,0.1708,16,0
SLR003785,Toys & Baby,Tier-2 City,476,254,771,47797.45,3.59,0.2042,5,0.0851,-0.1004,0.7156,0.1431,0,0
SLR003786,Fashion,Tier-2 City,513,217,456,82277.95,3.12,0.2816,8,-0.105,-0.0634,0.396,0.1375,9,1
SLR003787,Electronics,Tier-3 Town,527,203,83,9697.43,4.54,0.2699,3,0.184,0.295,0.4967,0.2415,5,0
SLR003788,Sports & Fitness,Tier-1 Metro,383,347,837,42668.51,4.75,0.0781,3,0.2517,0.0734,0.8765,0.1093,0,0
SLR003789,Electronics,Tier-1 Metro,509,221,762,120473.06,3.39,0.1907,6,0.1255,0.0897,0.4121,0.0579,0,0
SLR003790,Beauty & Personal Care,Tier-1 Metro,180,550,1427,78426.09,4.06,0.0876,2,0.0156,0.1377,0.961,0.0441,36,0
SLR003791,Fashion,Tier-1 Metro,370,360,41,3165.19,2.62,0.3247,12,-1.0,-0.4043,0.6275,0.1619,52,1
SLR003792,Grocery,Tier-3 Town,410,320,346,27129.49,3.52,0.2082,4,-0.3062,-0.269,0.7769,0.2835,0,0
SLR003793,Electronics,Tier-1 Metro,359,371,439,37336.2,3.4,0.1667,9,-0.0377,-0.117,0.6579,0.1984,79,1
SLR003794,Beauty & Personal Care,Tier-2 City,289,441,616,17166.37,4.11,0.1508,4,0.0844,-0.1148,0.4095,0.209,47,1
SLR003795,Sports & Fitness,Tier-2 City,333,397,688,70385.02,3.84,0.1843,6,-0.3504,0.2127,0.7257,0.1289,45,0
SLR003796,Toys & Baby,Tier-1 Metro,458,272,75,7694.14,3.28,0.1795,6,-0.3619,-0.3416,0.2465,0.2632,50,1
SLR003797,Home & Kitchen,Tier-3 Town,534,196,269,47732.03,2.82,0.2832,7,-0.5393,-0.2707,0.5627,0.3194,16,1
SLR003798,Sports & Fitness,Tier-1 Metro,281,449,2050,175924.15,3.88,0.0937,0,0.0557,0.137,0.7715,0.0598,8,0
SLR003799,Grocery,Tier-1 Metro,678,52,51,24348.14,4.48,0.0666,3,-0.1157,-0.0655,0.4434,0.052,9,0
SLR003800,Electronics,Tier-2 City,487,243,208,22554.19,3.64,0.2001,7,0.1138,-0.352,0.759,0.1537,8,0
SLR003801,Fashion,Tier-3 Town,503,227,562,63580.44,2.85,0.365,10,-0.4944,-0.3188,0.6546,0.2851,105,1
SLR003802,Fashion,Tier-3 Town,571,159,337,57890.79,3.19,0.3857,13,-0.0149,0.1315,0.7006,0.1611,6,0
SLR003803,Home & Kitchen,Tier-1 Metro,315,415,265,10621.83,3.94,0.1859,4,-0.2818,-0.0237,0.6717,0.1804,11,0
SLR003804,Fashion,Tier-2 City,589,141,28,4912.57,3.7,0.3078,9,0.2771,-0.0333,0.6406,0.1125,5,0
SLR003805,Fashion,Tier-2 City,459,271,95,14181.88,3.55,0.2842,8,-0.0909,-0.2253,0.5379,0.2764,26,1
SLR003806,Electronics,Tier-1 Metro,27,703,3877,207135.09,4.85,0.0954,2,0.3107,0.2211,0.7313,0.0236,8,0
SLR003807,Grocery,Tier-1 Metro,549,181,570,91791.95,3.74,0.1373,8,0.1131,-0.2097,0.6341,0.1755,5,1
SLR003808,Sports & Fitness,Tier-2 City,530,200,209,16349.3,3.86,0.21,6,-0.0429,-0.0792,0.5123,0.2568,37,1
SLR003809,Grocery,Tier-1 Metro,525,205,1396,149213.79,4.9,0.0746,4,-0.0382,-0.0688,0.4772,0.0312,28,0
SLR003810,Toys & Baby,Tier-2 City,0,730,3742,74777.45,4.53,0.1407,3,0.7174,0.2427,0.4584,0.1291,45,0
SLR003811,Electronics,Tier-1 Metro,0,730,506,28400.01,4.11,0.148,5,0.2562,-0.2451,0.6004,0.1438,7,0
SLR003812,Mobiles & Accessories,Tier-2 City,455,275,707,104999.21,3.17,0.252,9,-0.6498,-0.164,0.5735,0.2379,33,1
SLR003813,Beauty & Personal Care,Tier-1 Metro,387,343,109,5027.18,3.69,0.147,6,0.1295,-0.1108,0.5067,0.1128,12,0
SLR003814,Fashion,Tier-1 Metro,537,193,227,28967.45,3.54,0.294,13,-0.1492,-0.1463,0.6646,0.1397,0,0
SLR003815,Grocery,Tier-2 City,141,589,630,29198.14,3.91,0.1322,6,0.0348,0.231,0.6278,0.1763,121,1
SLR003816,Fashion,Tier-3 Town,368,362,352,40717.77,2.78,0.4048,13,-0.5456,-0.6553,0.1918,0.3336,43,1
SLR003817,Beauty & Personal Care,Tier-1 Metro,490,240,342,29223.4,3.17,0.1715,12,0.0729,-0.1562,0.8024,0.1693,19,0
SLR003818,Fashion,Tier-3 Town,563,167,221,17831.55,3.29,0.3312,7,-0.1458,0.0073,0.9389,0.197,1,0
SLR003819,Mobiles & Accessories,Tier-1 Metro,625,105,136,39263.5,4.21,0.1518,3,0.5669,-0.0607,0.8372,0.1101,5,0
SLR003820,Mobiles & Accessories,Tier-3 Town,302,428,230,10782.55,3.69,0.2774,12,-0.0457,-0.423,0.5796,0.1995,0,0
SLR003821,Home & Kitchen,Tier-3 Town,670,60,119,46782.28,2.57,0.2582,6,-0.1491,-0.082,0.5099,0.1947,60,1
SLR003822,Home & Kitchen,Tier-2 City,584,146,273,48163.36,4.13,0.2079,9,0.4678,0.1626,0.7205,0.1858,0,0
SLR003823,Grocery,Tier-1 Metro,487,243,203,19587.08,4.05,0.1034,5,-0.063,0.0401,0.789,0.0748,11,0
SLR003824,Grocery,Tier-2 City,441,289,232,12337.83,3.21,0.158,19,-0.0028,-0.1839,0.5222,0.2561,81,1
SLR003825,Sports & Fitness,Tier-2 City,95,635,2066,78663.4,3.47,0.1893,9,0.0854,-0.3534,0.4295,0.1769,5,1
SLR003826,Electronics,Tier-3 Town,468,262,507,67279.09,3.71,0.3062,10,-0.1716,-0.1312,0.3558,0.3338,39,1
SLR003827,Home & Kitchen,Tier-3 Town,593,137,133,15923.8,3.45,0.2475,10,0.1896,-0.0598,0.673,0.2478,0,0
SLR003828,Electronics,Tier-2 City,255,475,442,30007.73,4.14,0.1794,3,0.0052,-0.145,0.5461,0.1274,0,0
SLR003829,Grocery,Tier-1 Metro,0,730,1315,39790.75,4.28,0.0901,3,-0.2226,0.2105,0.3442,0.1282,8,0
SLR003830,Grocery,Tier-3 Town,605,125,94,26254.99,2.94,0.2561,6,-0.5141,-0.2065,0.2532,0.2504,26,1
SLR003831,Electronics,Tier-1 Metro,542,188,363,22748.27,3.55,0.2048,8,0.0896,0.0949,0.568,0.1501,14,0
SLR003832,Mobiles & Accessories,Tier-1 Metro,527,203,784,91549.01,3.79,0.192,4,0.2075,-0.0355,0.7868,0.1129,19,0
SLR003833,Home & Kitchen,Tier-3 Town,342,388,122,9107.75,3.24,0.2552,9,-0.5926,-0.0275,0.5525,0.2994,63,1
SLR003834,Toys & Baby,Tier-2 City,444,286,372,35161.3,2.14,0.2292,4,-0.3956,-0.3319,0.4805,0.3273,120,1
SLR003835,Electronics,Tier-1 Metro,144,586,1300,74215.01,3.06,0.2016,10,-0.1846,-0.1619,0.4562,0.2337,88,1
SLR003836,Mobiles & Accessories,Tier-2 City,663,67,94,19411.02,4.55,0.1895,6,0.0576,-0.2032,0.6647,0.2186,20,0
SLR003837,Fashion,Tier-3 Town,5,725,103,4400.92,3.41,0.3462,7,-0.1619,-0.0824,0.6294,0.3409,43,1
SLR003838,Toys & Baby,Tier-1 Metro,481,249,109,18205.28,3.85,0.1163,9,-0.1159,-0.2822,0.6536,0.1257,6,0
SLR003839,Electronics,Tier-2 City,320,410,605,51659.18,3.61,0.2509,14,-0.7469,-0.4412,0.4363,0.3947,33,0
SLR003840,Mobiles & Accessories,Tier-3 Town,0,730,305,11147.6,3.25,0.3044,4,-0.3359,-0.1432,0.3088,0.2999,17,1
SLR003841,Electronics,Tier-2 City,591,139,170,47497.2,2.68,0.2412,13,-0.1803,-0.0832,0.4897,0.2201,0,0
SLR003842,Grocery,Tier-2 City,351,379,336,20368.02,4.28,0.1235,3,-0.0218,0.0872,0.612,0.116,12,0
SLR003843,Electronics,Tier-3 Town,569,161,231,58152.75,3.47,0.2919,10,-0.016,-0.1415,0.803,0.2446,0,0
SLR003844,Home & Kitchen,Tier-2 City,531,199,618,124773.63,4.18,0.1595,8,-0.4326,-0.1171,0.5694,0.1538,53,1
SLR003845,Toys & Baby,Tier-2 City,283,447,400,25004.53,3.4,0.2065,3,-0.2085,-0.1005,0.7048,0.1277,53,1
SLR003846,Electronics,Tier-1 Metro,335,395,436,31473.42,3.45,0.1753,5,-0.1188,-0.101,0.627,0.1436,0,0
SLR003847,Grocery,Tier-1 Metro,136,594,768,35505.7,4.77,0.1069,4,0.1744,0.0522,0.9665,0.0,8,0
SLR003848,Grocery,Tier-3 Town,0,730,291,4309.75,3.01,0.2524,8,-1.0,-0.3438,0.3698,0.3349,62,1
SLR003849,Toys & Baby,Tier-3 Town,596,134,176,13831.57,3.23,0.2762,10,-0.2745,0.0823,0.5127,0.3026,5,1
SLR003850,Electronics,Tier-2 City,0,730,1439,82719.51,3.96,0.1851,11,0.3554,0.0298,0.916,0.159,28,0
SLR003851,Beauty & Personal Care,Tier-1 Metro,90,640,1252,56462.63,4.29,0.1118,3,0.1189,-0.0318,0.9404,0.0264,0,0
SLR003852,Beauty & Personal Care,Tier-2 City,128,602,942,60634.45,4.11,0.1931,10,-0.0591,-0.2097,0.9289,0.0955,0,0
SLR003853,Grocery,Tier-2 City,3,727,649,30111.02,3.43,0.177,9,0.1551,-0.2212,0.5734,0.2069,99,1
SLR003854,Mobiles & Accessories,Tier-1 Metro,0,730,1368,22692.02,3.92,0.1874,10,-0.3459,-0.1258,0.5943,0.1707,13,0
SLR003855,Grocery,Tier-1 Metro,513,217,45,2647.22,3.92,0.1238,10,-0.3214,-0.1343,0.4479,0.1954,30,1
SLR003856,Sports & Fitness,Tier-2 City,582,148,203,19413.5,3.33,0.1868,8,-0.0064,0.0914,0.4085,0.1825,26,1
SLR003857,Fashion,Tier-1 Metro,579,151,115,15743.68,2.93,0.3313,5,-0.3315,-0.3934,0.627,0.2569,0,0
SLR003858,Beauty & Personal Care,Tier-2 City,108,622,771,40972.43,4.38,0.1982,1,-0.4819,0.0927,0.7374,0.2714,0,0
SLR003859,Sports & Fitness,Tier-2 City,281,449,1296,68522.16,3.59,0.1266,5,-0.2633,0.1177,0.466,0.0146,17,0
SLR003860,Toys & Baby,Tier-1 Metro,394,336,392,14907.42,3.94,0.108,2,0.6797,-0.0479,0.5623,0.1804,21,0
SLR003861,Home & Kitchen,Tier-3 Town,468,262,140,9973.05,4.17,0.2097,5,0.5664,-0.0737,0.6991,0.2341,34,1
SLR003862,Home & Kitchen,Tier-3 Town,462,268,392,55390.58,5.0,0.2268,6,0.1917,0.1423,0.9863,0.2211,1,0
SLR003863,Grocery,Tier-3 Town,524,206,304,56402.53,3.73,0.2063,7,-0.1072,-0.0046,0.8059,0.2589,28,0
SLR003864,Electronics,Tier-2 City,365,365,158,11041.99,3.4,0.1993,4,-0.2461,-0.0347,0.8755,0.1058,17,0
SLR003865,Grocery,Tier-1 Metro,669,61,14,6639.99,3.93,0.1135,7,0.0835,0.167,0.6649,0.1708,11,0
SLR003866,Grocery,Tier-2 City,552,178,302,62533.27,4.02,0.1344,5,0.3815,0.0052,0.6077,0.1434,27,0
SLR003867,Fashion,Tier-3 Town,480,250,605,90610.47,3.56,0.3888,8,-0.3829,-0.2254,0.8578,0.3124,8,1
SLR003868,Grocery,Tier-1 Metro,684,46,40,11450.02,3.92,0.1301,7,0.1114,-0.0045,0.7917,0.1919,18,0
SLR003869,Toys & Baby,Tier-1 Metro,0,730,677,35347.77,3.38,0.1257,8,-0.0559,-0.1548,0.7431,0.1242,50,1
SLR003870,Home & Kitchen,Tier-1 Metro,584,146,35,6067.45,3.86,0.0875,3,0.0994,-0.0249,0.4801,0.0746,0,0
SLR003871,Fashion,Tier-2 City,572,158,670,98560.73,4.07,0.3121,11,0.2322,-0.662,0.6862,0.2568,45,0
SLR003872,Electronics,Tier-3 Town,612,118,53,15907.11,3.92,0.2896,12,-0.244,-0.0764,0.4597,0.2459,94,1
SLR003873,Mobiles & Accessories,Tier-1 Metro,392,338,162,8811.93,4.11,0.1674,5,-0.0334,-0.3015,0.6529,0.0906,117,1
SLR003874,Mobiles & Accessories,Tier-1 Metro,500,230,588,80463.62,4.07,0.2018,5,0.3994,0.0112,0.4618,0.1942,28,0
SLR003875,Beauty & Personal Care,Tier-2 City,644,86,70,10376.96,3.43,0.1746,5,0.0819,0.0881,0.7212,0.1321,0,0
SLR003876,Electronics,Tier-1 Metro,605,125,54,4768.56,4.06,0.1801,9,-0.0463,-0.1278,0.4507,0.1389,91,1
SLR003877,Fashion,Tier-1 Metro,499,231,299,38884.89,3.47,0.2626,8,0.1601,-0.417,0.647,0.2119,51,1
SLR003878,Toys & Baby,Tier-3 Town,542,188,442,50626.1,3.56,0.21,7,0.3994,-0.0489,0.6855,0.1545,15,0
SLR003879,Mobiles & Accessories,Tier-2 City,621,109,11,1407.6,3.95,0.2172,9,-0.3186,-0.0842,0.648,0.1224,4,0
SLR003880,Sports & Fitness,Tier-2 City,459,271,306,28648.74,3.49,0.2049,5,-0.7191,-0.2185,0.6522,0.2725,41,1
SLR003881,Sports & Fitness,Tier-1 Metro,250,480,587,17948.7,3.42,0.1776,5,-0.5952,-0.461,0.5545,0.1647,45,1
SLR003882,Electronics,Tier-1 Metro,498,232,674,117049.24,3.32,0.2161,9,-0.5841,-0.0933,0.3936,0.2069,19,1
SLR003883,Sports & Fitness,Tier-1 Metro,553,177,135,31494.15,4.41,0.1345,4,-0.2488,0.2076,0.7773,0.1455,7,0
SLR003884,Toys & Baby,Tier-2 City,594,136,92,18244.41,3.66,0.1811,10,-0.3279,-0.0323,0.3879,0.2705,5,0
SLR003885,Toys & Baby,Tier-1 Metro,411,319,306,16816.21,4.18,0.1292,6,-0.3187,0.1418,0.7649,0.0602,6,0
SLR003886,Toys & Baby,Tier-3 Town,461,269,337,23918.59,3.73,0.2366,3,-0.2418,-0.1629,0.78,0.2044,6,0
SLR003887,Electronics,Tier-2 City,594,136,95,17392.5,3.98,0.1749,7,-0.0169,0.012,0.6366,0.0598,8,0
SLR003888,Fashion,Tier-2 City,23,707,679,27257.04,3.03,0.3486,10,-0.3064,-0.3944,0.5795,0.3036,14,1
SLR003889,Electronics,Tier-2 City,359,371,192,11163.68,4.35,0.2161,12,0.1439,0.1146,0.5093,0.158,0,0
SLR003890,Beauty & Personal Care,Tier-2 City,617,113,59,7408.23,3.8,0.1612,3,0.2179,0.0221,0.8475,0.1596,11,0
SLR003891,Grocery,Tier-1 Metro,261,469,394,10238.35,2.8,0.1561,7,-0.1634,-0.0435,0.7688,0.2966,96,1
SLR003892,Toys & Baby,Tier-1 Metro,635,95,31,9026.15,3.78,0.1201,13,-0.0979,0.0208,0.9265,0.2226,3,0
SLR003893,Toys & Baby,Tier-1 Metro,603,127,163,30735.68,3.05,0.1881,4,-0.3952,-0.0569,0.2786,0.2462,67,1
SLR003894,Beauty & Personal Care,Tier-1 Metro,300,430,269,10855.83,3.13,0.1478,8,-0.2164,0.0019,0.5357,0.1673,30,1
SLR003895,Sports & Fitness,Tier-2 City,651,79,141,66253.45,3.65,0.1491,12,-0.1525,-0.198,0.5567,0.1595,46,1
SLR003896,Electronics,Tier-1 Metro,429,301,696,92988.21,3.75,0.142,2,0.5871,0.238,0.508,0.1336,0,0
SLR003897,Electronics,Tier-1 Metro,32,698,487,13325.98,4.15,0.1628,3,-0.22,-0.1792,0.636,0.1763,7,0
SLR003898,Home & Kitchen,Tier-2 City,574,156,269,52196.1,3.48,0.2059,8,-0.1697,-0.0357,0.7319,0.1472,67,1
SLR003899,Mobiles & Accessories,Tier-1 Metro,26,704,714,12113.52,3.27,0.2217,7,-0.476,0.0097,0.9653,0.1368,4,0
SLR003900,Beauty & Personal Care,Tier-1 Metro,354,376,458,28215.59,4.15,0.1118,5,-0.0776,0.058,0.6598,0.0156,5,0
SLR003901,Sports & Fitness,Tier-2 City,506,224,105,13165.52,3.09,0.2305,11,0.1484,-0.0804,0.3387,0.2183,25,1
SLR003902,Electronics,Tier-1 Metro,48,682,925,53429.62,3.42,0.169,8,-0.5237,-0.5176,0.4493,0.1864,82,1
SLR003903,Beauty & Personal Care,Tier-1 Metro,269,461,664,48859.59,4.46,0.1157,3,-0.4782,0.1935,0.7112,0.0,0,0
SLR003904,Mobiles & Accessories,Tier-3 Town,284,446,837,63097.58,3.44,0.3049,5,-0.2574,-0.2112,0.4405,0.2471,17,0
SLR003905,Sports & Fitness,Tier-2 City,370,360,680,33839.06,4.62,0.1591,4,0.4582,0.0139,0.7083,0.1663,0,0
SLR003906,Grocery,Tier-1 Metro,559,171,91,21328.01,3.41,0.1423,7,0.0197,-0.1778,0.6106,0.2469,51,1
SLR003907,Grocery,Tier-1 Metro,0,730,370,6226.47,4.79,0.1235,3,0.5499,0.0274,0.5613,0.2171,0,0
SLR003908,Home & Kitchen,Tier-2 City,492,238,163,11862.27,4.05,0.1818,4,-0.1407,0.0307,0.3853,0.1202,12,0
SLR003909,Electronics,Tier-1 Metro,230,500,165,10928.5,3.25,0.1905,6,0.0855,-0.1147,0.798,0.112,14,0
SLR003910,Home & Kitchen,Tier-2 City,349,381,1037,94984.19,4.34,0.1975,4,-0.225,-0.2075,0.717,0.1797,7,0
SLR003911,Sports & Fitness,Tier-2 City,415,315,536,67137.17,3.2,0.1699,8,-0.2043,-0.3204,0.6363,0.2027,17,0
SLR003912,Grocery,Tier-1 Metro,458,272,708,63883.39,3.42,0.11,3,-0.4405,-0.0206,0.3982,0.1799,47,1
SLR003913,Electronics,Tier-1 Metro,288,442,215,14877.68,3.32,0.2186,4,-0.3,-0.3011,0.672,0.2721,63,1
SLR003914,Home & Kitchen,Tier-1 Metro,479,251,252,20577.72,4.18,0.1012,2,0.0788,0.2496,0.7841,0.0,0,0
SLR003915,Sports & Fitness,Tier-1 Metro,163,567,517,15297.71,4.14,0.1466,4,-0.3347,-0.0729,0.7943,0.2064,28,0
SLR003916,Electronics,Tier-1 Metro,0,730,1975,44763.76,4.13,0.1909,8,-0.7927,0.0108,0.5987,0.2715,22,0
SLR003917,Home & Kitchen,Tier-1 Metro,0,730,1042,35648.79,3.02,0.1766,8,-0.1566,-0.1104,0.4986,0.2708,51,1
SLR003918,Beauty & Personal Care,Tier-3 Town,502,228,288,46469.33,3.64,0.2399,8,0.1608,-0.0281,0.4869,0.2044,16,1
SLR003919,Fashion,Tier-3 Town,573,157,205,53921.16,2.75,0.3545,5,0.0928,0.1045,0.6979,0.2779,38,1
SLR003920,Fashion,Tier-2 City,81,649,424,9817.07,3.3,0.2936,6,-0.3185,-0.0578,0.6385,0.1412,14,1
SLR003921,Beauty & Personal Care,Tier-1 Metro,175,555,2006,148608.89,3.88,0.1129,5,-0.1468,-0.0839,0.8707,0.2229,19,0
SLR003922,Home & Kitchen,Tier-2 City,661,69,29,15855.58,3.74,0.2062,6,0.2116,0.0752,0.4777,0.1614,15,0
SLR003923,Mobiles & Accessories,Tier-1 Metro,119,611,401,17080.82,2.88,0.1833,11,-0.2388,-0.1303,0.4627,0.3121,21,1
SLR003924,Electronics,Tier-2 City,453,277,159,17623.49,3.23,0.2433,11,0.1577,-0.1231,0.721,0.2231,0,0
SLR003925,Fashion,Tier-1 Metro,0,730,2936,93608.78,3.98,0.2327,4,0.3324,-0.1619,0.8895,0.0778,6,0
SLR003926,Mobiles & Accessories,Tier-3 Town,438,292,157,9374.04,2.24,0.3697,13,-0.3267,-0.3271,0.4042,0.4554,165,1
SLR003927,Fashion,Tier-1 Metro,138,592,1232,63442.18,3.05,0.253,5,-0.1721,0.0767,0.5735,0.1811,28,1
SLR003928,Home & Kitchen,Tier-2 City,100,630,1398,32037.04,4.31,0.1921,4,-0.3174,0.021,0.599,0.2204,10,0
SLR003929,Mobiles & Accessories,Tier-2 City,533,197,306,54616.1,3.05,0.2391,11,-0.2599,0.0881,0.6634,0.228,10,0
SLR003930,Beauty & Personal Care,Tier-1 Metro,0,730,2988,48174.03,3.76,0.1462,6,-0.3737,-0.5068,0.5425,0.1093,10,0
SLR003931,Electronics,Tier-1 Metro,128,602,1245,25934.25,4.41,0.1438,3,0.0625,-0.0318,0.7097,0.0651,10,0
SLR003932,Beauty & Personal Care,Tier-3 Town,161,569,1121,52490.81,2.98,0.2499,6,-0.3558,0.0791,0.5816,0.2271,1,0
SLR003933,Electronics,Tier-1 Metro,0,730,970,15998.31,3.52,0.1428,4,-0.2664,-0.0481,0.6796,0.1156,14,0
SLR003934,Toys & Baby,Tier-1 Metro,371,359,1087,100819.43,4.08,0.1321,1,0.8041,0.2925,0.7511,0.122,23,0
SLR003935,Home & Kitchen,Tier-2 City,477,253,95,15728.57,3.75,0.2194,4,0.613,-0.2559,0.3007,0.3025,40,1
SLR003936,Home & Kitchen,Tier-1 Metro,602,128,54,6180.11,3.3,0.1908,11,-0.183,0.067,0.5381,0.0705,69,1
SLR003937,Toys & Baby,Tier-1 Metro,190,540,2718,63862.51,4.09,0.1193,6,-0.1422,-0.0756,0.5052,0.0491,0,0
SLR003938,Electronics,Tier-3 Town,338,392,1102,34783.51,2.55,0.3118,11,-0.1327,0.1744,0.7612,0.3009,6,1
SLR003939,Electronics,Tier-3 Town,593,137,426,92110.88,3.01,0.3177,10,-0.4459,-0.29,0.3226,0.2176,108,1
SLR003940,Sports & Fitness,Tier-1 Metro,679,51,121,68771.87,4.05,0.1344,2,0.107,0.1604,0.6,0.0985,7,0
SLR003941,Grocery,Tier-1 Metro,544,186,1466,98865.69,4.86,0.0683,0,-0.3649,-0.0978,0.776,0.1115,15,0
SLR003942,Beauty & Personal Care,Tier-3 Town,518,212,214,40713.86,3.68,0.2557,12,-0.8495,-0.3007,0.4013,0.352,66,1
SLR003943,Toys & Baby,Tier-3 Town,194,536,903,66057.28,4.35,0.1578,5,0.0688,0.1654,0.7552,0.1606,0,0
SLR003944,Fashion,Tier-3 Town,509,221,1186,185703.43,3.7,0.3611,12,-0.5184,-0.076,0.6902,0.241,102,1
SLR003945,Grocery,Tier-2 City,147,583,853,39817.17,3.31,0.1629,5,-0.5049,0.0573,0.3598,0.1838,7,0
SLR003946,Fashion,Tier-2 City,44,686,961,46697.01,3.07,0.3014,11,-0.0923,0.0182,0.5425,0.109,5,1
SLR003947,Electronics,Tier-2 City,0,730,1166,17460.59,3.58,0.2506,8,0.0654,-0.1697,0.2752,0.3319,40,1
SLR003948,Home & Kitchen,Tier-1 Metro,665,65,145,54997.93,4.37,0.1245,6,0.0539,0.0835,0.4338,0.0532,9,0
SLR003949,Beauty & Personal Care,Tier-3 Town,128,602,1076,55497.23,3.82,0.2734,7,0.3922,0.1817,0.6179,0.2595,22,0
SLR003950,Mobiles & Accessories,Tier-1 Metro,391,339,146,12411.23,3.09,0.2452,4,-0.3987,-0.0832,0.1883,0.187,10,1
SLR003951,Fashion,Tier-1 Metro,535,195,319,58875.52,3.56,0.2435,7,-0.4552,-0.0203,0.3316,0.1889,21,0
SLR003952,Home & Kitchen,Tier-1 Metro,200,530,209,8578.47,3.02,0.2056,4,-0.0407,0.0204,0.5233,0.2513,3,0
SLR003953,Sports & Fitness,Tier-3 Town,338,392,641,50709.2,3.85,0.2795,8,-0.1492,0.0176,0.4254,0.2507,0,0
SLR003954,Electronics,Tier-1 Metro,610,120,169,44581.31,4.01,0.1533,4,0.0673,-0.2754,0.5299,0.1191,0,0
SLR003955,Sports & Fitness,Tier-2 City,487,243,168,18756.16,3.68,0.1612,6,-0.0692,0.0511,0.8422,0.0503,10,0
SLR003956,Toys & Baby,Tier-2 City,462,268,347,47465.05,3.41,0.1764,10,-0.1312,-0.1857,0.4818,0.1465,55,1
SLR003957,Sports & Fitness,Tier-1 Metro,409,321,126,7395.83,3.65,0.1839,6,-0.3958,-0.2206,0.6731,0.1347,0,0
SLR003958,Grocery,Tier-1 Metro,35,695,1783,38755.49,2.94,0.1186,8,0.118,-0.0674,0.5008,0.1686,35,1
SLR003959,Toys & Baby,Tier-1 Metro,360,370,572,35038.87,3.19,0.165,8,-0.1861,-0.1269,0.4572,0.1171,28,1
SLR003960,Sports & Fitness,Tier-2 City,513,217,845,139379.25,4.24,0.2098,6,0.2667,0.117,0.3941,0.1001,21,0
SLR003961,Home & Kitchen,Tier-1 Metro,683,47,27,21879.39,3.9,0.0874,3,0.3177,-0.1614,0.836,0.0,4,0
SLR003962,Fashion,Tier-3 Town,552,178,189,15215.55,3.48,0.3528,9,-0.3516,0.061,0.4483,0.2739,52,1
SLR003963,Beauty & Personal Care,Tier-1 Metro,218,512,1222,65000.9,3.52,0.133,1,-0.3682,-0.1614,0.673,0.1983,18,0
SLR003964,Sports & Fitness,Tier-3 Town,596,134,174,39314.84,2.96,0.2454,5,-0.1456,-0.0024,0.5875,0.2824,12,0
SLR003965,Mobiles & Accessories,Tier-1 Metro,0,730,982,50534.35,2.54,0.2521,11,-0.3255,-0.0498,0.2866,0.2039,141,1
SLR003966,Fashion,Tier-2 City,557,173,463,94886.12,3.3,0.2984,4,0.0298,-0.0645,0.5141,0.2227,14,1
SLR003967,Beauty & Personal Care,Tier-3 Town,105,625,406,23222.9,4.13,0.2578,2,-0.3345,0.0196,0.447,0.3448,21,0
SLR003968,Mobiles & Accessories,Tier-3 Town,300,430,489,38437.3,3.91,0.2799,4,0.4454,-0.0131,0.7492,0.1732,8,0
SLR003969,Toys & Baby,Tier-1 Metro,586,144,304,35594.69,4.19,0.1386,8,0.1268,0.0096,0.7724,0.1096,10,0
SLR003970,Home & Kitchen,Tier-2 City,411,319,1153,151140.68,4.02,0.1508,1,0.1298,0.0961,0.9309,0.2115,6,0
SLR003971,Sports & Fitness,Tier-2 City,564,166,61,6220.48,3.92,0.1561,2,0.2844,0.0067,0.7861,0.1498,15,0
SLR003972,Electronics,Tier-3 Town,418,312,263,20551.19,3.76,0.2447,13,-0.2313,-0.1976,0.6317,0.1942,21,0
SLR003973,Electronics,Tier-1 Metro,660,70,204,97005.48,4.32,0.154,6,0.181,0.0138,0.8362,0.1085,21,1
SLR003974,Mobiles & Accessories,Tier-1 Metro,493,237,651,37738.72,4.51,0.1403,2,-0.1703,0.0555,0.5722,0.1808,11,0
SLR003975,Beauty & Personal Care,Tier-2 City,337,393,287,28532.76,3.37,0.1778,11,-0.5356,0.204,0.271,0.2176,5,1
SLR003976,Beauty & Personal Care,Tier-1 Metro,432,298,536,71747.67,3.96,0.128,7,0.3133,0.1102,0.4905,0.0403,3,0
SLR003977,Sports & Fitness,Tier-1 Metro,65,665,1340,24917.33,3.42,0.1509,5,0.2128,-0.3114,0.5959,0.1748,0,0
SLR003978,Fashion,Tier-1 Metro,618,112,210,76698.26,3.41,0.3011,11,-0.0963,-0.4225,0.673,0.1856,0,0
SLR003979,Sports & Fitness,Tier-2 City,213,517,234,14695.56,3.37,0.2028,4,-0.1297,-0.2114,0.3143,0.255,12,0
SLR003980,Fashion,Tier-1 Metro,542,188,596,34907.34,3.23,0.2569,7,0.0907,-0.0716,0.5288,0.1193,6,1
SLR003981,Grocery,Tier-1 Metro,341,389,139,8266.66,4.32,0.1097,2,0.102,0.0614,0.4624,0.1274,13,0
SLR003982,Beauty & Personal Care,Tier-1 Metro,136,594,1166,60045.32,4.65,0.1146,6,-0.1516,0.0626,0.5781,0.2403,16,0
SLR003983,Toys & Baby,Tier-1 Metro,445,285,591,60622.5,3.73,0.1284,8,-0.0999,-0.0001,0.6718,0.1859,5,1
SLR003984,Grocery,Tier-3 Town,635,95,479,122601.36,4.15,0.1962,4,0.3573,-0.088,0.8152,0.2023,37,0
SLR003985,Beauty & Personal Care,Tier-2 City,0,730,1216,45156.96,4.02,0.1461,9,-0.2061,-0.0061,0.3522,0.1436,11,0
SLR003986,Electronics,Tier-2 City,432,298,271,23459.28,2.49,0.2484,6,-0.1733,-0.4041,0.561,0.2394,49,1
SLR003987,Mobiles & Accessories,Tier-1 Metro,1,729,741,42196.58,3.57,0.1825,10,-0.2019,-0.1791,0.7832,0.1842,10,0
SLR003988,Toys & Baby,Tier-2 City,0,730,2002,76109.87,4.5,0.1429,4,-0.518,0.1162,0.7568,0.0537,0,0
SLR003989,Fashion,Tier-1 Metro,671,59,175,80623.06,3.38,0.2175,4,-0.0955,-0.1555,0.9022,0.1319,11,0
SLR003990,Grocery,Tier-1 Metro,391,339,506,41076.09,4.1,0.0978,2,-0.2208,-0.1092,0.5214,0.223,42,1
SLR003991,Fashion,Tier-3 Town,367,363,642,68048.97,2.66,0.4074,14,0.0306,-0.241,0.6598,0.252,39,1
SLR003992,Mobiles & Accessories,Tier-3 Town,611,119,143,27922.65,3.3,0.328,10,-0.2102,-0.1001,0.642,0.1385,5,1
SLR003993,Fashion,Tier-3 Town,254,476,1032,88735.57,3.46,0.3431,7,-0.1118,-0.1712,0.4469,0.2822,1,0
SLR003994,Mobiles & Accessories,Tier-3 Town,112,618,304,10760.88,3.4,0.3123,8,-0.3517,-0.3221,0.7894,0.2426,69,1
SLR003995,Fashion,Tier-2 City,64,666,353,10515.57,3.58,0.3308,10,-0.3399,-0.1338,0.7917,0.2092,20,1
SLR003996,Sports & Fitness,Tier-1 Metro,120,610,433,28015.48,4.13,0.1739,3,-0.2044,0.0616,0.5299,0.1782,15,0
SLR003997,Mobiles & Accessories,Tier-1 Metro,635,95,211,29138.94,3.83,0.1877,11,0.1659,-0.1296,0.3287,0.1713,14,1
SLR003998,Beauty & Personal Care,Tier-1 Metro,583,147,135,12254.52,3.3,0.1186,7,-0.3314,-0.1246,0.7873,0.1299,23,1
SLR003999,Beauty & Personal Care,Tier-3 Town,592,138,115,34614.85,3.16,0.249,6,0.033,-0.0896,0.4641,0.2494,117,1
SLR004000,Beauty & Personal Care,Tier-1 Metro,542,188,134,13924.75,4.31,0.0856,1,-0.1264,0.1783,0.9407,0.1045,0,0
SLR004001,Fashion,Tier-2 City,37,693,1467,49212.28,2.96,0.2996,6,-0.1476,-0.3318,0.5256,0.1496,45,1
SLR004002,Grocery,Tier-1 Metro,558,172,290,66422.18,4.1,0.1163,3,-0.0024,-0.0578,0.8763,0.1377,5,0
SLR004003,Mobiles & Accessories,Tier-2 City,363,367,266,28146.28,3.95,0.2514,5,-0.0186,-0.1523,0.5672,0.1292,26,0
SLR004004,Home & Kitchen,Tier-2 City,246,484,1957,56610.11,3.7,0.2176,8,-0.1548,-0.1306,0.6698,0.0783,14,0
SLR004005,Toys & Baby,Tier-2 City,580,150,144,12070.25,2.87,0.2076,7,-0.2365,0.0078,0.6874,0.1785,13,0
SLR004006,Sports & Fitness,Tier-3 Town,364,366,472,38688.94,4.4,0.2205,3,0.1903,0.2503,0.4619,0.1826,3,0
SLR004007,Toys & Baby,Tier-3 Town,200,530,1076,63463.68,3.38,0.2571,7,-0.3191,-0.1049,0.7696,0.2047,36,1
SLR004008,Beauty & Personal Care,Tier-1 Metro,538,192,396,26244.93,4.1,0.1246,5,-0.2563,-0.2274,0.9615,0.0788,26,0
SLR004009,Sports & Fitness,Tier-2 City,138,592,438,17345.22,4.05,0.201,10,-0.1982,-0.1987,0.6138,0.187,18,0
SLR004010,Grocery,Tier-1 Metro,378,352,449,21193.87,2.95,0.1424,9,0.1364,-0.4769,0.5786,0.1961,16,1
SLR004011,Electronics,Tier-1 Metro,418,312,453,31356.36,3.75,0.1669,4,-0.388,-0.0872,0.5494,0.0891,6,0
SLR004012,Fashion,Tier-1 Metro,319,411,1305,121484.24,3.25,0.292,12,-0.284,-0.3684,0.423,0.0985,82,1
SLR004013,Fashion,Tier-2 City,234,496,459,16434.59,3.65,0.3221,14,-0.1403,-0.2242,0.5883,0.1999,5,0
SLR004014,Grocery,Tier-2 City,0,730,2000,52460.41,4.39,0.1013,0,-0.3084,0.0893,0.6163,0.2165,0,0
SLR004015,Grocery,Tier-3 Town,227,503,1442,84984.67,3.29,0.1408,9,0.2726,-0.1478,0.6553,0.2324,29,0
SLR004016,Fashion,Tier-1 Metro,558,172,202,38175.86,4.35,0.2343,5,-0.4098,0.1511,0.3532,0.0989,14,0
SLR004017,Toys & Baby,Tier-3 Town,688,42,51,42781.84,3.07,0.3045,10,0.0734,-0.2054,0.6346,0.2936,38,1
SLR004018,Beauty & Personal Care,Tier-2 City,52,678,681,14951.65,3.78,0.1865,9,-0.6105,-0.0208,0.4101,0.171,8,1
SLR004019,Electronics,Tier-1 Metro,318,412,624,21399.58,3.77,0.169,7,0.3724,-0.1072,0.5108,0.107,3,0
SLR004020,Electronics,Tier-1 Metro,125,605,673,19455.56,3.06,0.2312,18,-0.1783,-0.31,0.4875,0.2915,50,1
SLR004021,Grocery,Tier-3 Town,148,582,768,46188.56,3.89,0.1896,5,0.029,0.2168,0.6781,0.2307,15,0
SLR004022,Toys & Baby,Tier-1 Metro,496,234,470,21562.21,3.43,0.1712,9,-0.1397,-0.0154,0.7002,0.2145,20,0
SLR004023,Beauty & Personal Care,Tier-3 Town,0,730,965,48778.2,2.64,0.2848,15,-0.693,-0.3175,0.3039,0.3121,68,1
SLR004024,Mobiles & Accessories,Tier-1 Metro,140,590,609,25352.6,3.92,0.1881,11,0.1637,-0.1346,0.4785,0.0875,23,1
SLR004025,Grocery,Tier-1 Metro,0,730,1611,89402.76,4.32,0.1193,6,0.0311,-0.1662,0.8225,0.145,7,0
SLR004026,Electronics,Tier-3 Town,676,54,99,50450.67,3.46,0.2868,7,0.0651,-0.3085,1.0,0.191,5,1
SLR004027,Sports & Fitness,Tier-2 City,654,76,38,15396.72,4.29,0.1833,7,-0.3265,0.1065,0.556,0.2163,11,0
SLR004028,Toys & Baby,Tier-2 City,0,730,172,7548.3,3.42,0.2219,5,-0.2908,-0.2195,0.3922,0.3408,0,0
SLR004029,Grocery,Tier-1 Metro,518,212,166,15137.53,4.64,0.0936,6,0.222,-0.1296,0.8311,0.0844,9,0
SLR004030,Beauty & Personal Care,Tier-3 Town,243,487,348,17691.31,4.32,0.1996,5,-0.2032,0.1513,0.7989,0.1845,14,0
SLR004031,Beauty & Personal Care,Tier-3 Town,615,115,104,18953.07,3.56,0.2695,8,-0.114,0.0228,0.3563,0.2462,31,1
SLR004032,Mobiles & Accessories,Tier-2 City,430,300,139,9125.57,3.68,0.2049,7,-0.1993,0.1429,0.6053,0.1697,0,0
SLR004033,Home & Kitchen,Tier-1 Metro,328,402,419,34356.93,3.41,0.1252,4,0.5072,-0.0342,0.975,0.1199,9,0
SLR004034,Fashion,Tier-2 City,520,210,158,24494.62,3.85,0.291,10,-0.1153,0.0655,0.7545,0.1419,16,0
SLR004035,Home & Kitchen,Tier-1 Metro,0,730,732,26393.36,4.11,0.181,8,0.0968,-0.0263,0.4371,0.2308,0,0
SLR004036,Home & Kitchen,Tier-1 Metro,537,193,107,22445.91,4.2,0.1934,3,-0.3641,-0.1505,0.4501,0.1567,22,1
SLR004037,Home & Kitchen,Tier-1 Metro,317,413,219,8768.71,2.87,0.2024,6,-0.2181,-0.3932,0.6391,0.1894,33,1
SLR004038,Sports & Fitness,Tier-3 Town,550,180,248,45315.92,3.3,0.202,7,0.2375,0.2203,0.7428,0.1963,15,0
SLR004039,Beauty & Personal Care,Tier-3 Town,455,275,394,55056.78,3.93,0.2167,2,0.5262,-0.0828,0.6287,0.1698,16,0
SLR004040,Toys & Baby,Tier-3 Town,537,193,590,46111.44,4.77,0.2111,5,0.0609,-0.0909,0.5231,0.1555,45,0
SLR004041,Home & Kitchen,Tier-1 Metro,0,730,1306,51162.8,3.96,0.1776,8,-0.4216,0.0016,0.6183,0.1194,14,0
SLR004042,Sports & Fitness,Tier-2 City,75,655,1357,60814.68,3.7,0.1829,7,-0.3162,-0.0672,0.6702,0.1862,33,0
SLR004043,Fashion,Tier-1 Metro,490,240,100,9134.95,3.29,0.2447,3,-0.0103,-0.1611,0.7279,0.1015,0,0
SLR004044,Toys & Baby,Tier-1 Metro,317,413,172,16274.56,4.54,0.134,6,0.1803,-0.1242,0.5676,0.1628,18,0
SLR004045,Beauty & Personal Care,Tier-1 Metro,291,439,379,35009.46,3.39,0.1717,8,-0.1291,-0.1541,0.459,0.1912,25,1
SLR004046,Home & Kitchen,Tier-2 City,319,411,190,17996.05,4.03,0.2345,8,-0.4179,-0.0486,0.3228,0.2082,5,1
SLR004047,Home & Kitchen,Tier-2 City,234,496,536,30723.39,2.8,0.2751,12,-0.2118,-0.3746,0.5762,0.2419,1,0
SLR004048,Grocery,Tier-2 City,88,642,651,41600.36,3.95,0.1395,4,0.1511,0.1861,0.8063,0.1795,11,0
SLR004049,Electronics,Tier-3 Town,508,222,58,6346.0,3.41,0.2521,5,0.0283,-0.1183,0.5378,0.1691,59,1
SLR004050,Toys & Baby,Tier-2 City,252,478,451,29907.02,3.55,0.1908,6,-0.1254,0.0065,0.7044,0.1872,3,0
SLR004051,Grocery,Tier-2 City,533,197,459,73322.12,4.56,0.1333,2,0.1359,0.0974,0.401,0.1761,21,0
SLR004052,Electronics,Tier-1 Metro,416,314,195,25581.18,4.05,0.1759,6,-0.0978,0.0964,0.7606,0.0231,14,0
SLR004053,Sports & Fitness,Tier-2 City,0,730,952,18213.19,3.79,0.1618,4,-0.1083,0.2008,0.6182,0.1332,8,0
SLR004054,Fashion,Tier-2 City,544,186,384,52036.88,4.14,0.327,7,-0.373,0.0511,0.6467,0.2182,28,0
SLR004055,Fashion,Tier-1 Metro,453,277,400,43199.93,3.84,0.2361,12,-0.0425,-0.1199,0.6125,0.1107,28,0
SLR004056,Fashion,Tier-1 Metro,0,730,1287,26544.74,3.89,0.2524,7,-0.369,-0.1151,0.5195,0.2454,13,0
SLR004057,Sports & Fitness,Tier-2 City,454,276,114,9204.28,3.68,0.1706,4,0.0453,-0.1791,0.7092,0.182,93,1
SLR004058,Toys & Baby,Tier-1 Metro,588,142,191,53387.11,2.92,0.1835,8,-0.4464,-0.432,0.5099,0.2208,55,1
SLR004059,Home & Kitchen,Tier-2 City,57,673,1458,42018.46,4.0,0.1396,3,0.0019,0.3116,0.6992,0.1499,38,0
SLR004060,Fashion,Tier-3 Town,420,310,158,19822.63,2.84,0.4137,18,-0.5027,-0.3574,0.1446,0.4306,32,1
SLR004061,Beauty & Personal Care,Tier-3 Town,473,257,1379,111770.13,3.81,0.2041,5,-0.2278,0.051,0.7288,0.1455,5,0
SLR004062,Beauty & Personal Care,Tier-2 City,0,730,1862,86943.96,3.43,0.1776,10,0.2058,-0.0887,0.4204,0.2457,13,0
SLR004063,Fashion,Tier-1 Metro,0,730,1606,42156.56,3.88,0.2764,5,0.1564,-0.1605,0.7949,0.1174,1,0
SLR004064,Electronics,Tier-3 Town,550,180,126,13107.72,2.91,0.2972,11,-0.3637,0.1859,0.6024,0.2632,56,1
SLR004065,Mobiles & Accessories,Tier-3 Town,573,157,20,2215.78,3.7,0.3141,5,0.0888,-0.012,0.7784,0.1982,10,0
SLR004066,Beauty & Personal Care,Tier-2 City,516,214,336,16961.79,4.13,0.1198,4,-0.0275,-0.2308,0.7656,0.1429,3,0
SLR004067,Fashion,Tier-3 Town,480,250,698,45944.13,3.58,0.3546,5,0.0813,-0.0704,0.6662,0.1559,22,0
SLR004068,Sports & Fitness,Tier-1 Metro,640,90,455,63874.51,4.62,0.0819,2,0.418,0.2557,0.561,0.0629,38,0
SLR004069,Toys & Baby,Tier-1 Metro,601,129,551,110869.58,3.74,0.1384,6,0.2973,0.1549,0.5975,0.1362,0,0
SLR004070,Toys & Baby,Tier-1 Metro,604,126,137,25570.16,3.32,0.1695,8,0.3623,-0.4369,0.8033,0.2118,3,0
SLR004071,Fashion,Tier-1 Metro,0,730,445,15460.64,3.21,0.2663,6,-0.011,-0.2166,0.6334,0.1711,13,0
SLR004072,Grocery,Tier-2 City,573,157,420,93883.11,4.46,0.1154,4,-0.1984,0.1413,0.3884,0.0527,27,0
SLR004073,Mobiles & Accessories,Tier-1 Metro,517,213,110,11686.13,4.27,0.1893,10,-0.4246,0.0723,0.9075,0.1298,15,0
SLR004074,Electronics,Tier-3 Town,659,71,186,63565.92,3.64,0.2896,11,-0.2206,-0.156,0.6376,0.2117,71,1
SLR004075,Electronics,Tier-3 Town,421,309,1304,120568.2,3.74,0.2426,4,0.4451,-0.1437,0.6807,0.2979,6,0
SLR004076,Fashion,Tier-2 City,375,355,218,6709.16,3.83,0.2686,8,-0.068,0.0826,0.6887,0.0865,0,0
SLR004077,Beauty & Personal Care,Tier-1 Metro,474,256,471,38062.54,4.77,0.0939,3,0.0882,-0.077,0.6692,0.2098,97,1
SLR004078,Electronics,Tier-1 Metro,99,631,1552,63872.14,4.4,0.1112,7,0.5737,0.0585,1.0,0.0691,2,0
SLR004079,Sports & Fitness,Tier-3 Town,385,345,440,35369.21,4.34,0.229,2,-0.5292,0.0922,0.7842,0.2613,14,0
SLR004080,Sports & Fitness,Tier-2 City,358,372,265,21279.37,3.89,0.203,6,-0.2934,-0.0154,0.6054,0.2355,5,0
SLR004081,Fashion,Tier-1 Metro,173,557,1163,81110.36,2.62,0.3372,10,-0.4714,-0.4194,0.6143,0.2007,13,1
SLR004082,Beauty & Personal Care,Tier-2 City,620,110,139,23167.68,3.78,0.2113,8,0.088,-0.3007,0.3831,0.2706,43,1
SLR004083,Mobiles & Accessories,Tier-2 City,489,241,572,80864.04,3.64,0.2166,3,-0.1352,-0.0553,0.56,0.2272,21,0
SLR004084,Home & Kitchen,Tier-1 Metro,0,730,1189,55923.65,4.06,0.172,4,0.0364,-0.1708,0.8673,0.2176,26,0
SLR004085,Sports & Fitness,Tier-3 Town,220,510,459,35759.25,3.24,0.2714,15,-0.3479,-0.0234,0.4016,0.2338,36,1
SLR004086,Electronics,Tier-1 Metro,472,258,580,34303.09,3.22,0.1972,8,-0.4941,-0.5637,0.4548,0.2099,27,1
SLR004087,Toys & Baby,Tier-3 Town,357,373,324,33176.62,4.51,0.1971,3,0.02,-0.046,0.5773,0.1337,43,0
SLR004088,Grocery,Tier-2 City,487,243,1074,82556.72,4.24,0.1174,3,0.1879,0.1072,0.8876,0.2082,25,0
SLR004089,Home & Kitchen,Tier-1 Metro,334,396,533,31422.56,3.03,0.2137,10,-0.3391,-0.5264,0.4547,0.3079,38,1
SLR004090,Grocery,Tier-2 City,447,283,247,17523.35,3.77,0.1247,3,0.149,-0.0544,0.6368,0.1287,35,0
SLR004091,Electronics,Tier-1 Metro,349,381,554,35011.57,4.75,0.1269,5,0.4771,-0.1249,0.68,0.1078,32,0
SLR004092,Sports & Fitness,Tier-2 City,149,581,123,3736.0,3.44,0.2036,12,-0.1041,-0.3061,0.4023,0.1133,128,1
SLR004093,Beauty & Personal Care,Tier-2 City,176,554,601,28950.08,3.77,0.2412,12,-0.7753,-0.1559,0.5101,0.2021,1,0
SLR004094,Grocery,Tier-2 City,549,181,289,46767.44,3.73,0.1184,1,-0.2826,0.051,0.6717,0.2134,14,0
SLR004095,Fashion,Tier-2 City,697,33,66,39512.93,3.83,0.3293,10,0.1852,-0.1151,0.8004,0.079,13,0
SLR004096,Home & Kitchen,Tier-2 City,432,298,88,4376.89,4.47,0.1391,5,-0.087,0.2157,0.6473,0.1054,29,0
SLR004097,Electronics,Tier-2 City,469,261,1049,106461.21,4.04,0.2419,8,-0.0718,-0.2205,0.6216,0.1186,7,0
SLR004098,Electronics,Tier-2 City,435,295,206,17225.81,3.94,0.26,2,-0.176,-0.4683,0.5157,0.2415,41,1
SLR004099,Fashion,Tier-1 Metro,506,224,234,27128.83,3.98,0.2094,8,0.2273,0.0929,1.0,0.1587,18,0
SLR004100,Mobiles & Accessories,Tier-1 Metro,482,248,184,12490.61,4.2,0.1929,10,-0.0879,-0.0904,0.5434,0.0714,12,1
SLR004101,Fashion,Tier-1 Metro,295,435,2177,67825.7,3.98,0.2576,6,-0.1413,-0.1195,0.5695,0.1796,13,0
SLR004102,Grocery,Tier-3 Town,496,234,273,43684.88,3.68,0.2111,8,0.1311,-0.0983,0.7387,0.241,5,1
SLR004103,Home & Kitchen,Tier-3 Town,540,190,654,121183.42,3.26,0.2893,5,-0.2612,-0.0115,0.5453,0.2719,5,1
SLR004104,Grocery,Tier-2 City,486,244,405,28555.21,3.45,0.1844,8,-0.2697,-0.1293,0.4696,0.1624,18,1
SLR004105,Toys & Baby,Tier-1 Metro,605,125,428,95378.64,3.7,0.1807,2,-0.2758,0.0637,0.7914,0.1426,14,1
SLR004106,Beauty & Personal Care,Tier-1 Metro,171,559,545,15893.93,4.73,0.0926,5,0.0134,0.284,0.5914,0.1636,17,0
SLR004107,Grocery,Tier-1 Metro,435,295,795,88839.05,5.0,0.0662,1,0.0709,0.1688,0.4339,0.0593,14,0
SLR004108,Sports & Fitness,Tier-1 Metro,209,521,358,21582.1,3.73,0.1166,1,-0.2615,-0.2115,0.6497,0.0975,23,0
SLR004109,Sports & Fitness,Tier-1 Metro,409,321,311,16516.99,3.62,0.1768,14,-0.0691,-0.1715,0.6343,0.1902,73,1
SLR004110,Electronics,Tier-3 Town,646,84,133,28984.07,3.61,0.2519,6,0.1218,-0.1397,0.6353,0.2389,7,0
SLR004111,Toys & Baby,Tier-3 Town,666,64,142,24283.98,4.2,0.2361,8,-0.2163,-0.2756,0.4185,0.2145,64,1
SLR004112,Beauty & Personal Care,Tier-1 Metro,645,85,186,77337.13,3.58,0.1169,5,0.1294,-0.0138,0.6028,0.1772,9,0
SLR004113,Fashion,Tier-1 Metro,378,352,1618,124617.07,3.22,0.2806,8,0.1108,-0.2871,0.694,0.1105,73,1
SLR004114,Home & Kitchen,Tier-1 Metro,0,730,1102,36330.31,3.49,0.1624,5,0.1213,0.078,0.5865,0.163,10,0
SLR004115,Fashion,Tier-2 City,239,491,999,53929.01,3.23,0.2976,6,-0.3093,-0.2535,0.6276,0.1641,4,0
SLR004116,Sports & Fitness,Tier-1 Metro,423,307,191,17815.25,4.26,0.1347,8,-0.0567,-0.2481,0.5421,0.1356,14,0
SLR004117,Mobiles & Accessories,Tier-1 Metro,571,159,417,70678.79,3.13,0.2106,9,-0.7963,-0.1596,0.3574,0.1401,99,1
SLR004118,Fashion,Tier-1 Metro,604,126,186,22004.88,3.57,0.2675,14,0.15,-0.3796,0.3511,0.1774,19,1
SLR004119,Mobiles & Accessories,Tier-1 Metro,627,103,328,116280.25,3.61,0.1892,7,0.3536,0.1635,0.6945,0.1118,27,0
SLR004120,Beauty & Personal Care,Tier-3 Town,669,61,143,86181.74,3.28,0.2292,11,-0.2188,-0.1239,0.6231,0.2459,26,0
SLR004121,Grocery,Tier-2 City,49,681,542,26743.55,3.87,0.1178,6,-0.2127,-0.0442,0.5931,0.1728,0,0
SLR004122,Grocery,Tier-2 City,533,197,274,32392.34,3.42,0.1376,4,0.1338,-0.0925,0.8069,0.1687,5,0
SLR004123,Sports & Fitness,Tier-1 Metro,190,540,1233,60872.31,3.22,0.1643,7,-0.3882,-0.4121,0.5319,0.2263,101,1
SLR004124,Beauty & Personal Care,Tier-1 Metro,504,226,535,59143.9,4.22,0.0795,0,-0.1099,-0.0457,0.702,0.0972,0,0
SLR004125,Sports & Fitness,Tier-1 Metro,490,240,379,29804.03,3.85,0.16,3,-0.5844,0.1022,0.5836,0.0233,15,1
SLR004126,Home & Kitchen,Tier-2 City,650,80,85,32581.73,3.71,0.1635,12,0.2088,0.092,0.9316,0.158,14,0
SLR004127,Home & Kitchen,Tier-3 Town,632,98,269,75148.75,4.08,0.219,2,-0.1105,-0.0515,0.7102,0.2087,0,0
SLR004128,Grocery,Tier-2 City,437,293,478,43918.83,4.16,0.1482,3,0.5228,0.0997,0.3862,0.1788,2,0
SLR004129,Grocery,Tier-1 Metro,558,172,44,10607.0,4.14,0.0785,0,0.3749,0.173,0.4789,0.1838,25,0
SLR004130,Sports & Fitness,Tier-1 Metro,343,387,1177,81268.71,3.59,0.1638,12,-0.1704,-0.0249,0.2985,0.1748,5,0
SLR004131,Sports & Fitness,Tier-2 City,369,361,436,31144.66,3.47,0.1998,6,-0.0642,-0.0224,0.9698,0.2137,16,0
SLR004132,Fashion,Tier-2 City,0,730,808,15848.24,3.36,0.3192,13,0.0782,-0.1728,0.6033,0.2153,29,1
SLR004133,Beauty & Personal Care,Tier-2 City,237,493,165,5095.23,3.23,0.1669,4,-0.003,0.0943,0.7386,0.2195,5,1
SLR004134,Grocery,Tier-3 Town,10,720,1312,29186.8,4.73,0.1612,2,0.2982,-0.1935,0.5703,0.1758,0,0
SLR004135,Beauty & Personal Care,Tier-2 City,624,106,142,44808.79,4.34,0.1262,3,0.1587,0.1012,0.7507,0.1029,0,0
SLR004136,Beauty & Personal Care,Tier-1 Metro,252,478,638,42293.56,3.23,0.0668,2,0.4196,-0.0996,0.7938,0.1062,0,0
SLR004137,Fashion,Tier-2 City,244,486,1689,124546.61,3.33,0.3046,15,-0.0766,-0.0465,0.193,0.1697,27,1
SLR004138,Mobiles & Accessories,Tier-1 Metro,303,427,49,4428.66,3.53,0.2288,15,-0.3016,-0.2416,0.2781,0.1896,31,1
SLR004139,Sports & Fitness,Tier-2 City,278,452,389,9887.85,3.43,0.1818,11,-0.5258,-0.1691,0.613,0.2001,41,1
SLR004140,Sports & Fitness,Tier-1 Metro,440,290,624,49898.73,4.45,0.1121,4,0.5578,0.2049,0.5383,0.1979,5,0
SLR004141,Sports & Fitness,Tier-1 Metro,401,329,888,74909.63,3.52,0.2029,6,-0.5623,-0.161,0.7041,0.1463,55,1
SLR004142,Electronics,Tier-1 Metro,439,291,412,18644.33,3.82,0.196,11,-0.2977,-0.0021,0.5195,0.1457,16,1
SLR004143,Fashion,Tier-3 Town,550,180,910,203441.46,3.55,0.3639,5,0.2212,-0.2976,0.5914,0.2303,18,0
SLR004144,Toys & Baby,Tier-1 Metro,392,338,740,26825.86,4.4,0.1202,2,0.0291,-0.0596,0.5494,0.0418,4,0
SLR004145,Toys & Baby,Tier-3 Town,0,730,1013,15596.52,3.96,0.2557,9,-0.5277,-0.2384,0.7368,0.343,56,1
SLR004146,Grocery,Tier-3 Town,73,657,681,32141.79,3.95,0.2114,5,-0.1522,0.0818,0.4921,0.238,0,0
SLR004147,Electronics,Tier-1 Metro,614,116,541,194351.45,2.83,0.1736,4,0.362,-0.0709,0.655,0.0428,31,1
SLR004148,Electronics,Tier-1 Metro,0,730,115,1763.63,3.76,0.1696,4,0.125,-0.066,0.803,0.1409,0,0
SLR004149,Electronics,Tier-2 City,73,657,2695,150140.55,3.99,0.177,8,-0.0559,-0.1146,0.5629,0.1433,102,1
SLR004150,Fashion,Tier-1 Metro,195,535,2033,64302.25,3.58,0.2392,3,0.1274,-0.1673,0.5654,0.0803,0,0
SLR004151,Grocery,Tier-3 Town,328,402,549,34278.19,4.02,0.2015,8,-0.3737,0.1709,0.7352,0.3265,2,0
SLR004152,Electronics,Tier-2 City,562,168,528,88952.31,3.84,0.2498,3,0.1158,0.0551,0.9233,0.1917,22,0
SLR004153,Beauty & Personal Care,Tier-2 City,518,212,122,6774.05,3.98,0.1425,4,0.176,-0.1044,0.5166,0.1206,0,0
SLR004154,Sports & Fitness,Tier-1 Metro,276,454,710,57107.25,3.86,0.1455,6,-0.5145,-0.1296,0.6557,0.1457,54,1
SLR004155,Fashion,Tier-2 City,152,578,627,18183.24,3.0,0.3763,14,-0.2191,-0.181,0.6008,0.2734,48,1
SLR004156,Mobiles & Accessories,Tier-3 Town,652,78,90,38248.98,3.21,0.2855,9,-0.2881,-0.1928,0.9279,0.2997,0,0
SLR004157,Beauty & Personal Care,Tier-3 Town,512,218,236,28002.47,3.75,0.2418,12,-0.1635,0.0417,0.6634,0.2563,7,0
SLR004158,Beauty & Personal Care,Tier-2 City,168,562,248,5467.99,4.14,0.1326,2,0.1656,0.3639,0.6408,0.0158,17,0
SLR004159,Toys & Baby,Tier-2 City,510,220,514,85905.5,3.58,0.2076,3,0.1679,0.008,0.3411,0.2219,7,0
SLR004160,Mobiles & Accessories,Tier-1 Metro,238,492,427,23516.68,3.87,0.1747,3,-0.1586,-0.176,0.605,0.0,10,0
SLR004161,Electronics,Tier-2 City,531,199,147,23413.53,3.43,0.1895,6,0.164,0.0487,0.7344,0.1712,102,1
SLR004162,Mobiles & Accessories,Tier-1 Metro,658,72,36,13860.91,3.59,0.1706,6,-0.7159,-0.0863,0.5009,0.1008,72,1
SLR004163,Beauty & Personal Care,Tier-1 Metro,303,427,405,13826.45,3.51,0.1348,4,-0.1179,0.0528,0.6133,0.1647,86,1
SLR004164,Home & Kitchen,Tier-1 Metro,0,730,1552,86970.98,3.68,0.1542,8,-0.1138,-0.0284,0.3557,0.1943,34,1
SLR004165,Mobiles & Accessories,Tier-2 City,457,273,147,16546.47,3.72,0.2601,8,0.0444,-0.3974,0.1405,0.3201,54,1
SLR004166,Mobiles & Accessories,Tier-2 City,0,730,331,7987.59,3.12,0.2901,12,0.0578,-0.3018,0.6826,0.2062,93,1
SLR004167,Beauty & Personal Care,Tier-2 City,398,332,316,28875.02,2.95,0.2716,15,0.0953,-0.3902,0.3365,0.2678,128,1
SLR004168,Home & Kitchen,Tier-2 City,378,352,536,32172.25,4.04,0.1802,8,0.2198,0.0712,0.7875,0.0893,2,0
SLR004169,Electronics,Tier-1 Metro,497,233,447,56064.59,4.8,0.1447,2,0.2342,-0.2215,0.563,0.1111,0,0
SLR004170,Home & Kitchen,Tier-1 Metro,0,730,441,22402.94,3.39,0.1805,6,-0.739,-0.0898,0.6873,0.1473,12,1
SLR004171,Electronics,Tier-1 Metro,418,312,607,68136.98,4.3,0.1606,5,-0.0724,-0.1078,0.385,0.1417,0,0
SLR004172,Mobiles & Accessories,Tier-2 City,571,159,227,58282.76,3.67,0.2438,7,-0.2884,-0.1015,0.7587,0.1295,4,0
SLR004173,Grocery,Tier-1 Metro,309,421,398,36109.15,2.63,0.1814,11,-0.4544,-0.3629,0.3987,0.3741,40,1
SLR004174,Toys & Baby,Tier-1 Metro,427,303,816,40479.44,4.62,0.1285,3,0.1844,0.0284,0.6417,0.193,0,0
SLR004175,Grocery,Tier-2 City,0,730,1109,34115.74,3.24,0.1999,6,-0.5332,-0.4523,0.3569,0.2996,5,1
SLR004176,Sports & Fitness,Tier-1 Metro,426,304,288,25688.6,4.23,0.142,1,-0.5289,-0.2208,0.2304,0.0989,8,0
SLR004177,Mobiles & Accessories,Tier-3 Town,309,421,679,18982.43,3.0,0.3329,9,-0.4554,-0.1619,0.6019,0.2662,108,1
SLR004178,Beauty & Personal Care,Tier-3 Town,255,475,163,10485.55,3.39,0.2258,10,-0.6928,-0.5246,0.2919,0.2451,78,1
SLR004179,Toys & Baby,Tier-1 Metro,568,162,375,83190.37,4.13,0.1509,6,0.0825,-0.1188,0.6911,0.176,0,0
SLR004180,Beauty & Personal Care,Tier-2 City,0,730,1280,65262.71,4.65,0.1823,5,-0.2641,-0.0346,0.3801,0.0916,16,0
SLR004181,Sports & Fitness,Tier-1 Metro,294,436,1507,56029.39,3.92,0.1388,4,0.4518,-0.1443,0.5192,0.1763,6,0
SLR004182,Toys & Baby,Tier-3 Town,433,297,494,44062.89,3.63,0.2473,4,0.0804,-0.0408,0.7532,0.2302,25,1
SLR004183,Grocery,Tier-2 City,518,212,538,40694.25,3.63,0.1324,6,0.1097,-0.0636,0.7516,0.134,0,0
SLR004184,Home & Kitchen,Tier-1 Metro,447,283,366,24492.02,3.45,0.1416,8,-0.3356,-0.0232,0.4609,0.1631,99,1
SLR004185,Electronics,Tier-3 Town,550,180,161,11676.09,3.56,0.2914,9,-0.2365,-0.3313,0.7472,0.2531,80,1
SLR004186,Fashion,Tier-3 Town,496,234,202,14082.91,3.66,0.3647,5,-0.2547,-0.3341,0.6704,0.2454,18,0
SLR004187,Electronics,Tier-2 City,644,86,51,18539.54,3.72,0.2466,10,-0.1049,-0.2339,0.4986,0.2325,47,1
SLR004188,Fashion,Tier-1 Metro,438,292,1557,74722.11,3.05,0.242,7,0.1636,-0.047,0.5757,0.1612,10,0
SLR004189,Grocery,Tier-1 Metro,0,730,1108,18885.67,3.79,0.1045,9,-0.2882,-0.186,0.5912,0.1717,69,1
SLR004190,Electronics,Tier-2 City,0,730,1568,46227.19,3.36,0.2471,10,-0.124,-0.3225,0.312,0.2455,45,1
SLR004191,Toys & Baby,Tier-1 Metro,712,18,82,35923.74,3.81,0.1574,10,-0.0302,-0.147,0.389,0.2695,5,1
SLR004192,Sports & Fitness,Tier-3 Town,280,450,82,2934.13,3.45,0.2362,10,-0.5632,0.0137,0.6015,0.3021,137,1
SLR004193,Toys & Baby,Tier-2 City,423,307,212,15710.62,3.79,0.1614,4,-0.3308,-0.3443,0.4428,0.1953,5,0
SLR004194,Beauty & Personal Care,Tier-1 Metro,0,730,497,25433.47,3.1,0.1581,4,-0.6242,-0.2744,0.2501,0.3177,21,1
SLR004195,Sports & Fitness,Tier-1 Metro,609,121,47,14759.46,5.0,0.0872,2,-0.022,0.0755,0.5951,0.0,33,0
SLR004196,Beauty & Personal Care,Tier-2 City,318,412,711,30399.82,3.88,0.1845,6,-0.4009,-0.0856,0.681,0.1589,0,0
SLR004197,Toys & Baby,Tier-3 Town,63,667,1534,42584.53,3.62,0.1768,5,-0.0696,0.0192,0.9084,0.1597,10,0
SLR004198,Toys & Baby,Tier-1 Metro,172,558,1017,22319.75,4.2,0.1207,5,0.0648,-0.1036,0.9257,0.1327,45,0
SLR004199,Grocery,Tier-1 Metro,558,172,263,59219.05,4.32,0.0895,3,0.239,0.0593,0.8432,0.0412,7,1
SLR004200,Toys & Baby,Tier-1 Metro,459,271,434,58956.68,2.89,0.1613,6,0.2227,-0.0982,0.577,0.1814,30,1
SLR004201,Toys & Baby,Tier-2 City,526,204,796,86876.46,3.35,0.1744,6,-0.0816,0.1312,0.7458,0.3196,45,0
SLR004202,Sports & Fitness,Tier-3 Town,620,110,158,19982.03,3.76,0.2045,2,-0.065,-0.0438,0.6553,0.2635,9,1
SLR004203,Sports & Fitness,Tier-3 Town,643,87,421,176656.15,3.18,0.256,3,-0.794,-0.3355,0.8092,0.3491,13,1
SLR004204,Toys & Baby,Tier-1 Metro,0,730,570,12379.1,3.94,0.1354,1,-0.2359,-0.0168,0.7305,0.1051,11,0
SLR004205,Home & Kitchen,Tier-2 City,298,432,251,17196.01,3.23,0.2531,8,-0.6167,-0.21,0.2907,0.3111,56,1
SLR004206,Electronics,Tier-2 City,231,499,425,22762.89,3.75,0.2396,8,0.2378,-0.2439,0.7461,0.1307,14,0
SLR004207,Sports & Fitness,Tier-1 Metro,173,557,1180,70756.44,4.67,0.0659,1,0.5682,0.145,0.6049,0.0,11,0
SLR004208,Home & Kitchen,Tier-3 Town,338,392,433,22411.73,4.47,0.2174,5,0.1085,0.2703,0.8874,0.1748,28,0
SLR004209,Electronics,Tier-1 Metro,362,368,793,81703.72,4.1,0.1494,3,0.1994,0.0164,0.7364,0.0544,6,0
SLR004210,Beauty & Personal Care,Tier-2 City,156,574,547,22116.57,3.83,0.1949,6,-0.0794,-0.1296,0.4308,0.1834,10,0
SLR004211,Toys & Baby,Tier-1 Metro,101,629,779,30117.94,3.76,0.1275,8,0.572,0.0049,0.4534,0.1238,5,1
SLR004212,Toys & Baby,Tier-2 City,629,101,230,93020.24,3.82,0.1931,4,0.0986,-0.2177,0.8156,0.2185,34,0
SLR004213,Mobiles & Accessories,Tier-2 City,487,243,920,41231.0,3.49,0.2518,6,0.129,-0.0136,0.8228,0.2023,21,0
SLR004214,Toys & Baby,Tier-3 Town,256,474,991,49408.14,3.52,0.2213,5,-0.256,0.0375,0.5902,0.2119,47,1
SLR004215,Grocery,Tier-3 Town,0,730,751,22999.95,3.28,0.2701,11,0.2497,-0.0756,0.4116,0.2396,13,1
SLR004216,Beauty & Personal Care,Tier-3 Town,409,321,125,5869.89,4.27,0.199,5,-0.1626,0.1168,0.7653,0.2734,14,0
SLR004217,Grocery,Tier-2 City,156,574,2293,157164.4,4.76,0.13,1,-0.2879,-0.2779,0.7041,0.1772,4,0
SLR004218,Home & Kitchen,Tier-1 Metro,139,591,236,10362.4,3.9,0.1831,6,-0.0183,0.1427,0.4938,0.1827,0,0
SLR004219,Beauty & Personal Care,Tier-3 Town,0,730,1817,62905.62,4.04,0.1727,3,0.1082,-0.0818,0.8588,0.1797,5,0
SLR004220,Toys & Baby,Tier-1 Metro,21,709,2369,76542.79,3.71,0.0984,9,0.0154,-0.0084,0.6028,0.1072,108,1
SLR004221,Grocery,Tier-1 Metro,403,327,200,24573.77,3.53,0.1347,6,-0.137,-0.0962,0.5301,0.1348,5,1
SLR004222,Toys & Baby,Tier-3 Town,188,542,559,26535.69,3.62,0.2391,10,-0.3595,-0.1118,0.7329,0.2453,1,0
SLR004223,Electronics,Tier-1 Metro,578,152,255,69960.5,3.26,0.2019,4,0.039,-0.2452,0.4217,0.2635,36,1
SLR004224,Sports & Fitness,Tier-1 Metro,538,192,217,13049.06,4.73,0.1253,3,0.033,-0.082,0.784,0.153,9,0
SLR004225,Grocery,Tier-1 Metro,0,730,862,16064.06,3.93,0.0922,4,-0.3617,-0.1075,0.521,0.17,6,0
SLR004226,Electronics,Tier-1 Metro,0,730,1907,75661.85,4.4,0.1414,4,-0.6065,-0.0333,0.6075,0.0849,11,0
SLR004227,Sports & Fitness,Tier-2 City,520,210,673,45547.32,4.42,0.1299,2,0.4101,-0.0502,0.5777,0.1011,8,0
SLR004228,Sports & Fitness,Tier-2 City,356,374,1103,89344.81,3.55,0.2115,6,-0.1669,0.18,0.6923,0.1601,3,0
SLR004229,Grocery,Tier-1 Metro,364,366,981,73830.79,4.28,0.0826,3,0.3697,0.0671,0.5353,0.0844,4,0
SLR004230,Electronics,Tier-2 City,406,324,646,25037.88,3.36,0.2197,12,0.3892,-0.0428,0.7005,0.1157,0,0
SLR004231,Beauty & Personal Care,Tier-3 Town,258,472,989,79490.97,3.71,0.2791,8,-0.1454,-0.3065,0.5012,0.2825,44,1
SLR004232,Toys & Baby,Tier-3 Town,543,187,608,97735.98,3.41,0.2334,7,-0.3285,0.1806,0.697,0.3207,15,1
SLR004233,Beauty & Personal Care,Tier-2 City,624,106,314,44959.19,4.2,0.1784,10,-0.0476,-0.1861,0.5967,0.165,22,0
SLR004234,Electronics,Tier-3 Town,518,212,146,26620.54,3.61,0.2931,12,-0.4761,-0.3066,0.6421,0.3319,9,0
SLR004235,Fashion,Tier-1 Metro,590,140,57,14146.51,3.97,0.2434,8,-0.1215,-0.2176,0.7103,0.1291,38,1
SLR004236,Beauty & Personal Care,Tier-2 City,176,554,566,36411.94,4.42,0.153,1,0.1354,0.0213,0.5148,0.1193,0,0
SLR004237,Beauty & Personal Care,Tier-2 City,315,415,116,10096.6,4.45,0.1619,2,0.0146,-0.0062,0.5197,0.213,9,0
SLR004238,Mobiles & Accessories,Tier-3 Town,293,437,269,13579.33,3.24,0.2941,6,-0.1504,-0.2381,0.5274,0.2158,14,0
SLR004239,Sports & Fitness,Tier-1 Metro,473,257,318,23074.37,3.62,0.1645,7,0.1293,-0.0508,0.531,0.1427,11,0
SLR004240,Fashion,Tier-1 Metro,469,261,388,27516.68,4.09,0.239,6,0.0932,0.1752,0.8798,0.0876,4,0
SLR004241,Fashion,Tier-2 City,561,169,405,25502.14,3.72,0.3046,7,-0.4323,0.0466,0.7895,0.1955,5,1
SLR004242,Beauty & Personal Care,Tier-1 Metro,392,338,206,12854.58,3.64,0.1532,6,-0.4185,0.0122,0.6434,0.149,58,1
SLR004243,Home & Kitchen,Tier-3 Town,358,372,838,27411.07,3.1,0.3031,7,0.0015,-0.6025,0.7208,0.2164,6,1
SLR004244,Sports & Fitness,Tier-1 Metro,690,40,23,23633.93,4.27,0.137,4,-0.4259,-0.0089,0.6086,0.1211,5,0
SLR004245,Sports & Fitness,Tier-1 Metro,400,330,738,42818.48,3.82,0.1283,11,-0.1815,-0.119,0.7599,0.159,15,0
SLR004246,Grocery,Tier-3 Town,447,283,668,51112.88,3.93,0.2156,6,0.021,-0.0754,0.7029,0.3366,6,0
SLR004247,Beauty & Personal Care,Tier-2 City,503,227,508,65408.86,4.46,0.1715,5,0.056,0.2834,0.3994,0.0904,0,0
SLR004248,Sports & Fitness,Tier-2 City,593,137,62,12208.97,3.27,0.2016,6,0.1353,0.0639,0.6136,0.1524,81,1
SLR004249,Beauty & Personal Care,Tier-1 Metro,516,214,29,2666.35,3.25,0.1961,12,-0.0765,-0.1733,0.2506,0.2986,23,1
SLR004250,Toys & Baby,Tier-2 City,0,730,612,27791.79,3.58,0.2158,6,-1.0,-0.2374,0.6526,0.294,12,0
SLR004251,Beauty & Personal Care,Tier-2 City,411,319,77,3747.51,3.12,0.2298,7,-0.1884,-0.1328,0.6409,0.2716,104,1
SLR004252,Grocery,Tier-1 Metro,517,213,162,15747.85,3.98,0.1268,8,-0.0539,0.268,0.3971,0.119,0,0
SLR004253,Mobiles & Accessories,Tier-3 Town,603,127,242,68652.23,3.73,0.2699,4,0.1851,0.209,0.8639,0.164,11,0
SLR004254,Beauty & Personal Care,Tier-2 City,64,666,621,31809.54,3.49,0.1655,11,0.1209,-0.1148,0.4223,0.135,6,0
SLR004255,Beauty & Personal Care,Tier-2 City,257,473,978,59510.72,3.45,0.1863,5,-0.534,-0.0616,0.8573,0.2274,0,0
SLR004256,Beauty & Personal Care,Tier-2 City,490,240,116,6969.93,3.66,0.1644,4,0.491,0.0395,0.6725,0.124,0,0
SLR004257,Electronics,Tier-3 Town,274,456,517,41984.23,3.51,0.2853,15,-0.1153,-0.203,0.6594,0.1794,62,1
SLR004258,Toys & Baby,Tier-1 Metro,604,126,162,50548.82,3.14,0.1503,4,-0.5449,-0.0999,0.5339,0.1797,0,0
SLR004259,Mobiles & Accessories,Tier-1 Metro,469,261,179,19993.04,3.86,0.1799,6,-0.079,0.1013,0.6103,0.2094,15,0
SLR004260,Sports & Fitness,Tier-2 City,369,361,519,49364.59,3.96,0.199,3,0.1368,-0.0524,0.9735,0.1321,25,0
SLR004261,Electronics,Tier-3 Town,433,297,1870,211114.87,3.44,0.2615,8,0.0977,-0.1331,0.8486,0.2185,8,0
SLR004262,Beauty & Personal Care,Tier-3 Town,390,340,1512,83732.9,3.86,0.2436,9,-0.0447,0.0798,0.6116,0.2965,10,0
SLR004263,Beauty & Personal Care,Tier-3 Town,458,272,634,84147.62,3.15,0.28,3,-0.2934,-0.1119,0.5986,0.3069,14,0
SLR004264,Mobiles & Accessories,Tier-3 Town,88,642,396,22001.6,2.25,0.3522,8,-0.3416,-0.4312,0.3727,0.2378,91,1
SLR004265,Home & Kitchen,Tier-2 City,510,220,141,7160.11,3.23,0.2278,11,0.0991,-0.1803,0.2648,0.2855,54,1
SLR004266,Beauty & Personal Care,Tier-2 City,0,730,540,29737.55,3.58,0.2114,8,0.0698,-0.2194,0.7719,0.1905,54,1
SLR004267,Grocery,Tier-2 City,528,202,116,23577.61,4.48,0.1241,4,0.1822,0.1781,0.5837,0.0932,14,0
SLR004268,Grocery,Tier-3 Town,290,440,753,54308.66,3.71,0.1864,7,-0.3985,-0.1457,0.5431,0.3123,46,1
SLR004269,Electronics,Tier-3 Town,327,403,680,47515.53,2.81,0.3514,16,-0.1176,-0.3623,0.4722,0.3726,58,1
SLR004270,Mobiles & Accessories,Tier-1 Metro,577,153,165,15702.18,3.93,0.199,6,-0.1258,-0.0564,0.4676,0.1383,33,1
SLR004271,Fashion,Tier-3 Town,561,169,16,1913.07,3.61,0.398,12,-0.2469,-0.1184,0.8376,0.1557,5,0
SLR004272,Sports & Fitness,Tier-2 City,0,730,544,21259.35,3.81,0.1498,4,-0.3129,-0.1234,0.651,0.1745,5,1
SLR004273,Grocery,Tier-1 Metro,590,140,429,32601.56,3.65,0.1185,6,-0.4203,0.059,0.6776,0.2239,23,0
SLR004274,Mobiles & Accessories,Tier-2 City,0,730,1437,51264.11,3.35,0.2161,7,-0.5276,-0.0393,0.7205,0.2119,21,1
SLR004275,Beauty & Personal Care,Tier-1 Metro,653,77,114,39675.31,4.22,0.1354,3,-0.071,-0.3609,0.7171,0.1516,14,1
SLR004276,Electronics,Tier-1 Metro,277,453,166,11215.41,2.31,0.2052,6,0.2222,-0.3219,0.4148,0.3111,47,1
SLR004277,Fashion,Tier-1 Metro,0,730,452,13055.92,4.72,0.2413,4,0.0635,-0.2386,0.8074,0.0113,3,0
SLR004278,Mobiles & Accessories,Tier-2 City,419,311,317,30077.11,2.87,0.2899,8,0.0568,-0.3926,0.4771,0.2158,31,1
SLR004279,Beauty & Personal Care,Tier-1 Metro,265,465,106,8315.62,3.66,0.1465,8,-0.089,-0.1425,0.9764,0.2342,7,1
SLR004280,Grocery,Tier-1 Metro,504,226,76,6640.1,4.02,0.0897,4,-0.2963,0.006,0.6465,0.1025,24,0
SLR004281,Mobiles & Accessories,Tier-1 Metro,398,332,246,10601.08,3.47,0.1797,6,-0.2123,-0.2781,0.6308,0.0913,0,0
SLR004282,Grocery,Tier-1 Metro,419,311,251,20282.63,3.67,0.103,2,0.0325,-0.0867,0.5431,0.1107,3,0
SLR004283,Toys & Baby,Tier-1 Metro,618,112,28,9873.77,3.61,0.1752,6,-0.1881,-0.2616,0.5121,0.2234,4,0
SLR004284,Mobiles & Accessories,Tier-2 City,124,606,582,39004.61,3.07,0.2677,5,-0.0423,-0.0568,0.5411,0.2601,25,0
SLR004285,Mobiles & Accessories,Tier-1 Metro,0,730,961,37965.01,3.66,0.1793,5,-0.0473,-0.284,0.6237,0.1145,0,0
SLR004286,Grocery,Tier-2 City,369,361,451,44459.16,3.4,0.1631,7,-0.076,0.0683,0.7435,0.2156,21,0
SLR004287,Fashion,Tier-2 City,581,149,823,216286.37,3.58,0.3073,7,0.1602,-0.0805,0.6721,0.1937,82,1
SLR004288,Home & Kitchen,Tier-1 Metro,271,459,426,12115.63,4.08,0.1465,5,0.3154,-0.1173,0.8832,0.1451,17,0
SLR004289,Mobiles & Accessories,Tier-3 Town,490,240,668,52897.98,4.09,0.3355,11,0.0378,-0.1182,0.5104,0.2148,7,0
SLR004290,Fashion,Tier-1 Metro,639,91,118,51010.02,3.97,0.2094,5,-0.0034,0.1354,0.5704,0.0329,15,0
SLR004291,Sports & Fitness,Tier-1 Metro,383,347,347,19430.27,4.37,0.1297,2,0.0879,0.286,0.8267,0.0518,23,0
SLR004292,Mobiles & Accessories,Tier-1 Metro,173,557,74,3690.59,3.17,0.232,7,-0.4711,-0.3086,0.6674,0.1207,0,0
SLR004293,Mobiles & Accessories,Tier-2 City,131,599,1429,43359.47,3.42,0.2169,5,0.0536,-0.2712,0.6496,0.2131,8,1
SLR004294,Home & Kitchen,Tier-1 Metro,308,422,409,38014.23,3.66,0.1847,9,-0.6368,-0.2099,0.4539,0.2463,34,1
SLR004295,Mobiles & Accessories,Tier-1 Metro,108,622,207,13406.95,4.18,0.2331,8,-0.2166,-0.0862,0.85,0.0805,47,1
SLR004296,Beauty & Personal Care,Tier-2 City,365,365,348,14046.28,3.44,0.2088,10,-0.4064,-0.1855,0.5693,0.1777,68,1
SLR004297,Toys & Baby,Tier-3 Town,221,509,769,43584.37,3.74,0.2089,6,0.0017,-0.1481,0.4969,0.2661,0,0
SLR004298,Electronics,Tier-1 Metro,476,254,102,11669.71,3.88,0.148,4,0.1626,-0.0975,0.8307,0.1289,21,0
SLR004299,Grocery,Tier-1 Metro,257,473,2474,133071.03,3.73,0.0885,1,0.0639,-0.0767,0.4315,0.1257,0,0
SLR004300,Fashion,Tier-1 Metro,519,211,82,11950.46,3.41,0.2558,10,-0.4797,-0.0411,0.7091,0.1757,20,0
SLR004301,Mobiles & Accessories,Tier-1 Metro,593,137,479,79105.14,3.97,0.1637,2,-0.0029,-0.0736,0.6305,0.1088,0,0
SLR004302,Grocery,Tier-1 Metro,172,558,1039,55578.21,3.37,0.1059,5,0.0621,-0.1227,0.7433,0.202,9,0
SLR004303,Sports & Fitness,Tier-2 City,210,520,569,37652.31,3.82,0.1395,6,0.2015,0.1755,0.6385,0.1329,0,0
SLR004304,Sports & Fitness,Tier-1 Metro,255,475,1246,81240.08,4.1,0.1281,6,-0.2975,-0.1905,0.455,0.1919,26,1
SLR004305,Home & Kitchen,Tier-2 City,204,526,345,17718.01,4.18,0.2053,6,0.0428,0.0242,0.6389,0.2616,0,0
SLR004306,Home & Kitchen,Tier-3 Town,90,640,1095,42690.08,3.52,0.266,8,-0.2543,-0.0364,0.5511,0.345,5,1
SLR004307,Sports & Fitness,Tier-3 Town,677,53,8,3921.95,3.93,0.2685,11,-0.3339,-0.0393,1.0,0.2529,19,0
SLR004308,Beauty & Personal Care,Tier-2 City,599,131,25,7497.4,3.41,0.2019,7,-0.3574,-0.0113,0.7586,0.1808,32,1
SLR004309,Sports & Fitness,Tier-3 Town,0,730,218,3441.45,4.35,0.2413,1,-0.3543,0.0714,0.7004,0.1865,0,0
SLR004310,Sports & Fitness,Tier-1 Metro,558,172,142,14998.05,4.91,0.1098,4,0.2879,-0.1287,0.5106,0.156,10,0
SLR004311,Beauty & Personal Care,Tier-2 City,234,496,623,22220.33,3.53,0.1837,10,-0.0712,0.0192,0.6593,0.1494,6,0
SLR004312,Home & Kitchen,Tier-3 Town,190,540,2790,159806.49,3.62,0.2267,8,0.0211,-0.2115,0.5652,0.2677,50,1
SLR004313,Beauty & Personal Care,Tier-2 City,61,669,1464,69437.55,3.97,0.1203,5,0.0078,-0.033,0.7909,0.1236,29,0
SLR004314,Electronics,Tier-1 Metro,641,89,371,57036.15,5.0,0.1166,2,0.229,0.1587,0.8261,0.0,0,0
SLR004315,Grocery,Tier-1 Metro,255,475,641,42126.96,4.19,0.1312,7,-0.1158,-0.2775,0.6997,0.0964,3,0
SLR004316,Sports & Fitness,Tier-1 Metro,394,336,396,12828.24,4.25,0.1237,3,-0.0395,-0.2804,0.3688,0.1627,0,0
SLR004317,Beauty & Personal Care,Tier-2 City,645,85,61,11789.18,2.95,0.2018,4,0.4007,0.0904,0.6856,0.2271,21,1
SLR004318,Beauty & Personal Care,Tier-1 Metro,628,102,194,58438.81,3.47,0.1246,5,0.2282,0.0697,0.7251,0.0909,51,1
SLR004319,Mobiles & Accessories,Tier-1 Metro,276,454,1156,53567.0,4.76,0.1313,4,0.0067,0.1279,0.9674,0.0535,0,0
SLR004320,Electronics,Tier-1 Metro,604,126,167,37220.4,3.76,0.1483,7,-0.3224,-0.1732,0.894,0.1275,18,1
SLR004321,Sports & Fitness,Tier-1 Metro,138,592,788,45900.09,3.56,0.1243,6,0.2406,0.2187,0.5347,0.152,10,0
SLR004322,Electronics,Tier-1 Metro,265,465,1049,79531.93,3.69,0.2248,11,-0.3481,-0.5454,0.3903,0.1445,17,1
SLR004323,Electronics,Tier-3 Town,644,86,56,26374.63,2.81,0.2915,17,-0.6885,-0.2788,0.6092,0.3323,48,1
SLR004324,Beauty & Personal Care,Tier-3 Town,540,190,199,30874.04,4.24,0.2329,9,-0.2448,-0.3286,0.1549,0.3025,113,1
SLR004325,Grocery,Tier-3 Town,0,730,993,53326.76,3.95,0.2159,9,0.0455,0.0848,0.6838,0.2556,8,0
SLR004326,Fashion,Tier-1 Metro,570,160,95,15170.84,3.7,0.2889,4,0.2129,-0.1119,0.6362,0.0971,10,0
SLR004327,Fashion,Tier-1 Metro,527,203,477,31861.1,4.28,0.2843,7,-0.391,0.0269,0.7275,0.0278,0,0
SLR004328,Home & Kitchen,Tier-3 Town,0,730,563,27804.34,3.44,0.2297,5,-0.0853,-0.2162,0.6573,0.2285,1,0
SLR004329,Grocery,Tier-2 City,14,716,1035,24024.81,3.94,0.1895,3,-0.0494,-0.2658,0.9321,0.1079,52,1
SLR004330,Grocery,Tier-1 Metro,557,173,506,49350.87,4.94,0.0964,3,0.4684,-0.0557,0.7455,0.0895,4,0
SLR004331,Home & Kitchen,Tier-1 Metro,342,388,355,31369.44,3.29,0.1538,7,-0.6542,0.0724,0.4243,0.2346,8,1
SLR004332,Beauty & Personal Care,Tier-1 Metro,420,310,128,7479.48,3.86,0.1671,2,0.202,0.0589,0.5252,0.1396,21,0
SLR004333,Mobiles & Accessories,Tier-1 Metro,324,406,37,1953.94,3.08,0.2218,12,-0.3453,0.2552,0.3441,0.1747,10,1
SLR004334,Toys & Baby,Tier-1 Metro,396,334,782,46327.28,3.02,0.1701,10,-0.5584,-0.2132,0.386,0.1401,79,1
SLR004335,Electronics,Tier-2 City,508,222,2032,184504.59,3.96,0.2014,4,-0.1128,0.219,0.5279,0.1341,6,0
SLR004336,Home & Kitchen,Tier-2 City,467,263,156,22253.81,3.77,0.1855,8,-0.3194,-0.0543,0.5281,0.1964,4,0
SLR004337,Sports & Fitness,Tier-1 Metro,206,524,922,29822.25,3.68,0.1741,11,0.2128,-0.2431,0.5452,0.1536,18,0
SLR004338,Beauty & Personal Care,Tier-1 Metro,290,440,474,41705.65,3.76,0.1136,7,0.0968,-0.3434,0.5713,0.2132,1,0
SLR004339,Toys & Baby,Tier-2 City,525,205,202,15289.43,4.79,0.1642,10,0.1579,0.0503,0.7153,0.162,1,0
SLR004340,Mobiles & Accessories,Tier-1 Metro,615,115,63,17270.24,2.9,0.2192,8,-0.6359,-0.3965,0.6317,0.2108,82,1
SLR004341,Grocery,Tier-3 Town,369,361,1159,91162.94,3.58,0.2377,4,-0.1327,-0.1417,0.5633,0.258,0,0
SLR004342,Grocery,Tier-2 City,0,730,1424,80853.97,3.1,0.1712,5,-0.235,-0.3899,0.4744,0.2666,40,1
SLR004343,Beauty & Personal Care,Tier-1 Metro,0,730,1011,31950.39,3.28,0.1734,9,-0.5476,0.0092,0.3992,0.284,22,1
SLR004344,Toys & Baby,Tier-3 Town,409,321,357,19446.95,3.66,0.235,6,0.0036,0.0063,0.5377,0.1873,25,0
SLR004345,Grocery,Tier-2 City,679,51,134,50218.47,4.31,0.1005,4,0.05,0.0953,0.724,0.0789,25,0
SLR004346,Toys & Baby,Tier-1 Metro,262,468,765,39069.35,4.32,0.1248,5,-0.2257,-0.2346,0.4353,0.2119,14,0
SLR004347,Toys & Baby,Tier-1 Metro,554,176,484,72017.44,3.91,0.1303,2,-0.0252,0.0208,0.625,0.0801,15,0
SLR004348,Mobiles & Accessories,Tier-2 City,324,406,1024,49144.61,4.41,0.2029,8,-0.0953,-0.0652,0.7243,0.1631,22,0
SLR004349,Fashion,Tier-2 City,528,202,92,16981.83,3.01,0.3286,7,-0.7296,-0.0079,0.6191,0.2929,73,1
SLR004350,Fashion,Tier-2 City,498,232,426,51511.48,3.37,0.3228,6,-0.0502,0.1206,0.3811,0.1865,39,1
SLR004351,Beauty & Personal Care,Tier-2 City,574,156,149,20298.73,3.12,0.1814,12,-0.2621,0.1195,0.664,0.2009,48,1
SLR004352,Toys & Baby,Tier-1 Metro,41,689,686,31963.52,3.6,0.1781,8,-0.4658,0.2546,0.8859,0.2062,22,0
SLR004353,Toys & Baby,Tier-1 Metro,366,364,178,10559.43,3.66,0.1751,6,-0.3197,-0.3404,0.2996,0.0065,71,1
SLR004354,Electronics,Tier-2 City,667,63,54,16674.69,3.46,0.221,10,-0.2819,0.1057,0.673,0.1512,21,1
SLR004355,Grocery,Tier-1 Metro,374,356,1166,119659.2,4.17,0.0634,2,0.0481,0.1678,0.5925,0.0875,5,0
SLR004356,Electronics,Tier-2 City,503,227,167,21212.19,3.28,0.2257,4,-0.0649,-0.2826,0.7295,0.1232,102,1
SLR004357,Fashion,Tier-1 Metro,342,388,880,73277.85,3.35,0.2701,3,-0.084,0.164,0.7546,0.1174,50,1
SLR004358,Grocery,Tier-1 Metro,532,198,63,5538.57,3.72,0.1403,4,-0.4182,-0.3257,0.7046,0.2363,56,1
SLR004359,Mobiles & Accessories,Tier-2 City,317,413,154,8400.42,4.05,0.2056,11,-0.0421,0.0262,0.7795,0.1291,42,0
SLR004360,Sports & Fitness,Tier-2 City,642,88,36,12449.67,3.92,0.1965,9,-0.3499,-0.1879,0.4568,0.2304,5,1
SLR004361,Grocery,Tier-1 Metro,470,260,282,25091.21,4.03,0.1363,4,-0.1107,0.0556,0.6673,0.1386,115,1
SLR004362,Grocery,Tier-1 Metro,251,479,1391,97049.8,3.79,0.1405,7,-0.2249,-0.1,0.8244,0.2131,127,1
SLR004363,Home & Kitchen,Tier-3 Town,342,388,419,36627.75,3.45,0.2591,8,-0.2967,-0.1338,0.6847,0.2344,0,0
SLR004364,Grocery,Tier-3 Town,531,199,129,9112.27,3.21,0.1925,5,-0.2111,-0.064,0.5608,0.2722,5,1
SLR004365,Home & Kitchen,Tier-3 Town,87,643,1749,51483.64,3.66,0.2868,3,-0.5016,-0.1121,0.4864,0.297,13,1
SLR004366,Sports & Fitness,Tier-2 City,454,276,443,38205.94,3.95,0.1769,5,-0.5366,-0.0234,0.7564,0.1212,0,0
SLR004367,Mobiles & Accessories,Tier-1 Metro,599,131,88,8960.43,2.72,0.2394,10,-0.3168,-0.173,0.5489,0.3388,84,1
SLR004368,Mobiles & Accessories,Tier-2 City,351,379,160,8850.01,4.08,0.2168,5,-0.0515,-0.0805,0.6513,0.0524,0,0
SLR004369,Mobiles & Accessories,Tier-1 Metro,388,342,685,84101.44,3.21,0.1976,6,0.1255,-0.211,0.2407,0.1132,11,0
SLR004370,Fashion,Tier-3 Town,520,210,262,27581.87,3.97,0.3301,9,-0.1692,-0.0302,0.6222,0.1881,3,0
SLR004371,Sports & Fitness,Tier-1 Metro,298,432,300,19789.59,4.06,0.1627,9,-0.049,-0.0294,0.3393,0.104,8,0
SLR004372,Beauty & Personal Care,Tier-2 City,517,213,260,29620.25,3.73,0.2212,13,-0.1807,-0.0704,0.6128,0.2129,34,1
SLR004373,Mobiles & Accessories,Tier-2 City,0,730,1140,26153.39,3.73,0.2308,5,-0.4706,-0.0297,0.6121,0.1344,42,1
SLR004374,Electronics,Tier-1 Metro,484,246,138,15201.97,3.77,0.1636,7,-0.2731,-0.0901,0.6197,0.0813,7,0
SLR004375,Grocery,Tier-1 Metro,689,41,56,28132.48,3.71,0.1273,7,-0.0043,-0.0524,0.4571,0.1432,41,1
SLR004376,Fashion,Tier-1 Metro,578,152,45,10663.22,3.32,0.3023,6,-0.5153,-0.3779,0.6838,0.1974,43,1
SLR004377,Toys & Baby,Tier-2 City,530,200,588,97447.48,3.82,0.1663,3,0.1619,-0.0843,0.7687,0.1297,41,1
SLR004378,Toys & Baby,Tier-2 City,619,111,68,10583.56,3.5,0.1903,7,-0.2901,-0.1969,0.3727,0.2586,27,1
SLR004379,Home & Kitchen,Tier-2 City,372,358,1562,93153.35,3.38,0.2189,7,-0.1169,-0.5384,0.3145,0.2403,7,0
SLR004380,Mobiles & Accessories,Tier-1 Metro,274,456,377,11767.46,3.36,0.2475,8,-0.654,-0.1808,0.6702,0.1932,27,1
SLR004381,Mobiles & Accessories,Tier-2 City,410,320,1006,90257.39,3.05,0.195,6,-0.0202,0.0627,0.6683,0.1253,5,1
SLR004382,Mobiles & Accessories,Tier-3 Town,249,481,375,32565.13,3.47,0.2921,6,0.0469,-0.2195,0.5596,0.3272,55,1
SLR004383,Mobiles & Accessories,Tier-2 City,195,535,482,30872.97,3.6,0.2198,9,-0.5111,-0.1566,0.4907,0.1758,4,0
SLR004384,Mobiles & Accessories,Tier-3 Town,244,486,472,30828.09,2.66,0.2886,9,-0.3979,-0.0449,0.8191,0.2228,45,1
SLR004385,Beauty & Personal Care,Tier-1 Metro,555,175,76,5951.76,3.55,0.1511,5,0.1188,-0.1315,0.7622,0.1967,17,0
SLR004386,Home & Kitchen,Tier-1 Metro,516,214,310,25261.86,3.68,0.172,6,-0.0596,-0.3164,0.7346,0.1749,52,1
SLR004387,Grocery,Tier-1 Metro,571,159,408,30268.48,3.82,0.1241,9,-0.3322,-0.1948,0.6794,0.1936,10,1
SLR004388,Sports & Fitness,Tier-2 City,0,730,172,8966.84,3.33,0.2033,7,-0.1561,0.0083,0.7784,0.117,19,1
SLR004389,Grocery,Tier-2 City,390,340,263,25396.93,3.4,0.2019,12,-0.3117,-0.5063,0.559,0.1872,175,1
SLR004390,Home & Kitchen,Tier-1 Metro,50,680,1028,34934.65,3.59,0.1548,2,0.053,-0.195,0.5776,0.0814,8,0
SLR004391,Sports & Fitness,Tier-1 Metro,655,75,195,98179.35,3.73,0.145,6,0.3064,-0.051,0.8485,0.0187,0,0
SLR004392,Grocery,Tier-1 Metro,617,113,77,27374.9,3.62,0.1119,7,-0.2988,-0.2212,0.3835,0.1509,5,1
SLR004393,Electronics,Tier-1 Metro,343,387,370,23786.98,4.14,0.13,5,-0.1045,-0.194,0.4797,0.1235,0,0
SLR004394,Toys & Baby,Tier-1 Metro,609,121,193,36618.68,3.58,0.1561,1,0.1133,-0.2287,0.5583,0.1054,12,0
SLR004395,Grocery,Tier-3 Town,0,730,574,13786.44,3.23,0.2141,10,-0.5293,-0.2617,0.6171,0.3697,49,1
SLR004396,Sports & Fitness,Tier-2 City,640,90,158,52546.27,2.56,0.2571,8,-0.4223,-0.2916,0.5435,0.2119,90,1
SLR004397,Toys & Baby,Tier-2 City,668,62,27,5386.82,3.22,0.1981,2,-0.4841,-0.0207,0.2761,0.2011,38,1
SLR004398,Home & Kitchen,Tier-2 City,354,376,354,28936.02,3.42,0.1815,6,-0.3196,-0.2207,0.7279,0.2827,6,0
SLR004399,Beauty & Personal Care,Tier-3 Town,27,703,3027,131220.22,3.96,0.1935,6,0.233,0.034,0.527,0.2014,9,0
SLR004400,Electronics,Tier-2 City,679,51,72,38482.51,2.93,0.2393,11,-0.4413,-0.089,0.5561,0.2481,51,1
SLR004401,Home & Kitchen,Tier-1 Metro,536,194,505,90237.48,3.53,0.1503,12,0.5903,-0.1219,0.5919,0.1099,17,1
SLR004402,Sports & Fitness,Tier-1 Metro,564,166,222,22371.82,3.8,0.1649,3,0.1123,-0.2128,0.7554,0.2049,0,0
SLR004403,Toys & Baby,Tier-1 Metro,491,239,329,28725.38,3.51,0.1889,7,-0.2156,-0.0487,0.5292,0.1794,20,0
SLR004404,Fashion,Tier-1 Metro,485,245,481,52710.71,2.52,0.2953,11,0.0966,-0.419,0.6227,0.2097,113,1
SLR004405,Home & Kitchen,Tier-3 Town,260,470,287,24307.63,3.6,0.28,7,0.0405,0.0147,0.8358,0.2949,0,0
SLR004406,Grocery,Tier-1 Metro,202,528,2336,145130.71,4.04,0.1018,2,-0.0327,0.0603,0.6449,0.0375,0,0
SLR004407,Fashion,Tier-1 Metro,184,546,483,11019.82,3.5,0.3068,14,-0.3483,-0.5566,0.4818,0.2543,48,1
SLR004408,Fashion,Tier-1 Metro,9,721,1812,32616.06,3.82,0.2585,5,-0.3468,-0.133,0.538,0.1074,9,0
SLR004409,Home & Kitchen,Tier-1 Metro,492,238,102,14791.59,2.91,0.1794,16,-0.4461,-0.2178,0.1983,0.153,12,1
SLR004410,Fashion,Tier-3 Town,456,274,309,12138.79,3.01,0.3848,7,0.0169,-0.2901,0.6935,0.2624,6,0
SLR004411,Sports & Fitness,Tier-2 City,114,616,1050,31135.89,4.1,0.1768,6,-0.2637,-0.1632,0.5298,0.1993,16,1
SLR004412,Sports & Fitness,Tier-1 Metro,291,439,630,30793.05,3.04,0.1899,5,-0.2421,-0.0015,0.6968,0.1209,9,0
SLR004413,Sports & Fitness,Tier-1 Metro,210,520,385,12064.8,3.61,0.1696,6,-0.0705,0.1007,0.548,0.1614,3,0
SLR004414,Mobiles & Accessories,Tier-3 Town,102,628,341,21636.33,4.24,0.2785,7,-0.0285,-0.0453,0.5314,0.2144,73,1
SLR004415,Beauty & Personal Care,Tier-2 City,12,718,534,13154.87,4.22,0.1814,6,0.0283,0.1423,0.666,0.1861,9,0
SLR004416,Fashion,Tier-1 Metro,502,228,1094,180335.16,3.56,0.2524,9,0.2645,-0.1715,0.699,0.099,30,1
SLR004417,Beauty & Personal Care,Tier-2 City,369,361,503,44838.34,4.77,0.1626,1,0.1425,0.3049,0.7556,0.1256,0,0
SLR004418,Mobiles & Accessories,Tier-2 City,0,730,817,31284.17,2.67,0.2702,7,-0.2455,-0.4906,0.5012,0.2313,5,0
SLR004419,Sports & Fitness,Tier-3 Town,0,730,506,16388.49,3.23,0.2797,8,-1.0,-0.0894,0.8211,0.2904,75,1
SLR004420,Fashion,Tier-1 Metro,450,280,368,43397.45,3.32,0.3071,12,-0.202,-0.0639,0.1223,0.2129,73,1
SLR004421,Beauty & Personal Care,Tier-1 Metro,290,440,444,20681.38,3.79,0.1628,4,0.0034,-0.1254,0.6812,0.2078,10,0
SLR004422,Fashion,Tier-3 Town,75,655,1287,73664.26,3.63,0.328,5,-0.228,0.0259,0.9909,0.1386,2,0
SLR004423,Mobiles & Accessories,Tier-2 City,619,111,227,81674.01,4.02,0.2862,7,-0.8299,-0.2991,0.9291,0.153,4,0
SLR004424,Mobiles & Accessories,Tier-2 City,429,301,1146,131312.98,3.89,0.2493,3,-0.1312,0.037,0.5357,0.1505,0,0
SLR004425,Sports & Fitness,Tier-3 Town,69,661,2147,79421.03,3.65,0.2376,8,-0.2021,-0.2182,0.9153,0.1944,0,0
SLR004426,Mobiles & Accessories,Tier-1 Metro,645,85,146,36924.26,3.69,0.1976,7,-0.7108,-0.2485,0.7569,0.0725,15,1
SLR004427,Toys & Baby,Tier-2 City,644,86,21,7253.39,3.33,0.19,4,-0.2567,-0.1159,0.7736,0.2323,7,0
SLR004428,Mobiles & Accessories,Tier-3 Town,270,460,828,24532.51,4.03,0.2407,3,-0.0034,0.0642,0.9692,0.1398,5,0
SLR004429,Electronics,Tier-1 Metro,601,129,9,2714.55,2.83,0.2282,11,-0.1496,-0.1056,0.5309,0.278,14,1
SLR004430,Toys & Baby,Tier-1 Metro,668,62,35,19602.99,3.76,0.1673,12,-0.0861,-0.3867,0.7336,0.2392,23,1
SLR004431,Electronics,Tier-3 Town,393,337,219,14055.66,3.38,0.2568,7,0.0918,-0.083,0.2752,0.2167,33,1
SLR004432,Grocery,Tier-1 Metro,634,96,77,10344.28,3.19,0.1413,5,-0.0532,-0.1543,0.5383,0.2274,85,1
SLR004433,Mobiles & Accessories,Tier-2 City,548,182,234,41389.43,4.43,0.2543,4,0.1903,0.0353,0.3997,0.1679,7,0
SLR004434,Sports & Fitness,Tier-2 City,0,730,3039,164282.72,3.85,0.1189,1,0.0571,0.1033,0.6387,0.0854,7,0
SLR004435,Fashion,Tier-2 City,609,121,272,82565.85,3.94,0.3074,8,0.081,-0.0769,0.8542,0.1569,29,0
SLR004436,Grocery,Tier-2 City,495,235,419,70096.05,3.93,0.1893,6,0.148,-0.1776,0.582,0.1996,12,0
SLR004437,Mobiles & Accessories,Tier-1 Metro,129,601,267,8306.81,4.05,0.1966,11,-0.0143,-0.1391,0.6373,0.1148,44,1
SLR004438,Grocery,Tier-2 City,369,361,478,29573.36,3.17,0.1136,5,-0.1363,-0.2178,0.4156,0.2814,83,1
SLR004439,Mobiles & Accessories,Tier-2 City,505,225,495,23780.27,4.06,0.2008,5,-0.0847,-0.1953,0.8367,0.0381,0,0
SLR004440,Toys & Baby,Tier-3 Town,429,301,373,31132.09,3.25,0.2715,10,-0.2155,-0.2046,0.6605,0.3104,3,0
SLR004441,Toys & Baby,Tier-1 Metro,42,688,1523,30749.16,3.49,0.1638,9,-0.1641,-0.2213,0.6491,0.3122,12,1
SLR004442,Sports & Fitness,Tier-2 City,399,331,453,42320.47,3.78,0.1801,4,-0.0414,-0.1616,0.4293,0.13,5,1
SLR004443,Mobiles & Accessories,Tier-2 City,593,137,233,61409.19,3.56,0.2643,10,-0.178,0.066,0.6671,0.1077,0,0
SLR004444,Electronics,Tier-3 Town,293,437,302,23409.35,3.92,0.2672,8,-0.2207,-0.0104,0.578,0.2186,0,0
SLR004445,Sports & Fitness,Tier-1 Metro,441,289,502,27219.7,3.96,0.1332,4,0.2915,0.103,0.3086,0.0763,0,0
SLR004446,Sports & Fitness,Tier-1 Metro,509,221,87,11337.46,3.91,0.1459,7,0.2964,-0.3335,0.5915,0.1201,0,0
SLR004447,Grocery,Tier-2 City,616,114,50,12544.16,4.84,0.1295,3,0.3685,0.0201,0.8506,0.1274,0,0
SLR004448,Fashion,Tier-2 City,209,521,365,19195.58,3.59,0.2993,5,-0.0584,-0.3293,0.7151,0.0764,0,0
SLR004449,Toys & Baby,Tier-2 City,409,321,663,37252.98,4.05,0.1824,6,-0.1092,0.2071,0.5697,0.1617,0,0
SLR004450,Electronics,Tier-1 Metro,526,204,181,25995.61,2.79,0.1906,6,-0.6424,0.3014,0.5283,0.1673,5,1
SLR004451,Sports & Fitness,Tier-3 Town,81,649,1115,60605.87,3.55,0.2554,10,-0.1892,-0.4297,0.4319,0.243,52,1
SLR004452,Home & Kitchen,Tier-2 City,593,137,237,72327.91,4.25,0.1789,7,-0.2518,0.0285,0.4961,0.1092,36,1
SLR004453,Fashion,Tier-1 Metro,0,730,1841,61148.27,3.11,0.3015,10,-0.3964,-0.1125,0.3012,0.1468,5,1
SLR004454,Home & Kitchen,Tier-2 City,464,266,1116,129651.66,4.33,0.1919,5,-0.2464,0.0628,0.6873,0.1497,6,0
SLR004455,Fashion,Tier-1 Metro,192,538,2021,59694.72,4.44,0.2262,3,-0.5557,0.3543,0.7796,0.0155,7,0
SLR004456,Beauty & Personal Care,Tier-1 Metro,0,730,447,13857.72,4.35,0.0999,1,0.1517,-0.1569,0.5678,0.1261,2,0
SLR004457,Sports & Fitness,Tier-2 City,628,102,177,49260.03,3.53,0.2056,5,0.1194,-0.1318,0.866,0.1394,42,1
SLR004458,Beauty & Personal Care,Tier-2 City,322,408,1542,53957.66,3.82,0.1641,8,-0.0924,-0.1173,0.642,0.2118,10,0
SLR004459,Grocery,Tier-2 City,318,412,1166,44403.97,3.35,0.1903,9,-0.3535,-0.2942,0.9582,0.2997,12,1
SLR004460,Home & Kitchen,Tier-1 Metro,0,730,234,12585.97,3.12,0.1904,7,-0.3075,-0.2801,0.7543,0.3108,27,1
SLR004461,Sports & Fitness,Tier-1 Metro,265,465,332,18823.4,3.38,0.1722,7,-0.2816,-0.0456,0.239,0.2321,50,1
SLR004462,Fashion,Tier-1 Metro,472,258,83,8324.05,3.77,0.2535,5,-0.1579,-0.068,0.615,0.1441,50,1
SLR004463,Mobiles & Accessories,Tier-1 Metro,80,650,466,22928.93,3.4,0.1907,10,-0.2913,0.0151,0.919,0.1401,45,0
SLR004464,Fashion,Tier-1 Metro,627,103,205,21318.34,4.01,0.2526,8,-0.4539,-0.1899,0.5608,0.1573,25,1
SLR004465,Toys & Baby,Tier-3 Town,415,315,381,35553.58,3.55,0.2262,7,-0.2125,-0.2744,0.5623,0.2814,41,1
SLR004466,Electronics,Tier-2 City,223,507,547,44342.29,3.54,0.1957,3,-0.0229,0.007,0.7574,0.2734,10,0
SLR004467,Beauty & Personal Care,Tier-3 Town,330,400,520,17631.49,4.02,0.2316,1,-0.2224,-0.0426,0.7464,0.2273,66,1
SLR004468,Beauty & Personal Care,Tier-2 City,253,477,609,18222.0,3.67,0.203,9,-0.0339,-0.1082,0.781,0.2142,72,1
SLR004469,Sports & Fitness,Tier-1 Metro,15,715,475,10647.04,3.6,0.1311,8,-0.2086,-0.1437,0.7225,0.1928,38,1
SLR004470,Fashion,Tier-3 Town,656,74,103,37891.88,3.84,0.3674,20,-0.2193,-0.1101,0.5554,0.2459,48,1
SLR004471,Electronics,Tier-2 City,291,439,128,5563.19,3.6,0.2186,7,-0.3984,-0.1585,0.4491,0.1472,0,0
SLR004472,Grocery,Tier-1 Metro,235,495,478,34338.38,3.73,0.1324,6,-0.2717,-0.1646,0.7694,0.1397,23,0
SLR004473,Toys & Baby,Tier-1 Metro,398,332,129,12469.18,4.34,0.1273,3,0.1915,-0.04,0.7248,0.1623,10,0
SLR004474,Mobiles & Accessories,Tier-2 City,159,571,375,10021.3,3.63,0.249,5,-0.7571,-0.0114,0.6271,0.1861,62,1
SLR004475,Toys & Baby,Tier-1 Metro,513,217,404,44022.89,3.8,0.1827,5,-0.3569,-0.0503,0.4992,0.1198,60,1
SLR004476,Beauty & Personal Care,Tier-3 Town,354,376,166,5075.75,3.57,0.2842,16,-0.2236,-0.4185,0.3117,0.2442,53,1
SLR004477,Toys & Baby,Tier-2 City,454,276,519,28991.21,4.33,0.1457,3,-0.3952,0.2576,0.7474,0.1251,19,0
SLR004478,Home & Kitchen,Tier-1 Metro,583,147,142,24955.96,4.2,0.1588,5,0.0555,-0.1032,0.6255,0.1273,60,1
SLR004479,Electronics,Tier-2 City,590,140,176,41659.55,3.69,0.2114,12,0.4491,-0.1767,0.709,0.1436,24,0
SLR004480,Sports & Fitness,Tier-1 Metro,42,688,278,4455.35,3.38,0.1252,6,-0.0658,-0.1088,0.7381,0.058,5,1
SLR004481,Sports & Fitness,Tier-3 Town,626,104,134,18884.56,2.79,0.2628,8,-0.312,-0.2937,0.3791,0.3141,4,0
SLR004482,Beauty & Personal Care,Tier-1 Metro,651,79,314,110857.8,3.28,0.1387,7,-0.3091,-0.1199,0.8093,0.091,51,1
SLR004483,Grocery,Tier-1 Metro,0,730,1277,23727.91,3.84,0.1101,3,-0.1133,-0.1614,0.7093,0.1685,0,0
SLR004484,Sports & Fitness,Tier-1 Metro,461,269,31,3067.77,4.25,0.1326,3,-0.1438,0.0661,0.6261,0.1486,43,0
SLR004485,Grocery,Tier-2 City,243,487,256,10379.2,3.75,0.1397,6,0.4887,-0.0382,0.7093,0.1659,136,1
SLR004486,Mobiles & Accessories,Tier-2 City,494,236,423,19422.45,3.25,0.2578,6,-0.2991,-0.3863,0.4317,0.2538,15,0
SLR004487,Beauty & Personal Care,Tier-1 Metro,501,229,456,31804.18,3.18,0.1156,6,-0.4266,-0.2179,0.9419,0.1206,9,1
SLR004488,Mobiles & Accessories,Tier-2 City,349,381,220,7410.39,2.53,0.2793,13,0.0829,-0.122,0.6301,0.2375,85,1
SLR004489,Sports & Fitness,Tier-2 City,422,308,414,34073.59,3.1,0.2082,13,-1.0,-0.1499,0.5965,0.1581,28,1
SLR004490,Electronics,Tier-2 City,579,151,384,70075.45,3.48,0.1851,2,-0.1812,-0.0005,0.6821,0.1039,0,0
SLR004491,Grocery,Tier-2 City,523,207,246,48773.57,3.92,0.1656,5,-0.2519,-0.2419,0.4904,0.2846,48,1
SLR004492,Electronics,Tier-2 City,496,234,691,97762.69,3.78,0.2404,8,0.0038,-0.1061,0.6032,0.1719,6,0
SLR004493,Electronics,Tier-2 City,292,438,493,37603.5,3.22,0.2452,6,0.1279,-0.4345,0.2122,0.3023,99,1
SLR004494,Beauty & Personal Care,Tier-1 Metro,497,233,103,11242.42,3.59,0.147,7,-0.0596,-0.1587,0.3822,0.145,0,0
SLR004495,Electronics,Tier-2 City,647,83,66,22430.01,3.83,0.2069,5,-0.2254,-0.2122,0.6858,0.1494,0,0
SLR004496,Fashion,Tier-3 Town,272,458,212,17782.23,2.83,0.3702,11,-0.4773,-0.3276,0.586,0.3228,20,1
SLR004497,Sports & Fitness,Tier-1 Metro,561,169,461,83969.75,3.47,0.2168,8,-0.5136,-0.1709,0.4181,0.2727,34,1
SLR004498,Home & Kitchen,Tier-1 Metro,106,624,1648,51963.28,4.29,0.1421,3,0.4661,-0.2569,0.6393,0.1407,9,0
SLR004499,Fashion,Tier-2 City,657,73,175,37162.55,2.81,0.3032,10,-0.5966,-0.3209,0.497,0.1318,73,1
SLR004500,Home & Kitchen,Tier-1 Metro,75,655,2057,98818.68,3.03,0.14,10,-0.3219,-0.2475,0.9843,0.1171,28,0
SLR004501,Grocery,Tier-2 City,365,365,186,5964.27,3.8,0.1266,6,-0.0869,0.1634,0.6223,0.1859,25,0
SLR004502,Fashion,Tier-2 City,303,427,780,23202.93,3.29,0.3473,11,-0.1829,-0.5362,0.6743,0.127,103,1
SLR004503,Home & Kitchen,Tier-3 Town,164,566,598,28791.87,3.42,0.2538,7,0.0943,-0.1676,0.8247,0.2063,5,1
SLR004504,Fashion,Tier-2 City,572,158,330,33763.34,3.97,0.2729,8,0.4308,0.1854,0.8053,0.158,0,0
SLR004505,Home & Kitchen,Tier-2 City,615,115,70,23381.84,3.71,0.1965,11,0.0638,0.0609,0.7345,0.172,7,0
SLR004506,Toys & Baby,Tier-1 Metro,79,651,647,41384.78,4.06,0.177,2,0.0037,0.1031,0.5365,0.1236,22,0
SLR004507,Home & Kitchen,Tier-3 Town,509,221,166,12903.6,4.03,0.2547,7,0.0133,0.0152,1.0,0.0906,21,0
SLR004508,Mobiles & Accessories,Tier-1 Metro,383,347,704,72664.46,4.88,0.1635,7,-0.1638,0.0546,1.0,0.1452,14,0
SLR004509,Toys & Baby,Tier-1 Metro,179,551,680,34896.63,3.88,0.1155,5,-0.0116,0.0561,0.7761,0.1125,104,1
SLR004510,Home & Kitchen,Tier-2 City,0,730,488,27366.86,3.52,0.2142,4,0.0042,-0.067,0.6892,0.1908,0,0
SLR004511,Beauty & Personal Care,Tier-2 City,411,319,83,8108.66,3.71,0.187,6,0.1292,-0.2334,0.5497,0.2724,32,1
SLR004512,Electronics,Tier-1 Metro,117,613,691,18796.27,2.93,0.2104,8,-0.3925,-0.1625,0.5666,0.1728,29,1
SLR004513,Home & Kitchen,Tier-3 Town,626,104,97,28990.24,3.95,0.2685,2,-0.1182,-0.1194,0.5691,0.3306,73,1
SLR004514,Fashion,Tier-1 Metro,492,238,559,86673.26,3.65,0.2735,7,-0.4186,0.0351,0.5574,0.1413,134,1
SLR004515,Home & Kitchen,Tier-3 Town,279,451,1742,157085.23,3.55,0.2408,7,-0.5606,0.1418,0.7213,0.212,51,1
SLR004516,Grocery,Tier-3 Town,482,248,92,12700.02,3.23,0.2878,18,-0.3583,-0.0862,0.2776,0.2995,46,1
SLR004517,Grocery,Tier-1 Metro,624,106,258,76034.37,3.94,0.1193,7,0.0217,-0.1436,0.6427,0.1649,6,0
SLR004518,Fashion,Tier-1 Metro,397,333,494,30548.14,3.24,0.3062,7,-0.3692,-0.5655,0.441,0.3125,24,1
SLR004519,Fashion,Tier-1 Metro,509,221,264,27277.71,4.21,0.2248,3,-0.094,0.3772,0.834,0.0158,2,0
SLR004520,Home & Kitchen,Tier-3 Town,0,730,949,25031.31,3.85,0.243,7,-0.1297,-0.1718,0.9475,0.2124,9,0
SLR004521,Fashion,Tier-1 Metro,236,494,496,36798.22,3.55,0.2676,9,-0.2421,-0.0837,0.6867,0.1588,61,1
SLR004522,Beauty & Personal Care,Tier-1 Metro,452,278,146,14379.09,4.55,0.1505,4,-0.3257,-0.0892,0.4219,0.0,3,0
SLR004523,Toys & Baby,Tier-2 City,514,216,154,22236.96,3.74,0.215,9,-0.2871,-0.1658,0.3628,0.2671,50,1
SLR004524,Toys & Baby,Tier-2 City,320,410,423,42642.01,4.4,0.1663,4,-0.267,0.0095,0.6445,0.1075,3,0
SLR004525,Electronics,Tier-1 Metro,178,552,397,15572.15,3.01,0.2526,15,-0.2993,-0.5969,0.4204,0.3652,57,1
SLR004526,Grocery,Tier-1 Metro,0,730,725,15788.53,3.9,0.1174,10,-0.0958,-0.0127,0.6091,0.18,0,0
SLR004527,Beauty & Personal Care,Tier-3 Town,412,318,197,20178.81,4.16,0.2421,4,-0.2056,-0.0735,0.7453,0.2197,0,0
SLR004528,Grocery,Tier-1 Metro,343,387,118,11329.41,3.58,0.1474,4,-0.2247,0.0717,0.6109,0.1641,20,0
SLR004529,Home & Kitchen,Tier-2 City,180,550,1447,75052.23,3.57,0.2205,6,-0.4337,-0.1856,0.734,0.1787,7,1
SLR004530,Grocery,Tier-1 Metro,340,390,299,31627.63,3.31,0.1393,9,-0.1997,-0.4317,0.6503,0.2324,59,1
SLR004531,Toys & Baby,Tier-3 Town,404,326,411,46794.5,3.46,0.2137,2,-0.0562,0.2622,0.7609,0.1922,0,0
SLR004532,Sports & Fitness,Tier-1 Metro,109,621,399,19354.27,3.83,0.1257,4,-0.1701,-0.1739,0.5651,0.1513,14,0
SLR004533,Fashion,Tier-3 Town,576,154,340,82022.86,3.31,0.3766,9,0.0076,-0.1757,0.6044,0.3139,28,1
SLR004534,Toys & Baby,Tier-1 Metro,406,324,266,17918.19,3.72,0.1594,3,0.1711,-0.3633,0.85,0.1214,1,0
SLR004535,Sports & Fitness,Tier-2 City,204,526,230,10618.04,4.13,0.1659,10,-0.2219,-0.117,0.6396,0.1701,0,0
SLR004536,Home & Kitchen,Tier-3 Town,219,511,2594,202703.75,4.04,0.2369,5,-0.403,-0.462,0.8077,0.2434,10,0
SLR004537,Home & Kitchen,Tier-2 City,196,534,988,55386.39,3.93,0.1731,3,-0.3923,-0.1001,0.8426,0.1272,0,0
SLR004538,Fashion,Tier-3 Town,0,730,402,15427.87,4.28,0.334,6,-0.1726,0.0369,0.3359,0.1798,17,0
SLR004539,Mobiles & Accessories,Tier-1 Metro,419,311,537,61932.41,3.97,0.2123,3,-0.1162,-0.0058,0.3457,0.0813,13,0
SLR004540,Mobiles & Accessories,Tier-1 Metro,0,730,1050,43063.64,3.87,0.2409,7,-0.5953,-0.3626,0.5318,0.2458,0,0
SLR004541,Beauty & Personal Care,Tier-1 Metro,77,653,952,57424.63,3.95,0.1389,0,-0.065,0.0208,0.458,0.1958,12,0
SLR004542,Sports & Fitness,Tier-3 Town,662,68,18,10825.14,3.95,0.2323,5,0.0277,-0.0847,0.491,0.2347,15,1
SLR004543,Sports & Fitness,Tier-1 Metro,574,156,338,37584.83,3.77,0.1073,6,-0.4111,0.127,0.7918,0.0395,14,0
SLR004544,Beauty & Personal Care,Tier-1 Metro,634,96,33,7036.09,3.93,0.1055,5,-0.1267,-0.359,0.6429,0.095,5,0
SLR004545,Toys & Baby,Tier-2 City,0,730,4459,130977.54,4.66,0.1472,2,0.0842,0.0597,0.6119,0.0055,17,0
SLR004546,Mobiles & Accessories,Tier-2 City,491,239,391,49639.07,3.95,0.2509,4,-0.0358,0.0798,0.655,0.124,5,0
SLR004547,Beauty & Personal Care,Tier-1 Metro,560,170,260,43433.49,4.29,0.1671,5,-0.3571,-0.1173,0.6183,0.2219,18,0
SLR004548,Toys & Baby,Tier-2 City,642,88,133,33849.7,3.48,0.2143,11,-0.5926,-0.0924,0.6624,0.2711,38,1
SLR004549,Toys & Baby,Tier-1 Metro,258,472,115,4229.13,4.21,0.1043,3,0.0139,0.0681,1.0,0.0514,7,0
SLR004550,Fashion,Tier-1 Metro,468,262,426,62168.51,3.64,0.2764,4,-0.0571,-0.2869,0.8855,0.1044,60,1
SLR004551,Beauty & Personal Care,Tier-3 Town,534,196,226,44157.15,3.31,0.2597,17,-0.3195,-0.3829,0.7938,0.2942,4,0
SLR004552,Beauty & Personal Care,Tier-1 Metro,251,479,613,31717.67,3.14,0.1731,10,-0.1659,-0.1923,0.9634,0.2305,6,0
SLR004553,Grocery,Tier-1 Metro,0,730,811,13429.4,3.69,0.111,9,-0.313,-0.0197,0.6648,0.1761,29,0
SLR004554,Toys & Baby,Tier-3 Town,523,207,409,28846.3,3.75,0.2415,9,-0.2656,0.1517,0.5917,0.3203,74,1
SLR004555,Home & Kitchen,Tier-1 Metro,649,81,131,47161.44,4.13,0.1303,4,0.1953,0.0776,0.5892,0.1674,0,0
SLR004556,Mobiles & Accessories,Tier-1 Metro,716,14,13,5825.33,3.35,0.2029,10,-0.2005,-0.0213,0.646,0.1419,14,1
SLR004557,Mobiles & Accessories,Tier-1 Metro,675,55,43,13937.12,3.42,0.1961,5,0.2562,-0.2871,0.7276,0.1664,46,1
SLR004558,Fashion,Tier-1 Metro,483,247,946,101227.51,3.94,0.273,11,0.0962,-0.4071,0.5855,0.1308,46,1
SLR004559,Mobiles & Accessories,Tier-3 Town,212,518,219,6171.07,4.73,0.2592,2,0.475,-0.0222,0.649,0.2092,19,0
SLR004560,Home & Kitchen,Tier-2 City,635,95,151,39752.99,3.14,0.2274,11,-0.2225,-0.3811,0.5293,0.2928,67,1
SLR004561,Mobiles & Accessories,Tier-1 Metro,63,667,1017,36794.62,3.0,0.2004,6,-0.093,-0.3699,0.6574,0.1833,29,0
SLR004562,Home & Kitchen,Tier-2 City,236,494,625,36483.7,4.22,0.1559,2,0.2331,-0.091,0.8008,0.1075,13,0
SLR004563,Toys & Baby,Tier-2 City,545,185,132,28203.63,4.0,0.1613,6,-0.2653,-0.1091,0.9157,0.1675,6,1
SLR004564,Beauty & Personal Care,Tier-2 City,661,69,201,87676.03,3.56,0.1404,9,-0.091,0.1822,0.8142,0.1591,36,0
SLR004565,Grocery,Tier-1 Metro,340,390,583,35174.09,3.97,0.0997,4,-0.0379,0.0217,0.6861,0.1814,11,0
SLR004566,Beauty & Personal Care,Tier-1 Metro,599,131,613,110783.3,4.05,0.11,2,-0.3336,-0.2252,0.7242,0.131,9,0
SLR004567,Home & Kitchen,Tier-2 City,599,131,175,50778.86,4.07,0.2183,13,0.0984,-0.1095,0.7096,0.2708,5,1
SLR004568,Fashion,Tier-1 Metro,324,406,663,49424.6,3.82,0.2496,3,-0.0854,-0.0243,0.559,0.1391,5,0
SLR004569,Beauty & Personal Care,Tier-2 City,442,288,596,77023.19,5.0,0.0994,3,0.0882,-0.0908,1.0,0.0989,0,0
SLR004570,Fashion,Tier-3 Town,0,730,667,16549.89,2.85,0.412,8,-0.7135,-0.3771,0.5449,0.2767,5,1
SLR004571,Sports & Fitness,Tier-2 City,309,421,577,33555.15,3.91,0.2049,8,0.0953,-0.2902,0.7835,0.2496,3,0
SLR004572,Fashion,Tier-1 Metro,410,320,290,30522.87,2.89,0.3262,14,-0.1631,-0.3077,0.2168,0.2145,87,1
SLR004573,Fashion,Tier-3 Town,593,137,478,90125.31,4.17,0.3537,11,0.3187,-0.2699,0.6357,0.231,27,1
SLR004574,Toys & Baby,Tier-3 Town,89,641,538,29565.6,3.93,0.2713,5,-0.3597,-0.112,0.7175,0.2661,66,1
SLR004575,Grocery,Tier-3 Town,511,219,459,30142.45,4.11,0.1646,3,-0.0217,0.1759,0.8782,0.0875,0,0
SLR004576,Grocery,Tier-2 City,364,366,416,21125.77,4.25,0.1224,10,0.0175,-0.0654,0.687,0.2086,13,0
SLR004577,Fashion,Tier-2 City,621,109,32,9793.53,3.18,0.29,17,-0.503,-0.0862,0.3982,0.2932,100,1
SLR004578,Grocery,Tier-1 Metro,314,416,1334,133684.74,4.03,0.1104,5,-0.4426,-0.073,0.4569,0.0917,14,0
SLR004579,Toys & Baby,Tier-1 Metro,620,110,299,79428.22,4.18,0.1434,5,0.2541,0.0489,0.9563,0.0684,11,0
SLR004580,Fashion,Tier-2 City,548,182,59,10382.66,3.14,0.271,10,-0.3421,-0.2108,0.4848,0.183,0,0
SLR004581,Electronics,Tier-1 Metro,53,677,372,11240.92,3.7,0.2099,7,0.1539,-0.1256,0.6474,0.0453,82,1
SLR004582,Grocery,Tier-3 Town,440,290,695,53658.41,4.11,0.1834,6,0.2993,0.2336,0.5571,0.2678,46,1
SLR004583,Electronics,Tier-2 City,481,249,661,48084.62,4.18,0.1748,1,0.007,0.1703,0.831,0.1397,30,0
SLR004584,Sports & Fitness,Tier-3 Town,396,334,685,60002.56,3.33,0.2315,7,-0.3248,-0.0994,0.25,0.2721,108,1
SLR004585,Beauty & Personal Care,Tier-2 City,434,296,544,38636.24,3.61,0.2174,11,-0.1492,0.0124,0.4064,0.2755,10,0
SLR004586,Grocery,Tier-2 City,518,212,1374,81558.48,4.08,0.1276,6,-0.4606,0.011,0.6661,0.116,14,0
SLR004587,Sports & Fitness,Tier-3 Town,459,271,66,6518.75,2.87,0.2697,5,-0.2959,-0.1712,0.4431,0.3395,75,1
SLR004588,Toys & Baby,Tier-2 City,0,730,1656,83915.0,4.22,0.1832,5,-0.0638,-0.0728,0.851,0.1801,4,0
SLR004589,Sports & Fitness,Tier-2 City,545,185,362,80408.84,4.71,0.1263,1,0.8223,0.1043,0.7786,0.0239,14,0
SLR004590,Beauty & Personal Care,Tier-3 Town,383,347,76,7406.91,3.75,0.208,8,-0.1142,-0.0471,0.5582,0.2319,0,0
SLR004591,Home & Kitchen,Tier-1 Metro,633,97,213,42735.02,3.62,0.137,7,-0.1818,0.0509,0.5074,0.0626,0,0
SLR004592,Toys & Baby,Tier-3 Town,549,181,91,11178.11,3.94,0.2112,8,-0.2456,-0.2351,0.7754,0.231,15,0
SLR004593,Fashion,Tier-3 Town,162,568,903,17730.59,2.51,0.4349,16,-0.5864,-0.3001,0.4451,0.3158,96,1
SLR004594,Grocery,Tier-2 City,668,62,100,40534.36,4.01,0.1389,3,0.0138,-0.1447,0.5922,0.1693,37,1
SLR004595,Electronics,Tier-1 Metro,520,210,44,8029.13,3.77,0.1656,6,0.0678,0.0919,0.8555,0.1263,0,0
SLR004596,Electronics,Tier-1 Metro,0,730,482,9153.73,4.14,0.1258,5,0.129,0.0085,0.6075,0.1318,2,0
SLR004597,Fashion,Tier-3 Town,449,281,484,41686.4,2.42,0.3662,14,-0.6058,-0.5783,0.6591,0.3173,6,0
SLR004598,Fashion,Tier-2 City,448,282,110,14376.29,3.15,0.3349,15,-0.2699,-0.2624,0.4017,0.3323,18,1
SLR004599,Electronics,Tier-2 City,300,430,44,1264.68,3.12,0.2309,11,-0.1408,-0.2219,0.4744,0.201,5,1
SLR004600,Mobiles & Accessories,Tier-1 Metro,454,276,616,45175.56,3.43,0.2199,9,0.0014,-0.107,0.7787,0.0485,32,1
SLR004601,Fashion,Tier-3 Town,163,567,731,20905.46,4.33,0.3357,2,0.0026,0.1359,0.4684,0.2683,5,0
SLR004602,Sports & Fitness,Tier-2 City,90,640,162,3080.45,4.31,0.172,4,-0.3324,-0.1429,0.4713,0.1621,11,0
SLR004603,Mobiles & Accessories,Tier-2 City,168,562,819,20702.21,3.51,0.2586,6,-0.6269,-0.0938,0.7331,0.1548,128,1
SLR004604,Home & Kitchen,Tier-1 Metro,539,191,442,47788.9,4.17,0.1026,3,-0.0112,-0.0632,0.6975,0.1063,13,0
SLR004605,Fashion,Tier-1 Metro,434,296,1176,74680.93,3.81,0.2257,3,-0.123,0.1248,0.7528,0.1078,12,0
SLR004606,Beauty & Personal Care,Tier-3 Town,0,730,3492,74634.07,4.34,0.1886,6,0.5502,-0.1295,0.6719,0.1351,5,0
SLR004607,Grocery,Tier-2 City,383,347,368,37869.59,3.77,0.1169,5,-0.132,0.2768,0.7233,0.2022,43,1
SLR004608,Beauty & Personal Care,Tier-1 Metro,524,206,264,52397.08,3.51,0.0998,4,0.0745,-0.0961,0.6827,0.1502,180,1
SLR004609,Toys & Baby,Tier-3 Town,683,47,135,103312.44,3.95,0.2244,5,0.3761,0.0507,0.7109,0.2772,9,0
SLR004610,Home & Kitchen,Tier-1 Metro,549,181,66,9599.91,4.34,0.1224,5,-0.4494,-0.2253,0.5987,0.1403,5,0
SLR004611,Sports & Fitness,Tier-3 Town,535,195,54,9714.85,3.36,0.2424,6,-0.0951,-0.1538,0.6469,0.2001,104,1
SLR004612,Beauty & Personal Care,Tier-3 Town,505,225,185,25223.94,3.15,0.2556,9,0.0421,-0.1924,0.2954,0.388,12,1
SLR004613,Sports & Fitness,Tier-1 Metro,188,542,1162,63618.68,4.55,0.0967,1,0.0964,-0.0802,0.8257,0.0023,15,0
SLR004614,Beauty & Personal Care,Tier-2 City,0,730,1258,67759.01,3.35,0.211,11,-0.2299,-0.253,0.3259,0.2952,47,1
SLR004615,Grocery,Tier-2 City,640,90,104,47827.34,3.84,0.1239,5,-0.2464,0.0432,0.9801,0.1937,23,1
SLR004616,Mobiles & Accessories,Tier-1 Metro,388,342,898,105789.99,3.86,0.1887,5,-0.0017,-0.1818,0.7939,0.0396,16,0
SLR004617,Mobiles & Accessories,Tier-1 Metro,606,124,26,7077.22,3.02,0.2287,8,-0.4639,-0.4886,0.4268,0.2694,124,1
SLR004618,Beauty & Personal Care,Tier-3 Town,578,152,139,30102.42,3.61,0.249,5,0.4413,0.0885,1.0,0.2141,24,0
SLR004619,Mobiles & Accessories,Tier-2 City,1,729,1133,42743.54,4.64,0.1736,2,0.1195,0.0244,0.8365,0.0325,12,0
SLR004620,Beauty & Personal Care,Tier-1 Metro,105,625,417,9810.06,4.22,0.0825,0,0.027,0.0422,0.6376,0.1451,134,1
SLR004621,Sports & Fitness,Tier-1 Metro,256,474,1413,78903.88,3.17,0.1762,11,-0.4413,-0.294,0.3969,0.1838,14,1
SLR004622,Electronics,Tier-1 Metro,518,212,504,76432.29,3.24,0.2029,10,-0.2222,-0.2026,0.3293,0.3064,17,1
SLR004623,Home & Kitchen,Tier-1 Metro,247,483,1106,55874.59,3.78,0.1477,7,-0.1726,-0.1828,0.1987,0.179,45,0
SLR004624,Fashion,Tier-2 City,163,567,850,22380.05,3.47,0.305,13,-0.3808,-0.3517,0.5526,0.2156,16,1
SLR004625,Grocery,Tier-2 City,490,240,203,10830.96,4.24,0.1211,6,0.1601,0.0374,0.7121,0.1062,13,0
SLR004626,Home & Kitchen,Tier-2 City,316,414,15,405.48,3.43,0.2292,9,0.1373,-0.1122,0.5221,0.3161,14,0
SLR004627,Mobiles & Accessories,Tier-3 Town,20,710,573,17956.73,2.33,0.3172,6,-0.6888,-0.2314,0.5138,0.2637,5,1
SLR004628,Grocery,Tier-1 Metro,0,730,1834,44074.96,4.6,0.0354,0,0.332,0.3456,1.0,0.0077,1,0
SLR004629,Beauty & Personal Care,Tier-3 Town,395,335,1259,102663.16,4.56,0.2002,5,0.0268,-0.0801,0.7201,0.2195,0,0
SLR004630,Home & Kitchen,Tier-1 Metro,0,730,440,8538.14,3.43,0.2148,12,-0.3495,0.1515,0.5306,0.1369,13,0
SLR004631,Grocery,Tier-2 City,116,614,1191,46313.79,3.71,0.1866,7,-0.5542,-0.1495,0.4049,0.1547,20,1
SLR004632,Home & Kitchen,Tier-2 City,609,121,137,29118.92,3.5,0.1801,3,0.0867,0.0528,0.6616,0.1381,46,1
SLR004633,Sports & Fitness,Tier-1 Metro,131,599,1038,53264.15,4.1,0.1525,7,0.3037,0.0807,0.6873,0.1472,0,0
SLR004634,Toys & Baby,Tier-3 Town,271,459,1065,93067.96,4.19,0.2261,9,-0.0086,-0.3957,0.6534,0.2996,67,1
SLR004635,Electronics,Tier-3 Town,295,435,819,22989.32,4.27,0.2317,9,-0.0339,-0.0735,0.3966,0.1777,0,0
SLR004636,Home & Kitchen,Tier-2 City,545,185,184,40569.99,3.71,0.1815,7,-0.0605,-0.1477,0.6417,0.1802,35,0
SLR004637,Grocery,Tier-2 City,66,664,503,19677.15,4.79,0.0776,1,0.236,0.0142,0.5495,0.2135,0,0
SLR004638,Toys & Baby,Tier-1 Metro,462,268,707,91544.58,3.38,0.1634,7,-0.247,-0.1127,0.3019,0.2008,20,1
SLR004639,Mobiles & Accessories,Tier-2 City,417,313,269,18419.11,5.0,0.1635,4,0.0456,0.3116,0.593,0.092,0,0
SLR004640,Sports & Fitness,Tier-2 City,0,730,213,9241.59,3.03,0.1986,7,-0.5168,-0.2383,0.3402,0.3501,40,1
SLR004641,Home & Kitchen,Tier-2 City,225,505,306,25089.98,3.88,0.1712,4,-0.0803,-0.0106,0.6508,0.0705,26,0
SLR004642,Beauty & Personal Care,Tier-1 Metro,0,730,594,17351.54,2.9,0.1603,1,0.0515,-0.2572,0.6986,0.2481,5,0
SLR004643,Sports & Fitness,Tier-2 City,306,424,806,63702.94,3.6,0.1977,15,-0.0317,-0.0429,0.52,0.2631,21,0
SLR004644,Sports & Fitness,Tier-1 Metro,0,730,501,18021.74,4.36,0.147,3,-0.1706,-0.0729,0.6641,0.1755,4,0
SLR004645,Toys & Baby,Tier-2 City,521,209,79,7163.58,4.4,0.1597,4,-0.1315,-0.0579,0.7724,0.1402,8,1
SLR004646,Home & Kitchen,Tier-2 City,588,142,192,36972.77,3.51,0.1998,6,-0.201,-0.0036,0.5832,0.1795,47,1
SLR004647,Mobiles & Accessories,Tier-1 Metro,542,188,779,80673.46,4.17,0.1035,4,-0.0158,0.1097,0.9024,0.0622,17,0
SLR004648,Home & Kitchen,Tier-2 City,439,291,835,80505.72,3.51,0.2059,8,-0.2965,-0.1594,0.4477,0.2206,12,0
SLR004649,Beauty & Personal Care,Tier-1 Metro,685,45,53,19678.62,3.8,0.1258,7,0.0015,-0.1609,0.3554,0.2089,0,0
SLR004650,Electronics,Tier-2 City,0,730,575,25514.02,4.11,0.1716,5,-0.1087,-0.0737,0.8275,0.1362,5,0
SLR004651,Toys & Baby,Tier-3 Town,318,412,439,36281.05,3.81,0.2644,5,-0.1339,-0.0561,0.7401,0.2548,82,1
SLR004652,Fashion,Tier-3 Town,0,730,611,18078.38,3.13,0.3799,9,-0.3076,0.0929,0.6373,0.2759,8,0
SLR004653,Home & Kitchen,Tier-3 Town,308,422,389,30780.32,3.79,0.2336,5,-0.2965,-0.0365,0.8457,0.1723,81,1
SLR004654,Fashion,Tier-1 Metro,362,368,456,26107.36,3.31,0.2543,3,-0.1821,0.0242,0.9048,0.1445,4,0
SLR004655,Toys & Baby,Tier-1 Metro,234,496,625,38635.59,3.36,0.1778,12,-0.74,-0.1926,0.819,0.2024,49,1
SLR004656,Beauty & Personal Care,Tier-2 City,394,336,1483,70192.26,3.24,0.1926,9,0.0583,-0.1064,0.4526,0.215,0,0
SLR004657,Electronics,Tier-1 Metro,156,574,696,45514.86,3.17,0.2319,11,-0.0606,-0.0743,0.5112,0.117,55,1
SLR004658,Toys & Baby,Tier-1 Metro,439,291,486,28499.54,3.74,0.1266,7,0.2016,0.0608,0.5861,0.091,7,0
SLR004659,Fashion,Tier-2 City,416,314,636,66719.43,3.29,0.2836,6,0.1708,-0.3176,0.6865,0.2243,39,1
SLR004660,Home & Kitchen,Tier-1 Metro,0,730,737,31764.6,5.0,0.1335,3,-0.1017,0.112,0.8054,0.0,2,0
SLR004661,Grocery,Tier-1 Metro,378,352,584,40649.89,2.89,0.1997,8,-0.3499,-0.1406,0.5616,0.1784,91,1
SLR004662,Toys & Baby,Tier-2 City,69,661,2278,119034.97,3.48,0.2048,13,-0.4976,-0.2364,0.4291,0.1697,0,0
SLR004663,Sports & Fitness,Tier-1 Metro,330,400,734,31537.3,3.78,0.1605,3,0.2516,-0.279,0.6388,0.191,5,0
SLR004664,Toys & Baby,Tier-1 Metro,524,206,75,5606.61,3.61,0.1766,6,-0.2493,-0.1534,0.6752,0.1289,7,0
SLR004665,Electronics,Tier-2 City,395,335,1114,100974.37,2.82,0.1722,12,-0.0079,-0.0008,0.6821,0.1813,87,1
SLR004666,Toys & Baby,Tier-2 City,305,425,2062,186728.98,3.66,0.1869,8,-0.2339,-0.079,0.568,0.2237,5,1
SLR004667,Sports & Fitness,Tier-3 Town,0,730,193,9884.29,3.41,0.2672,10,0.233,-0.1841,0.5973,0.1499,33,1
SLR004668,Beauty & Personal Care,Tier-1 Metro,440,290,215,19591.55,3.49,0.1622,10,-0.4859,0.0437,0.4958,0.1182,54,1
SLR004669,Beauty & Personal Care,Tier-1 Metro,649,81,113,15051.55,4.34,0.1703,2,0.2658,0.0163,0.5498,0.19,21,1
SLR004670,Electronics,Tier-1 Metro,692,38,80,87460.27,3.46,0.1829,7,0.0149,0.1093,0.7208,0.2181,38,1
SLR004671,Fashion,Tier-2 City,496,234,238,21133.9,3.5,0.2959,5,-0.5201,0.1172,0.6871,0.2033,0,0
SLR004672,Fashion,Tier-1 Metro,340,390,832,73428.08,4.46,0.2307,5,0.2898,0.1925,0.7593,0.0597,20,0
SLR004673,Grocery,Tier-3 Town,358,372,250,7388.3,3.43,0.2245,6,0.0173,-0.2492,0.6832,0.2058,14,0
SLR004674,Toys & Baby,Tier-3 Town,385,345,494,50535.76,3.21,0.3058,6,-0.477,-0.1857,0.3995,0.4037,54,1
SLR004675,Electronics,Tier-1 Metro,477,253,289,15903.72,4.31,0.1072,0,0.6184,-0.0237,0.7479,0.0476,5,0
SLR004676,Fashion,Tier-1 Metro,610,120,138,17502.21,3.8,0.2603,7,0.1945,-0.3646,0.6701,0.1849,63,1
SLR004677,Beauty & Personal Care,Tier-2 City,596,134,461,118705.67,4.1,0.1491,3,0.0085,-0.0258,0.8073,0.0386,11,0
SLR004678,Mobiles & Accessories,Tier-2 City,626,104,72,12408.58,4.07,0.2181,8,-0.4954,-0.1317,0.671,0.1915,40,1
SLR004679,Sports & Fitness,Tier-1 Metro,369,361,640,26365.82,3.29,0.1771,11,-0.203,0.1204,0.5818,0.1396,19,0
SLR004680,Beauty & Personal Care,Tier-3 Town,470,260,296,34133.18,4.09,0.1969,7,0.0882,0.0124,0.9297,0.1051,5,0
SLR004681,Toys & Baby,Tier-2 City,672,58,318,128262.0,3.46,0.1975,9,-0.5171,-0.3144,0.8139,0.1534,25,1
SLR004682,Mobiles & Accessories,Tier-1 Metro,0,730,958,44866.0,4.1,0.1785,6,0.0196,0.0642,0.6004,0.151,24,0
SLR004683,Fashion,Tier-3 Town,628,102,354,61073.45,4.19,0.2985,6,0.0451,-0.1232,0.8232,0.1015,17,0
SLR004684,Fashion,Tier-2 City,449,281,131,8148.38,2.75,0.3346,5,-0.217,-0.068,0.6471,0.1876,52,1
SLR004685,Beauty & Personal Care,Tier-3 Town,547,183,290,29256.5,3.83,0.2369,7,-0.0209,0.0335,0.9486,0.1888,0,0
SLR004686,Home & Kitchen,Tier-3 Town,12,718,422,11109.53,3.18,0.2852,9,-0.656,-0.6282,0.3961,0.1724,139,1
SLR004687,Sports & Fitness,Tier-2 City,426,304,464,43333.24,2.72,0.2017,7,-0.3179,-0.0598,0.4417,0.2784,55,1
SLR004688,Mobiles & Accessories,Tier-2 City,683,47,34,23439.96,2.76,0.2785,9,-0.1728,-0.2283,0.2602,0.2382,5,1
SLR004689,Grocery,Tier-1 Metro,248,482,842,66963.19,3.1,0.0923,3,-0.2418,-0.1145,0.64,0.2343,60,1
SLR004690,Home & Kitchen,Tier-1 Metro,620,110,552,94156.98,3.55,0.1249,5,-0.2096,0.0564,0.8352,0.1093,0,0
SLR004691,Home & Kitchen,Tier-1 Metro,572,158,74,5425.37,3.03,0.1675,12,-0.3695,-0.5233,0.5928,0.2036,53,1
SLR004692,Sports & Fitness,Tier-2 City,553,177,155,17355.96,3.34,0.1653,10,-0.2363,-0.2713,0.4435,0.2722,10,0
SLR004693,Toys & Baby,Tier-2 City,0,730,634,22261.35,2.88,0.239,9,-0.2342,-0.0754,0.672,0.2369,44,1
SLR004694,Mobiles & Accessories,Tier-3 Town,156,574,2796,128799.4,3.53,0.2914,10,-0.6011,0.0077,0.4902,0.1292,0,0
SLR004695,Sports & Fitness,Tier-3 Town,728,2,1,860.58,3.74,0.2287,2,0.0027,-0.1386,0.683,0.3293,2,1
SLR004696,Electronics,Tier-2 City,583,147,38,7980.69,2.49,0.2139,8,0.0495,-0.4389,0.6216,0.097,83,1
SLR004697,Home & Kitchen,Tier-3 Town,471,259,270,13702.08,3.72,0.2431,5,-0.0269,-0.1396,0.615,0.2133,65,1
SLR004698,Sports & Fitness,Tier-2 City,714,16,23,30552.91,4.3,0.167,6,0.1915,0.0739,0.3735,0.1122,9,0
SLR004699,Toys & Baby,Tier-2 City,564,166,131,16989.23,4.17,0.116,3,-0.3987,0.1121,0.9113,0.0691,13,0
SLR004700,Mobiles & Accessories,Tier-1 Metro,401,329,533,39195.8,4.04,0.2147,6,0.4016,0.1706,0.6487,0.1346,4,0
SLR004701,Toys & Baby,Tier-1 Metro,173,557,178,9700.65,3.73,0.1401,6,-0.1095,0.1526,0.4251,0.096,7,0
SLR004702,Beauty & Personal Care,Tier-3 Town,623,107,29,10450.93,4.08,0.2104,6,0.12,-0.0003,0.6296,0.3052,76,1
SLR004703,Beauty & Personal Care,Tier-2 City,675,55,44,26311.45,3.57,0.14,5,-0.1366,0.0714,0.6552,0.1751,23,0
SLR004704,Sports & Fitness,Tier-1 Metro,502,228,240,42235.92,4.47,0.1331,6,-0.4955,-0.0706,0.6869,0.0412,45,1
SLR004705,Sports & Fitness,Tier-1 Metro,386,344,380,24206.62,3.56,0.1549,8,-0.4069,-0.0768,0.8787,0.151,5,1
SLR004706,Toys & Baby,Tier-2 City,120,610,1171,43842.13,4.05,0.1698,3,0.55,-0.2174,0.8224,0.1611,0,0
SLR004707,Sports & Fitness,Tier-2 City,442,288,39,4845.31,3.36,0.2336,4,-0.3893,-0.0783,0.3579,0.2335,57,1
SLR004708,Home & Kitchen,Tier-1 Metro,592,138,214,60634.51,4.12,0.141,8,-0.1823,-0.0608,0.7947,0.1687,32,1
SLR004709,Electronics,Tier-1 Metro,0,730,725,33588.29,3.96,0.2047,5,0.0594,-0.1319,0.5053,0.2124,11,0
SLR004710,Mobiles & Accessories,Tier-2 City,365,365,1150,74500.39,4.4,0.2212,6,-0.3804,-0.0582,0.6419,0.0156,49,1
SLR004711,Electronics,Tier-1 Metro,376,354,203,16413.93,3.46,0.2196,4,0.0153,-0.3253,0.7582,0.1239,0,0
SLR004712,Fashion,Tier-1 Metro,356,374,1835,193059.24,3.64,0.2766,14,-0.1616,-0.1411,0.3197,0.0886,34,1
SLR004713,Home & Kitchen,Tier-2 City,572,158,461,89914.45,3.31,0.1804,6,0.1273,-0.1383,0.6661,0.1993,0,0
SLR004714,Sports & Fitness,Tier-2 City,383,347,694,81575.78,3.96,0.1123,4,-0.1275,0.0379,0.8651,0.1701,6,0
SLR004715,Fashion,Tier-1 Metro,481,249,64,6878.33,3.94,0.2709,4,0.1298,-0.1944,0.513,0.14,35,1
SLR004716,Grocery,Tier-1 Metro,373,357,1234,133821.33,3.54,0.0988,4,0.4418,-0.0074,0.4271,0.1948,0,0
SLR004717,Mobiles & Accessories,Tier-3 Town,281,449,1315,73778.49,3.86,0.289,6,-0.5348,-0.1297,0.581,0.1884,15,0
SLR004718,Electronics,Tier-1 Metro,412,318,1682,111319.47,4.34,0.121,3,0.4064,0.1567,0.761,0.0494,7,0
SLR004719,Grocery,Tier-1 Metro,124,606,904,54911.35,3.75,0.1335,4,-0.3875,-0.0102,0.726,0.132,11,0
SLR004720,Mobiles & Accessories,Tier-1 Metro,0,730,370,10274.36,4.16,0.2077,4,-0.692,-0.0682,0.7709,0.2092,47,1
SLR004721,Toys & Baby,Tier-1 Metro,0,730,694,12174.36,4.24,0.0757,2,0.3531,-0.0891,0.609,0.0,0,0
SLR004722,Grocery,Tier-2 City,397,333,463,15765.94,4.16,0.0837,1,0.1987,0.2701,0.9521,0.1356,6,0
SLR004723,Toys & Baby,Tier-3 Town,666,64,164,30698.11,3.47,0.2954,7,-0.0721,-0.2236,0.3891,0.3123,45,1
SLR004724,Toys & Baby,Tier-2 City,567,163,233,42106.03,4.33,0.1685,6,-0.5145,0.1108,0.6447,0.1961,24,0
SLR004725,Fashion,Tier-3 Town,365,365,1078,116950.84,3.97,0.3049,4,0.1024,0.1551,0.6481,0.1388,2,0
SLR004726,Grocery,Tier-2 City,350,380,1078,52189.98,4.08,0.1011,1,0.3645,0.0293,0.7011,0.1603,4,0
SLR004727,Toys & Baby,Tier-1 Metro,465,265,286,20357.32,4.22,0.138,3,0.2462,0.156,0.6383,0.0957,0,0
SLR004728,Fashion,Tier-1 Metro,20,710,1122,61669.47,4.25,0.2835,10,-0.642,-0.0671,0.8827,0.0904,17,0
SLR004729,Home & Kitchen,Tier-1 Metro,636,94,71,15405.25,4.25,0.1693,2,-0.0437,-0.1022,0.6733,0.1201,45,0
SLR004730,Sports & Fitness,Tier-1 Metro,400,330,785,70196.64,4.0,0.162,3,-0.1564,0.1197,0.7381,0.0861,4,0
SLR004731,Toys & Baby,Tier-1 Metro,450,280,695,56966.33,3.33,0.1741,6,0.1632,-0.5352,0.5183,0.302,50,1
SLR004732,Toys & Baby,Tier-3 Town,551,179,105,13822.06,3.74,0.2441,13,0.0379,-0.2237,0.667,0.2521,55,1
SLR004733,Sports & Fitness,Tier-1 Metro,279,451,593,54505.16,3.56,0.126,6,-0.1729,-0.0659,0.8354,0.0682,52,1
SLR004734,Sports & Fitness,Tier-1 Metro,510,220,602,112179.45,5.0,0.1075,2,0.3345,0.1602,1.0,0.1319,0,0
SLR004735,Home & Kitchen,Tier-2 City,588,142,21,6094.86,4.27,0.1913,4,0.1477,0.0335,0.7318,0.1388,24,0
SLR004736,Electronics,Tier-1 Metro,524,206,621,125781.0,3.81,0.2194,10,-0.2693,-0.1539,0.4946,0.2687,54,1
SLR004737,Grocery,Tier-1 Metro,655,75,202,79918.49,3.65,0.111,3,-0.1916,-0.0685,0.6202,0.2615,9,0
SLR004738,Grocery,Tier-3 Town,542,188,115,7330.07,3.43,0.2306,10,0.0129,-0.1773,0.5802,0.2451,6,0
SLR004739,Home & Kitchen,Tier-1 Metro,0,730,1867,50280.11,4.47,0.1384,10,0.1117,0.0496,0.8296,0.1653,11,0
SLR004740,Grocery,Tier-3 Town,582,148,42,10534.57,3.04,0.2016,7,0.197,-0.2102,0.422,0.2493,0,0
SLR004741,Toys & Baby,Tier-2 City,293,437,1426,82818.92,5.0,0.1231,2,0.3038,-0.013,0.4947,0.0975,10,0
SLR004742,Home & Kitchen,Tier-1 Metro,285,445,946,47889.91,3.92,0.1587,3,-0.0756,-0.0438,0.5007,0.1819,0,0
SLR004743,Beauty & Personal Care,Tier-1 Metro,320,410,77,2549.58,3.87,0.1472,3,-0.446,0.028,0.655,0.0861,4,0
SLR004744,Toys & Baby,Tier-3 Town,517,213,230,13955.02,3.7,0.2321,6,0.0366,-0.2113,0.7867,0.2366,38,0
SLR004745,Fashion,Tier-1 Metro,442,288,562,71443.79,4.08,0.2314,6,0.1103,-0.3633,0.5478,0.1512,11,0
SLR004746,Beauty & Personal Care,Tier-1 Metro,422,308,254,20666.76,4.22,0.1009,7,-0.4119,0.2118,0.4707,0.0905,0,0
SLR004747,Sports & Fitness,Tier-3 Town,527,203,1085,181243.49,4.31,0.1972,2,0.2252,-0.0562,0.7951,0.153,0,0
SLR004748,Beauty & Personal Care,Tier-1 Metro,608,122,12,2106.8,3.77,0.1843,7,-0.1713,0.0744,0.7048,0.1133,17,1
SLR004749,Toys & Baby,Tier-1 Metro,0,730,446,11475.42,3.27,0.1575,9,-0.3389,-0.0121,0.4714,0.2077,5,1
SLR004750,Mobiles & Accessories,Tier-2 City,474,256,729,61381.91,3.81,0.2578,6,0.1462,0.0605,0.6474,0.0869,13,0
SLR004751,Grocery,Tier-3 Town,251,479,629,32495.9,3.94,0.1768,6,-0.405,-0.0149,0.7297,0.2812,14,0
SLR004752,Grocery,Tier-2 City,531,199,66,7502.64,2.9,0.1847,5,-0.6067,-0.2509,0.4341,0.2417,33,1
SLR004753,Home & Kitchen,Tier-2 City,440,290,245,14046.18,3.56,0.2327,10,-0.4734,-0.1659,0.6799,0.2112,38,1
SLR004754,Toys & Baby,Tier-3 Town,234,496,160,9200.19,3.24,0.2343,8,-0.0076,0.0098,0.5122,0.2192,6,0
SLR004755,Toys & Baby,Tier-1 Metro,71,659,1513,33647.62,3.99,0.133,5,0.265,-0.0052,0.5771,0.0628,16,0
SLR004756,Electronics,Tier-1 Metro,695,35,63,59383.4,3.7,0.1478,4,0.0853,-0.0346,0.7373,0.0541,0,0
SLR004757,Toys & Baby,Tier-2 City,377,353,255,29835.49,4.59,0.1693,2,0.3086,0.2046,0.62,0.0541,25,0
SLR004758,Electronics,Tier-1 Metro,456,274,2987,166055.25,4.37,0.158,3,-0.0008,-0.1644,0.3612,0.0694,20,1
SLR004759,Beauty & Personal Care,Tier-2 City,668,62,231,60934.77,3.66,0.1535,6,0.391,0.1665,0.7382,0.171,0,0
SLR004760,Electronics,Tier-2 City,666,64,86,20569.07,3.27,0.1966,2,-0.2312,-0.0707,0.615,0.201,64,1
SLR004761,Home & Kitchen,Tier-1 Metro,414,316,1292,116289.51,4.45,0.0842,4,0.7355,0.1978,0.7893,0.183,13,0
SLR004762,Toys & Baby,Tier-1 Metro,282,448,964,31552.95,3.53,0.155,5,-0.1193,-0.267,0.5299,0.2074,117,1
SLR004763,Mobiles & Accessories,Tier-2 City,331,399,729,45847.96,4.46,0.2315,4,-0.2458,-0.0717,0.8504,0.1592,0,0
SLR004764,Fashion,Tier-2 City,543,187,167,21145.73,4.08,0.2681,6,0.2296,-0.101,0.494,0.146,26,0
SLR004765,Sports & Fitness,Tier-1 Metro,0,730,844,13617.08,3.33,0.1658,11,-0.3552,-0.328,0.3722,0.2599,140,1
SLR004766,Toys & Baby,Tier-1 Metro,586,144,141,39804.65,3.67,0.1752,6,-0.0819,-0.2928,0.3723,0.2048,72,1
SLR004767,Fashion,Tier-3 Town,262,468,714,20232.02,3.6,0.3391,8,-0.7174,-0.3462,0.7002,0.3428,48,1
SLR004768,Home & Kitchen,Tier-2 City,589,141,95,13434.63,3.74,0.2021,8,0.0084,-0.2291,0.5133,0.1589,14,1
SLR004769,Sports & Fitness,Tier-1 Metro,45,685,969,51207.62,4.08,0.1485,5,-0.2428,-0.1627,0.5769,0.1843,14,0
SLR004770,Grocery,Tier-2 City,195,535,217,10081.97,3.71,0.1245,2,0.0305,-0.0035,0.6629,0.2117,15,1
SLR004771,Electronics,Tier-3 Town,487,243,579,30442.23,3.62,0.261,5,-0.2708,-0.1111,0.6181,0.1885,16,0
SLR004772,Beauty & Personal Care,Tier-2 City,308,422,613,52352.71,3.44,0.1872,5,0.3253,-0.1758,0.5281,0.1544,53,1
SLR004773,Grocery,Tier-3 Town,595,135,47,12463.36,4.3,0.1527,4,0.1446,-0.1215,0.5736,0.2169,0,0
SLR004774,Mobiles & Accessories,Tier-2 City,0,730,664,23063.42,4.03,0.2199,6,0.2477,0.0375,0.4804,0.1321,0,0
SLR004775,Beauty & Personal Care,Tier-3 Town,314,416,573,24778.54,3.07,0.2357,6,-0.1077,-0.2044,0.7998,0.2626,0,0
SLR004776,Grocery,Tier-3 Town,400,330,198,23025.85,4.69,0.1867,1,0.2162,0.1589,0.5079,0.1676,5,0
SLR004777,Beauty & Personal Care,Tier-3 Town,230,500,71,2519.68,4.17,0.1943,7,-0.2824,-0.0738,0.4395,0.197,0,0
SLR004778,Toys & Baby,Tier-1 Metro,374,356,179,14047.93,4.07,0.1774,12,-0.1089,-0.3091,0.4367,0.1404,25,0
SLR004779,Home & Kitchen,Tier-1 Metro,247,483,564,28090.8,3.54,0.1285,5,0.3012,0.1547,0.6435,0.1336,7,0
SLR004780,Toys & Baby,Tier-1 Metro,414,316,625,21408.77,4.16,0.1371,2,-0.2095,0.0489,0.8457,0.2125,4,0
SLR004781,Fashion,Tier-3 Town,177,553,882,49000.19,4.59,0.3118,7,0.2205,0.1543,0.918,0.1548,45,0
SLR004782,Fashion,Tier-3 Town,349,381,375,13291.04,2.88,0.3313,8,-0.0876,-0.1631,0.5334,0.3416,53,1
SLR004783,Home & Kitchen,Tier-1 Metro,559,171,328,41388.0,3.86,0.1317,7,0.0776,-0.1532,0.4885,0.2434,52,1
SLR004784,Home & Kitchen,Tier-1 Metro,518,212,286,19732.62,3.62,0.1477,3,0.1511,0.1295,0.6756,0.0834,13,0
SLR004785,Sports & Fitness,Tier-1 Metro,484,246,391,49861.78,3.88,0.1496,6,-0.0494,-0.042,0.4555,0.1093,15,0
SLR004786,Mobiles & Accessories,Tier-2 City,453,277,789,59000.71,4.95,0.1748,4,0.1617,0.118,0.6256,0.1642,11,0
SLR004787,Beauty & Personal Care,Tier-1 Metro,568,162,44,5804.64,3.49,0.1487,9,0.0216,0.0158,0.5081,0.1903,31,1
SLR004788,Electronics,Tier-1 Metro,0,730,1186,44047.14,3.46,0.1929,7,-0.3791,-0.0628,0.3733,0.2068,0,0
SLR004789,Toys & Baby,Tier-2 City,263,467,977,75019.78,3.49,0.1923,6,-0.2913,0.1667,0.6344,0.1269,0,0
SLR004790,Toys & Baby,Tier-3 Town,418,312,32,3553.88,4.05,0.2193,8,-0.6072,-0.1292,0.6584,0.279,51,1
SLR004791,Fashion,Tier-3 Town,497,233,257,38515.48,3.58,0.3632,10,-0.2761,-0.0953,0.9375,0.2038,45,0
SLR004792,Home & Kitchen,Tier-2 City,681,49,171,106918.84,3.73,0.1926,2,-0.3001,-0.3691,0.4615,0.2403,9,0
SLR004793,Beauty & Personal Care,Tier-2 City,668,62,246,50507.16,3.82,0.1883,4,0.0381,-0.0526,0.8047,0.1947,4,0
SLR004794,Electronics,Tier-1 Metro,539,191,510,87697.4,4.01,0.131,8,0.0319,0.332,0.6896,0.2031,8,0
SLR004795,Sports & Fitness,Tier-2 City,410,320,148,6954.77,4.16,0.1758,3,0.1042,-0.0594,0.5007,0.1888,12,0
SLR004796,Toys & Baby,Tier-2 City,665,65,353,144957.07,4.62,0.1808,6,-0.1481,-0.0096,0.6782,0.2319,5,0
SLR004797,Mobiles & Accessories,Tier-1 Metro,125,605,254,8313.58,2.84,0.2306,8,-0.6189,-0.1805,0.6679,0.3126,14,1
SLR004798,Electronics,Tier-1 Metro,436,294,220,23853.78,3.56,0.1932,7,-0.3286,0.2385,0.8234,0.0883,0,0
SLR004799,Electronics,Tier-1 Metro,602,128,55,15324.31,3.64,0.1454,9,-0.3443,-0.18,0.8113,0.2828,4,0
SLR004800,Electronics,Tier-2 City,0,730,301,14230.41,3.33,0.2071,8,-0.0272,-0.0956,0.5053,0.1128,22,0
SLR004801,Toys & Baby,Tier-1 Metro,633,97,177,66884.26,3.95,0.16,6,-0.4735,-0.0569,0.2701,0.2701,39,1
SLR004802,Toys & Baby,Tier-1 Metro,253,477,1066,34703.73,3.65,0.1528,5,-0.0929,0.0712,0.3327,0.1304,6,0
SLR004803,Fashion,Tier-2 City,524,206,63,11356.67,2.48,0.3926,8,-0.4139,-0.3856,0.2853,0.3422,59,1
SLR004804,Fashion,Tier-1 Metro,0,730,575,10872.59,3.34,0.2933,8,-0.0177,-0.2106,0.3687,0.1681,30,1
SLR004805,Electronics,Tier-1 Metro,102,628,893,35603.73,3.64,0.131,7,-0.5023,0.0491,0.6723,0.2159,64,1
SLR004806,Sports & Fitness,Tier-3 Town,492,238,140,14735.65,3.41,0.2487,14,0.2466,-0.2025,0.6213,0.2252,0,0
SLR004807,Home & Kitchen,Tier-1 Metro,578,152,383,89210.22,3.49,0.1685,7,0.1401,-0.2052,0.8843,0.1175,17,0
SLR004808,Mobiles & Accessories,Tier-3 Town,452,278,415,35290.72,3.48,0.2766,4,-0.1589,0.0461,0.5928,0.2008,22,0
SLR004809,Fashion,Tier-1 Metro,202,528,959,67410.59,4.37,0.2115,2,0.0697,-0.1628,0.939,0.1381,1,0
SLR004810,Fashion,Tier-2 City,398,332,772,33363.51,3.47,0.3046,6,0.0294,-0.1776,0.6094,0.093,76,1
SLR004811,Beauty & Personal Care,Tier-2 City,486,244,149,9598.49,3.71,0.1967,4,0.2913,-0.1865,0.9488,0.1429,0,0
SLR004812,Sports & Fitness,Tier-2 City,612,118,186,28746.13,3.75,0.1974,5,-0.5917,-0.0403,0.5431,0.2144,0,0
SLR004813,Home & Kitchen,Tier-3 Town,193,537,324,15533.7,3.86,0.2363,6,0.4816,-0.3072,0.4992,0.1521,13,0
SLR004814,Mobiles & Accessories,Tier-2 City,406,324,546,69387.94,3.34,0.218,4,0.2052,-0.1835,0.7426,0.072,17,0
SLR004815,Electronics,Tier-2 City,412,318,484,50253.98,3.55,0.2286,8,-0.1123,-0.1565,0.3603,0.309,14,0
SLR004816,Grocery,Tier-3 Town,546,184,48,5044.27,3.14,0.2357,11,-0.4346,-0.0268,0.3981,0.3762,16,1
SLR004817,Toys & Baby,Tier-1 Metro,559,171,402,71754.17,3.78,0.1276,7,0.3556,-0.177,0.5063,0.061,120,1
SLR004818,Sports & Fitness,Tier-1 Metro,563,167,208,42540.82,4.35,0.1169,13,-0.3997,-0.2006,0.6865,0.1351,40,1
SLR004819,Electronics,Tier-3 Town,462,268,251,24637.21,3.57,0.2646,11,0.1085,-0.0274,0.5301,0.2622,33,0
SLR004820,Sports & Fitness,Tier-2 City,493,237,267,26717.64,3.3,0.1759,7,-0.405,-0.2863,0.4955,0.1926,65,1
SLR004821,Sports & Fitness,Tier-1 Metro,77,653,173,10413.8,3.83,0.138,9,0.0227,-0.2579,0.7126,0.1511,24,0
SLR004822,Beauty & Personal Care,Tier-2 City,0,730,1189,61093.4,3.74,0.1668,3,-0.3544,-0.0912,0.6808,0.2042,37,1
SLR004823,Beauty & Personal Care,Tier-1 Metro,465,265,68,8267.93,3.39,0.1663,7,0.0295,-0.2337,0.5191,0.2326,27,0
SLR004824,Mobiles & Accessories,Tier-1 Metro,540,190,222,48181.24,3.4,0.1691,12,0.7414,-0.531,0.5788,0.1401,21,1
SLR004825,Grocery,Tier-2 City,587,143,75,12991.0,3.37,0.1935,7,-0.0727,-0.0115,0.4393,0.2353,72,1
SLR004826,Home & Kitchen,Tier-3 Town,390,340,47,4525.67,3.85,0.2642,4,-0.5137,-0.1451,0.9064,0.2439,0,0
SLR004827,Mobiles & Accessories,Tier-2 City,386,344,471,48726.48,3.78,0.236,5,-0.1631,-0.3811,0.7365,0.1309,40,1
SLR004828,Mobiles & Accessories,Tier-1 Metro,594,136,260,59836.47,4.32,0.1574,5,-0.3824,0.3998,0.7569,0.0218,48,1
SLR004829,Fashion,Tier-1 Metro,57,673,1198,61302.43,4.15,0.2263,5,-0.0554,-0.2049,0.9491,0.1065,0,0
SLR004830,Mobiles & Accessories,Tier-1 Metro,484,246,309,40717.31,3.41,0.1728,5,-0.0293,0.086,0.8168,0.1402,44,1
SLR004831,Fashion,Tier-3 Town,0,730,1351,70102.21,3.4,0.3558,15,0.193,-0.4285,0.6775,0.3362,16,0
SLR004832,Toys & Baby,Tier-2 City,640,90,83,25398.76,3.78,0.1767,6,0.3827,0.0339,0.6423,0.1425,44,1
SLR004833,Electronics,Tier-1 Metro,23,707,2686,131086.24,3.63,0.1454,3,-0.2042,-0.0254,0.584,0.0,5,1
SLR004834,Mobiles & Accessories,Tier-1 Metro,402,328,424,29850.79,3.56,0.176,9,0.0744,-0.2047,0.6448,0.2089,71,1
SLR004835,Grocery,Tier-3 Town,545,185,242,49266.51,4.69,0.1834,4,0.1396,-0.2578,0.5841,0.1426,26,0
SLR004836,Toys & Baby,Tier-3 Town,510,220,117,16678.41,3.26,0.2188,6,-0.3683,-0.2812,0.6525,0.3063,65,1
SLR004837,Beauty & Personal Care,Tier-3 Town,569,161,320,24356.29,3.52,0.2283,7,-0.1913,0.1022,0.7555,0.3057,7,0
SLR004838,Toys & Baby,Tier-3 Town,570,160,31,2131.17,3.44,0.2425,10,-0.4047,-0.182,0.4796,0.2726,15,0
SLR004839,Electronics,Tier-1 Metro,364,366,150,17034.46,3.53,0.1647,11,0.2649,0.0749,0.5978,0.2306,8,0
SLR004840,Grocery,Tier-1 Metro,0,730,3757,203109.31,3.34,0.1522,7,-0.0177,-0.1844,0.5384,0.1947,13,0
SLR004841,Grocery,Tier-1 Metro,422,308,212,9118.55,4.33,0.1337,10,0.0237,0.0659,0.6126,0.141,4,0
SLR004842,Fashion,Tier-2 City,554,176,469,81524.87,3.02,0.3277,13,-0.2577,-0.3728,0.5101,0.4139,5,1
SLR004843,Toys & Baby,Tier-3 Town,479,251,847,121505.89,3.63,0.2313,7,-0.2422,-0.3004,0.5241,0.2442,65,1
SLR004844,Fashion,Tier-2 City,517,213,46,6023.58,3.74,0.3132,4,-0.3626,-0.4175,0.5717,0.2046,14,0
SLR004845,Mobiles & Accessories,Tier-1 Metro,188,542,822,62767.3,3.25,0.1971,2,-0.1525,-0.0758,0.7072,0.2078,26,0
SLR004846,Mobiles & Accessories,Tier-1 Metro,593,137,52,14179.15,3.86,0.2246,6,-0.1916,0.0229,0.5939,0.2053,54,1
SLR004847,Grocery,Tier-1 Metro,494,236,224,30967.54,3.79,0.1165,11,-0.4223,-0.1478,0.5555,0.1671,22,1
SLR004848,Grocery,Tier-2 City,396,334,1481,73821.33,4.74,0.1063,4,0.1118,0.0133,1.0,0.1465,11,0
SLR004849,Fashion,Tier-2 City,0,730,1044,39784.96,3.86,0.3082,3,-0.5644,0.1724,0.4794,0.1479,8,0
SLR004850,Home & Kitchen,Tier-2 City,587,143,46,10602.39,3.71,0.2017,9,0.4447,-0.1444,0.3268,0.1687,26,1
SLR004851,Beauty & Personal Care,Tier-1 Metro,168,562,957,24365.74,4.47,0.0946,2,-0.1845,-0.0369,0.6875,0.0915,1,0
SLR004852,Toys & Baby,Tier-1 Metro,313,417,2460,229603.28,4.11,0.0922,7,0.1547,0.018,0.8095,0.0976,19,0
SLR004853,Mobiles & Accessories,Tier-2 City,630,100,189,40071.68,3.29,0.2326,13,-0.3128,-0.0097,0.3846,0.13,24,1
SLR004854,Mobiles & Accessories,Tier-1 Metro,514,216,192,20770.22,3.17,0.2483,7,0.0633,-0.33,0.6146,0.2539,22,1
SLR004855,Beauty & Personal Care,Tier-2 City,421,309,495,28608.69,3.72,0.1616,10,0.2482,-0.2164,0.6643,0.2116,0,0
SLR004856,Electronics,Tier-1 Metro,581,149,198,22245.4,4.58,0.1197,3,0.9503,0.3038,0.8524,0.0288,0,0
SLR004857,Fashion,Tier-2 City,524,206,149,23240.53,3.2,0.3214,12,-0.4348,-0.1898,0.6082,0.1591,0,0
SLR004858,Home & Kitchen,Tier-2 City,9,721,970,42134.47,3.08,0.1972,8,-0.3786,-0.0298,0.2964,0.2361,27,1
SLR004859,Grocery,Tier-3 Town,205,525,337,15072.82,3.57,0.1732,5,-0.3567,-0.1352,0.3264,0.3381,27,1
SLR004860,Beauty & Personal Care,Tier-2 City,128,602,300,19488.16,3.36,0.2046,13,-0.0994,-0.0652,0.1545,0.2246,3,0
SLR004861,Mobiles & Accessories,Tier-1 Metro,553,177,391,85486.99,4.36,0.1637,3,0.2544,0.1013,0.5969,0.0884,22,0
SLR004862,Sports & Fitness,Tier-1 Metro,20,710,1003,31490.32,3.4,0.1719,8,-0.2947,-0.0524,0.3794,0.2039,20,1
SLR004863,Sports & Fitness,Tier-1 Metro,0,730,489,12268.24,3.84,0.1701,9,-0.5433,-0.325,0.4825,0.195,47,1
SLR004864,Toys & Baby,Tier-1 Metro,521,209,202,17323.72,3.88,0.1296,1,0.0197,0.0235,0.6714,0.037,12,0
SLR004865,Fashion,Tier-1 Metro,666,64,70,16907.86,3.33,0.2724,1,-0.2576,-0.0151,0.4937,0.129,0,0
SLR004866,Fashion,Tier-2 City,256,474,432,22587.4,3.69,0.324,10,-0.259,-0.2927,0.6039,0.237,41,1
SLR004867,Mobiles & Accessories,Tier-3 Town,601,129,187,31939.88,3.87,0.2931,8,-0.3267,-0.1438,0.7799,0.257,11,0
SLR004868,Beauty & Personal Care,Tier-1 Metro,574,156,470,65566.36,3.22,0.1334,7,0.205,-0.157,0.5323,0.0926,0,0
SLR004869,Sports & Fitness,Tier-3 Town,48,682,626,33703.14,3.76,0.2619,6,0.157,0.2492,0.3915,0.3016,22,0
SLR004870,Beauty & Personal Care,Tier-2 City,537,193,710,57648.65,4.5,0.1829,6,0.3944,0.1049,0.6178,0.1735,36,1
SLR004871,Home & Kitchen,Tier-3 Town,582,148,285,49485.18,2.96,0.3018,5,-0.3558,-0.2056,0.8019,0.3137,25,1
SLR004872,Electronics,Tier-2 City,524,206,188,25804.49,4.61,0.1916,6,-0.439,-0.1785,0.6596,0.1259,16,0
SLR004873,Electronics,Tier-1 Metro,593,137,126,10192.99,4.45,0.1514,9,0.1166,-0.1529,0.4111,0.1769,23,0
SLR004874,Home & Kitchen,Tier-3 Town,0,730,1222,49385.53,2.64,0.2762,5,-0.1385,-0.2733,0.6356,0.2979,44,1
SLR004875,Toys & Baby,Tier-1 Metro,620,110,438,48962.94,3.36,0.1551,5,0.1159,-0.0735,0.6893,0.2025,13,0
SLR004876,Home & Kitchen,Tier-3 Town,482,248,302,17482.23,3.14,0.2925,6,-0.3189,-0.136,0.5705,0.2254,21,1
SLR004877,Beauty & Personal Care,Tier-1 Metro,479,251,142,22050.29,3.67,0.1622,8,-0.1716,-0.2699,0.425,0.1423,27,1
SLR004878,Beauty & Personal Care,Tier-3 Town,0,730,614,31566.73,3.28,0.2607,8,0.1384,-0.3117,0.7896,0.2699,86,1
SLR004879,Fashion,Tier-1 Metro,361,369,311,29591.88,3.94,0.2515,10,-0.3642,0.1741,0.3286,0.066,6,1
SLR004880,Fashion,Tier-1 Metro,440,290,624,80287.92,3.98,0.2327,4,0.1987,0.0212,0.7753,0.0,45,0
SLR004881,Fashion,Tier-2 City,390,340,179,18919.34,3.38,0.3128,9,-0.415,-0.2234,0.4277,0.1105,16,1
SLR004882,Beauty & Personal Care,Tier-1 Metro,674,56,21,12842.28,3.34,0.1534,5,0.3911,-0.0985,0.6452,0.2853,12,0
SLR004883,Sports & Fitness,Tier-2 City,228,502,1604,105713.88,3.93,0.1734,4,0.0024,0.0273,0.6407,0.1381,0,0
SLR004884,Beauty & Personal Care,Tier-1 Metro,549,181,392,74795.33,4.77,0.1389,5,-0.1311,-0.1259,0.8654,0.1141,32,0
SLR004885,Toys & Baby,Tier-2 City,410,320,534,57349.23,3.57,0.2007,5,0.0009,0.0129,0.3751,0.1377,2,0
SLR004886,Mobiles & Accessories,Tier-1 Metro,398,332,779,64492.34,3.13,0.2051,13,-0.4132,-0.0054,0.374,0.3136,47,1
SLR004887,Electronics,Tier-1 Metro,423,307,494,17273.61,3.22,0.2234,6,-0.4229,-0.1732,0.3837,0.2482,62,1
SLR004888,Fashion,Tier-2 City,150,580,470,32795.61,4.4,0.2913,5,-0.3423,0.0059,0.6546,0.1005,0,0
SLR004889,Grocery,Tier-3 Town,524,206,338,62999.25,3.52,0.2083,7,0.039,-0.2313,0.5068,0.3084,9,0
SLR004890,Home & Kitchen,Tier-2 City,612,118,92,10423.18,4.36,0.1474,3,-0.1555,0.3636,0.6365,0.0652,82,1
SLR004891,Home & Kitchen,Tier-1 Metro,533,197,166,23730.34,3.8,0.1583,1,0.0881,-0.1573,0.4285,0.1673,70,1
SLR004892,Mobiles & Accessories,Tier-2 City,224,506,424,14909.62,3.81,0.2341,12,-0.0155,0.1665,0.4466,0.1822,6,0
SLR004893,Mobiles & Accessories,Tier-1 Metro,561,169,524,43560.14,3.96,0.2066,6,-0.2869,0.0379,0.7827,0.097,19,0
SLR004894,Beauty & Personal Care,Tier-2 City,597,133,381,35409.01,4.43,0.1434,1,0.4504,-0.0023,0.8226,0.1005,11,0
SLR004895,Home & Kitchen,Tier-2 City,389,341,653,78396.53,3.01,0.1868,7,-0.3331,-0.2617,0.5595,0.3167,46,1
SLR004896,Mobiles & Accessories,Tier-1 Metro,8,722,1385,36580.03,2.89,0.2328,11,-0.3165,-0.1701,0.6053,0.2493,6,1
SLR004897,Mobiles & Accessories,Tier-2 City,465,265,241,37500.61,3.09,0.2256,4,-0.2622,-0.1639,0.7578,0.136,31,0
SLR004898,Grocery,Tier-1 Metro,478,252,12,1051.04,4.09,0.0775,5,-0.2386,-0.043,0.8261,0.0223,8,0
SLR004899,Sports & Fitness,Tier-1 Metro,382,348,503,35346.8,3.99,0.1035,5,0.011,-0.0627,0.6797,0.0327,35,1
SLR004900,Electronics,Tier-2 City,465,265,269,15059.77,3.91,0.214,9,-0.1807,-0.4028,0.4918,0.1522,23,1
SLR004901,Home & Kitchen,Tier-2 City,48,682,970,15987.3,3.5,0.1545,7,-0.3836,-0.038,0.4904,0.1221,34,1
SLR004902,Beauty & Personal Care,Tier-1 Metro,420,310,799,81696.65,3.61,0.1405,2,0.0686,-0.0652,0.6583,0.1145,0,0
SLR004903,Fashion,Tier-3 Town,259,471,437,16385.08,4.02,0.3644,14,-0.0528,-0.0388,0.678,0.1623,14,0
SLR004904,Electronics,Tier-1 Metro,318,412,808,55107.3,3.31,0.1731,6,-0.2827,0.1254,0.7949,0.0786,10,1
SLR004905,Toys & Baby,Tier-2 City,412,318,733,52133.1,3.74,0.1916,4,-0.1356,0.0122,0.4733,0.1895,22,0
SLR004906,Sports & Fitness,Tier-1 Metro,0,730,2098,49471.52,4.24,0.1121,1,0.5362,-0.1226,0.8093,0.0,0,0
SLR004907,Grocery,Tier-1 Metro,405,325,154,9083.88,4.12,0.1074,7,-0.452,-0.2267,0.7392,0.2017,4,0
SLR004908,Toys & Baby,Tier-1 Metro,218,512,554,28016.11,3.43,0.2052,7,-0.1529,-0.2488,0.4064,0.2032,26,1
SLR004909,Toys & Baby,Tier-1 Metro,0,730,1623,85666.9,4.85,0.0984,1,-0.3457,0.0577,0.711,0.0718,22,0
SLR004910,Home & Kitchen,Tier-1 Metro,382,348,757,73591.8,4.41,0.1061,4,0.3761,0.0567,0.7627,0.0835,16,0
SLR004911,Grocery,Tier-1 Metro,427,303,547,21232.02,3.7,0.1333,12,-0.4625,0.0737,0.7297,0.2022,10,0
SLR004912,Mobiles & Accessories,Tier-1 Metro,578,152,821,177275.7,4.12,0.1646,3,0.2894,0.236,0.7991,0.0078,2,0
SLR004913,Toys & Baby,Tier-3 Town,185,545,458,22939.07,3.81,0.2394,4,0.4272,0.1504,0.8216,0.1527,0,0
SLR004914,Electronics,Tier-2 City,537,193,130,13496.81,3.41,0.2604,11,-0.0914,-0.2496,0.1906,0.3244,27,1
SLR004915,Fashion,Tier-2 City,99,631,3121,69290.3,3.43,0.2911,6,0.0054,-0.1897,0.6478,0.034,0,0
SLR004916,Grocery,Tier-3 Town,0,730,986,55298.21,3.99,0.1597,2,0.2469,0.2618,0.5865,0.1368,0,0
SLR004917,Toys & Baby,Tier-1 Metro,616,114,315,29767.72,3.5,0.1573,3,-0.418,-0.1414,0.7846,0.1057,12,1
SLR004918,Toys & Baby,Tier-1 Metro,120,610,657,14870.92,3.67,0.1548,1,-0.1747,0.0185,0.7262,0.2153,41,0
SLR004919,Fashion,Tier-1 Metro,0,730,327,11795.46,3.2,0.2968,10,-0.6713,-0.1739,0.417,0.1921,11,1
SLR004920,Electronics,Tier-2 City,418,312,583,74914.75,3.95,0.2467,10,-0.0675,-0.0666,0.4273,0.2419,148,1
SLR004921,Home & Kitchen,Tier-3 Town,496,234,293,27575.59,3.66,0.2214,5,-0.2077,0.0109,0.8965,0.1868,10,0
SLR004922,Mobiles & Accessories,Tier-2 City,534,196,383,47278.95,3.24,0.2622,8,-0.0808,-0.1331,0.5664,0.2326,5,1
SLR004923,Electronics,Tier-1 Metro,666,64,102,16740.73,3.43,0.2115,6,0.033,-0.0609,0.5883,0.204,4,0
SLR004924,Sports & Fitness,Tier-2 City,425,305,839,91241.1,4.37,0.1066,3,-0.0121,0.0978,0.6693,0.1978,27,0
SLR004925,Beauty & Personal Care,Tier-1 Metro,0,730,2082,58524.08,4.18,0.0743,3,0.04,0.0968,0.8282,0.0624,12,0
SLR004926,Electronics,Tier-1 Metro,150,580,889,54495.5,3.93,0.1545,2,-0.2354,-0.2072,0.4381,0.1207,17,1
SLR004927,Home & Kitchen,Tier-2 City,496,234,588,55458.09,3.55,0.2179,4,-0.3837,-0.0303,0.8067,0.2264,0,0
SLR004928,Mobiles & Accessories,Tier-1 Metro,574,156,82,13350.29,3.98,0.1617,9,-0.2917,0.0733,0.7688,0.1536,10,0
SLR004929,Mobiles & Accessories,Tier-1 Metro,517,213,106,17949.45,3.52,0.2497,9,0.1901,-0.3843,0.4579,0.1657,33,1
SLR004930,Fashion,Tier-2 City,194,536,396,22545.76,3.15,0.3346,9,-0.6618,-0.0608,0.7129,0.1392,98,1
SLR004931,Electronics,Tier-1 Metro,262,468,337,16717.75,3.64,0.172,7,-0.3624,-0.094,0.7544,0.1745,0,0
SLR004932,Fashion,Tier-3 Town,621,109,45,6680.54,3.48,0.3716,11,-0.1406,0.0097,0.7525,0.2408,18,1
SLR004933,Toys & Baby,Tier-3 Town,404,326,192,12569.24,3.53,0.224,2,-0.148,-0.2965,0.814,0.1538,4,0
SLR004934,Home & Kitchen,Tier-2 City,357,373,241,22152.52,3.23,0.2456,8,-0.5012,-0.2262,0.3998,0.2669,74,1
SLR004935,Home & Kitchen,Tier-1 Metro,83,647,282,15856.99,3.8,0.1479,6,0.0376,-0.1183,0.2864,0.101,68,1
SLR004936,Mobiles & Accessories,Tier-1 Metro,369,361,1569,103004.29,3.46,0.1886,5,0.1872,-0.1501,0.528,0.1285,12,0
SLR004937,Grocery,Tier-2 City,338,392,729,21339.39,3.91,0.162,6,-0.483,-0.6375,0.5649,0.2861,10,0
SLR004938,Sports & Fitness,Tier-1 Metro,70,660,669,13096.63,3.54,0.1109,5,0.4388,-0.0435,0.6273,0.1185,8,0
SLR004939,Mobiles & Accessories,Tier-2 City,490,240,23,1382.48,3.24,0.2461,5,-0.0753,-0.1249,0.6121,0.2771,55,1
SLR004940,Beauty & Personal Care,Tier-2 City,692,38,6,5353.29,4.54,0.1582,2,-0.0326,-0.1485,0.6698,0.0517,2,0
SLR004941,Beauty & Personal Care,Tier-2 City,485,245,580,84297.79,3.08,0.1963,7,-0.4077,-0.303,0.5577,0.2335,7,0
SLR004942,Home & Kitchen,Tier-3 Town,462,268,286,20787.49,3.09,0.2727,18,-0.3404,0.0278,0.4684,0.357,66,1
SLR004943,Beauty & Personal Care,Tier-1 Metro,431,299,588,34324.06,3.88,0.1491,5,-0.1289,0.2074,0.7232,0.0005,31,0
SLR004944,Electronics,Tier-1 Metro,350,380,285,29952.67,3.69,0.2044,10,-0.0035,-0.1832,0.3822,0.0622,4,0
SLR004945,Home & Kitchen,Tier-3 Town,479,251,62,5516.82,3.75,0.2263,4,0.2937,0.1096,0.9016,0.2484,6,0
SLR004946,Fashion,Tier-3 Town,583,147,386,108946.72,3.29,0.3798,4,-0.638,-0.3091,0.5607,0.2495,39,1
SLR004947,Mobiles & Accessories,Tier-2 City,532,198,420,42730.46,3.36,0.2362,4,-0.2274,-0.1612,0.4598,0.2076,8,1
SLR004948,Toys & Baby,Tier-2 City,297,433,353,26431.71,4.02,0.1849,2,0.0144,0.1635,0.4819,0.2865,29,0
SLR004949,Electronics,Tier-3 Town,271,459,244,19839.01,2.77,0.287,10,-0.4415,-0.6107,0.2339,0.3703,6,1
SLR004950,Toys & Baby,Tier-2 City,274,456,3110,244346.23,4.08,0.1535,4,-0.039,-0.1722,0.5425,0.1096,0,0
SLR004951,Fashion,Tier-2 City,12,718,699,29138.9,3.49,0.3281,5,0.0122,0.0273,0.8266,0.1018,10,0
SLR004952,Toys & Baby,Tier-2 City,368,362,290,15501.94,2.69,0.1892,14,-0.1323,0.0372,0.5608,0.2585,5,1
SLR004953,Mobiles & Accessories,Tier-1 Metro,502,228,396,63716.52,4.4,0.1634,7,-0.1083,-0.147,0.8385,0.0233,10,0
SLR004954,Mobiles & Accessories,Tier-2 City,0,730,1079,29848.57,3.71,0.1958,9,0.1255,0.0142,0.6651,0.1724,0,0
SLR004955,Beauty & Personal Care,Tier-2 City,121,609,1583,30582.42,3.5,0.205,9,-0.1236,-0.1909,0.3358,0.2736,148,1
SLR004956,Beauty & Personal Care,Tier-1 Metro,288,442,171,5755.46,3.31,0.1702,10,-0.3905,-0.3947,0.4466,0.2656,23,1
SLR004957,Mobiles & Accessories,Tier-2 City,287,443,219,16474.82,2.93,0.2953,13,-0.3871,-0.1639,0.5953,0.2628,14,0
SLR004958,Fashion,Tier-2 City,480,250,90,13194.2,2.92,0.3091,6,-0.3067,-0.1787,0.4433,0.1769,6,1
SLR004959,Fashion,Tier-1 Metro,189,541,329,14409.32,3.93,0.2761,5,0.0904,-0.1394,0.6686,0.0979,8,0
SLR004960,Fashion,Tier-2 City,582,148,282,48724.28,2.95,0.3026,10,0.2019,-0.1491,0.687,0.1286,20,1
SLR004961,Mobiles & Accessories,Tier-1 Metro,413,317,618,51925.4,3.71,0.1993,3,-0.5174,-0.0458,0.4875,0.0522,40,1
SLR004962,Mobiles & Accessories,Tier-1 Metro,460,270,494,47960.72,2.44,0.2094,10,-0.2738,-0.1311,0.9042,0.2611,52,1
SLR004963,Mobiles & Accessories,Tier-1 Metro,601,129,77,24692.0,3.71,0.1781,9,0.2722,-0.0285,0.6224,0.1357,5,0
SLR004964,Sports & Fitness,Tier-2 City,577,153,63,14649.94,4.0,0.1679,6,-0.0864,-0.2368,0.739,0.1889,29,1
SLR004965,Toys & Baby,Tier-1 Metro,434,296,473,55982.23,3.24,0.1733,8,-0.3045,-0.3113,0.4145,0.2549,16,0
SLR004966,Fashion,Tier-3 Town,426,304,426,23483.35,3.27,0.3379,9,-0.2984,-0.0866,0.6994,0.2572,5,1
SLR004967,Beauty & Personal Care,Tier-1 Metro,104,626,526,16632.64,3.82,0.1403,5,-0.0652,0.2299,0.6668,0.1894,24,0
SLR004968,Home & Kitchen,Tier-3 Town,374,356,862,84471.45,3.61,0.2057,8,-0.1061,0.1861,0.8059,0.224,88,1
SLR004969,Grocery,Tier-3 Town,456,274,110,16530.78,3.84,0.2011,8,-0.4133,-0.0699,0.498,0.1795,5,1
SLR004970,Grocery,Tier-3 Town,233,497,735,38069.69,3.82,0.1852,5,-0.1039,0.1293,0.7889,0.1669,19,0
SLR004971,Fashion,Tier-2 City,433,297,291,25247.09,4.27,0.2485,4,0.0628,0.2703,0.651,0.105,5,0
SLR004972,Mobiles & Accessories,Tier-1 Metro,643,87,49,20355.8,4.31,0.185,5,0.3656,0.1237,0.6271,0.0134,11,0
SLR004973,Home & Kitchen,Tier-2 City,572,158,262,46516.53,3.85,0.1443,4,-0.0692,-0.1476,0.7367,0.0564,8,0
SLR004974,Toys & Baby,Tier-1 Metro,512,218,417,31796.44,3.93,0.1654,4,-0.0401,0.1592,0.5422,0.2374,0,0
SLR004975,Home & Kitchen,Tier-2 City,509,221,453,76793.81,3.25,0.2055,4,-0.198,-0.1102,0.6243,0.2054,37,0
SLR004976,Mobiles & Accessories,Tier-2 City,501,229,208,13015.24,3.75,0.2476,6,0.1162,0.1338,0.6126,0.1804,29,1
SLR004977,Fashion,Tier-1 Metro,311,419,519,51327.88,3.25,0.2848,2,-0.2356,-0.1908,0.493,0.1951,0,0
SLR004978,Grocery,Tier-2 City,0,730,244,5881.21,3.74,0.1391,2,-0.1358,-0.0154,0.6352,0.2058,18,0
SLR004979,Grocery,Tier-2 City,70,660,2030,45361.75,5.0,0.0948,2,0.6464,0.0039,0.8911,0.1171,13,0
SLR004980,Fashion,Tier-3 Town,0,730,1272,65417.5,3.23,0.3431,11,-0.4453,-0.1194,0.4599,0.1661,5,0
SLR004981,Fashion,Tier-1 Metro,396,334,171,7920.1,4.15,0.2417,5,-0.02,-0.2409,0.8322,0.0147,3,0
SLR004982,Beauty & Personal Care,Tier-2 City,420,310,1221,66173.19,4.55,0.1384,1,0.2847,0.2367,0.656,0.0661,0,0
SLR004983,Fashion,Tier-1 Metro,510,220,249,39274.11,3.51,0.2243,5,-0.2216,0.0871,0.5564,0.1787,2,0
SLR004984,Sports & Fitness,Tier-3 Town,0,730,192,10376.18,3.34,0.274,11,-0.2372,-0.0707,0.4059,0.3856,0,0
SLR004985,Beauty & Personal Care,Tier-2 City,0,730,580,12690.62,4.12,0.1741,3,-0.0867,-0.0816,0.7135,0.1676,37,1
SLR004986,Fashion,Tier-2 City,365,365,616,68352.3,3.56,0.3047,9,-0.9311,0.0702,0.4986,0.138,53,1
SLR004987,Fashion,Tier-1 Metro,560,170,218,37997.97,3.14,0.2837,10,-0.6632,-0.0256,0.5828,0.2157,23,1
SLR004988,Electronics,Tier-1 Metro,496,234,379,65043.41,2.76,0.2179,12,-0.153,-0.1987,0.3792,0.2138,33,1
SLR004989,Home & Kitchen,Tier-3 Town,314,416,897,36489.5,4.24,0.2874,5,0.3013,-0.158,0.793,0.278,0,0
SLR004990,Home & Kitchen,Tier-1 Metro,507,223,551,33778.96,4.92,0.044,1,0.4268,0.3407,0.9206,0.007,0,0
SLR004991,Mobiles & Accessories,Tier-1 Metro,483,247,91,4144.84,2.83,0.2319,10,0.3313,-0.0656,0.4304,0.1901,13,0
SLR004992,Fashion,Tier-2 City,396,334,163,7206.28,2.53,0.3642,11,0.033,-0.2339,0.7116,0.3067,19,1
SLR004993,Fashion,Tier-1 Metro,528,202,157,13272.78,3.07,0.3073,17,0.4406,-0.5285,0.6889,0.1814,21,0
SLR004994,Electronics,Tier-2 City,522,208,72,4200.07,3.81,0.2109,2,-0.3724,-0.0521,0.5507,0.2179,81,1
SLR004995,Fashion,Tier-3 Town,419,311,200,8782.43,3.26,0.4143,12,-0.3345,-0.2691,0.5355,0.3133,57,1
SLR004996,Grocery,Tier-3 Town,593,137,441,70023.42,3.3,0.2451,8,-0.0106,0.0086,0.4965,0.3843,7,0
SLR004997,Beauty & Personal Care,Tier-2 City,565,165,755,70478.69,3.6,0.1888,2,-0.2811,-0.0029,0.664,0.1209,43,1
SLR004998,Beauty & Personal Care,Tier-3 Town,307,423,393,14714.36,3.04,0.2373,4,-0.2864,-0.2845,0.602,0.3317,4,0
SLR004999,Beauty & Personal Care,Tier-1 Metro,0,730,2060,83916.89,3.63,0.1656,4,-0.143,-0.0512,0.424,0.192,15,0
SLR005000,Toys & Baby,Tier-1 Metro,461,269,103,7166.97,3.96,0.1793,7,-0.744,-0.1803,0.5369,0.2016,35,1
SLR005001,Sports & Fitness,Tier-2 City,645,85,101,20276.1,3.39,0.2341,9,-0.2649,-0.2647,0.5947,0.2062,76,1
SLR005002,Beauty & Personal Care,Tier-1 Metro,444,286,406,34947.62,4.62,0.1246,5,0.0682,0.2262,0.4061,0.0443,0,0
SLR005003,Electronics,Tier-3 Town,0,730,1131,27521.44,3.58,0.2675,8,-0.7661,-0.1649,0.2752,0.3156,13,0
SLR005004,Electronics,Tier-1 Metro,490,240,259,15663.79,4.38,0.1343,2,0.2184,-0.2882,0.8222,0.1487,66,1
SLR005005,Electronics,Tier-1 Metro,0,730,351,17020.29,3.12,0.1844,14,-0.1141,-0.2619,0.6244,0.261,0,0
SLR005006,Toys & Baby,Tier-3 Town,488,242,701,70132.11,4.32,0.205,10,0.0514,-0.2775,0.5161,0.1661,26,0
SLR005007,Beauty & Personal Care,Tier-3 Town,677,53,68,37338.9,4.36,0.2105,4,0.1879,0.1446,0.4904,0.1597,17,0
SLR005008,Fashion,Tier-1 Metro,344,386,431,30263.04,3.62,0.2904,8,-0.1329,-0.0657,0.6333,0.0944,8,1
SLR005009,Beauty & Personal Care,Tier-2 City,240,490,348,17016.68,2.96,0.2004,8,-0.0122,0.0129,0.5683,0.2031,13,1
SLR005010,Toys & Baby,Tier-2 City,592,138,264,49831.93,3.49,0.159,9,0.5155,0.125,0.5304,0.1742,5,1
SLR005011,Grocery,Tier-2 City,343,387,1751,144281.67,3.96,0.0869,8,-0.511,0.1418,0.7047,0.1368,19,0
SLR005012,Sports & Fitness,Tier-2 City,0,730,1801,73773.51,4.87,0.1254,4,0.3205,0.1149,0.9368,0.087,15,0
SLR005013,Toys & Baby,Tier-2 City,597,133,91,27097.65,3.98,0.1365,3,-0.0098,-0.0932,0.5564,0.0736,2,0
SLR005014,Beauty & Personal Care,Tier-3 Town,133,597,3481,239098.46,3.93,0.1602,4,0.03,-0.1103,0.9433,0.1398,0,0
SLR005015,Grocery,Tier-1 Metro,0,730,208,3935.5,4.07,0.0874,3,0.2223,-0.1282,0.8289,0.0,1,0
SLR005016,Grocery,Tier-3 Town,587,143,177,50308.6,4.09,0.191,1,0.0538,-0.1034,0.8013,0.1672,18,0
SLR005017,Fashion,Tier-2 City,88,642,271,10122.5,3.79,0.292,14,-0.0734,0.0606,0.2651,0.1007,5,1
SLR005018,Beauty & Personal Care,Tier-3 Town,0,730,1498,67883.05,3.14,0.2819,9,-0.3353,0.1304,0.7316,0.287,70,1
SLR005019,Toys & Baby,Tier-2 City,534,196,337,41513.99,3.8,0.2002,6,-0.1351,-0.1106,0.7345,0.2336,0,0
SLR005020,Mobiles & Accessories,Tier-1 Metro,145,585,1195,71369.92,3.73,0.1765,4,0.0952,0.0684,0.6002,0.1269,3,0
SLR005021,Fashion,Tier-1 Metro,455,275,396,45733.93,3.67,0.3016,7,-0.32,-0.1931,0.7658,0.2816,62,1
SLR005022,Fashion,Tier-1 Metro,535,195,242,18897.85,2.76,0.3036,8,-0.0307,-0.3944,0.7296,0.1799,90,1
SLR005023,Grocery,Tier-3 Town,502,228,348,17362.8,3.43,0.202,9,0.0023,-0.0122,0.2667,0.2833,77,1
SLR005024,Fashion,Tier-3 Town,300,430,989,57832.74,3.93,0.3636,9,-0.2467,-0.3083,0.5852,0.2663,6,0
SLR005025,Sports & Fitness,Tier-1 Metro,544,186,95,18642.33,3.72,0.1731,4,0.3784,-0.2326,0.4153,0.1449,7,0
SLR005026,Electronics,Tier-3 Town,476,254,46,4833.63,3.71,0.3128,11,-0.038,-0.2571,0.1048,0.2702,5,1
SLR005027,Beauty & Personal Care,Tier-2 City,349,381,1262,125634.7,4.24,0.1886,6,-0.2371,-0.0174,0.558,0.1098,30,0
SLR005028,Mobiles & Accessories,Tier-3 Town,0,730,1705,44324.62,4.15,0.2696,3,0.0027,-0.161,0.5921,0.2262,18,0
SLR005029,Fashion,Tier-1 Metro,442,288,106,10805.86,3.3,0.296,10,-0.0792,-0.2672,0.5765,0.0886,36,1
SLR005030,Grocery,Tier-1 Metro,77,653,181,8317.86,2.57,0.1583,12,-0.2635,0.0652,0.1623,0.2959,51,1
SLR005031,Mobiles & Accessories,Tier-2 City,0,730,147,6296.99,2.59,0.2908,11,-0.5004,-0.3915,0.5174,0.2549,107,1
SLR005032,Mobiles & Accessories,Tier-3 Town,583,147,59,14972.81,3.52,0.3016,10,-0.3546,-0.2062,0.398,0.3086,52,1
SLR005033,Sports & Fitness,Tier-2 City,2,728,295,13359.27,3.06,0.2502,12,-0.7115,-0.1563,0.5211,0.2615,50,1
SLR005034,Electronics,Tier-1 Metro,435,295,1089,87849.7,4.08,0.1997,4,-0.5699,-0.0522,0.5864,0.1644,46,1
SLR005035,Beauty & Personal Care,Tier-2 City,0,730,487,22080.24,3.83,0.1703,5,-0.1518,-0.0557,0.6001,0.1444,47,1
SLR005036,Electronics,Tier-1 Metro,451,279,462,47130.96,3.87,0.1767,6,-0.3651,-0.054,0.5201,0.1591,0,0
SLR005037,Fashion,Tier-2 City,190,540,1619,79819.94,3.58,0.337,5,-0.0984,-0.1271,0.5245,0.0792,4,0
SLR005038,Beauty & Personal Care,Tier-1 Metro,686,44,122,49632.23,3.75,0.1684,6,-0.0556,-0.3317,0.8612,0.2544,44,1
SLR005039,Toys & Baby,Tier-1 Metro,651,79,118,39596.47,4.25,0.1498,6,-0.4609,-0.0882,0.7176,0.0841,24,0
SLR005040,Mobiles & Accessories,Tier-2 City,73,657,234,13463.01,4.51,0.1799,6,0.2184,0.0922,0.7973,0.0298,17,0
SLR005041,Beauty & Personal Care,Tier-2 City,559,171,332,22860.04,3.54,0.2149,15,-0.3528,0.0436,0.4641,0.2155,52,1
SLR005042,Home & Kitchen,Tier-1 Metro,625,105,108,35675.05,4.7,0.1221,4,-0.1307,-0.0273,0.7474,0.0663,21,0
SLR005043,Toys & Baby,Tier-1 Metro,615,115,130,28396.91,4.55,0.0885,2,-0.2741,0.1784,0.7113,0.0363,28,0
SLR005044,Fashion,Tier-1 Metro,610,120,44,11680.78,3.21,0.3181,13,-0.294,-0.2238,0.6161,0.2263,75,1
SLR005045,Beauty & Personal Care,Tier-3 Town,578,152,150,32882.76,4.7,0.2051,3,0.2064,0.0659,0.6515,0.1015,3,0
SLR005046,Sports & Fitness,Tier-1 Metro,257,473,1446,112021.53,3.97,0.1593,7,-0.3992,0.0707,0.6976,0.0556,5,1
SLR005047,Grocery,Tier-2 City,525,205,36,5844.64,3.16,0.1679,12,-0.5575,-0.3611,0.5623,0.2364,86,1
SLR005048,Fashion,Tier-1 Metro,567,163,690,169349.89,3.61,0.2744,8,-0.273,0.0215,0.5867,0.262,10,0
SLR005049,Grocery,Tier-2 City,386,344,317,14933.55,4.68,0.1252,2,-0.3196,0.1921,0.7545,0.0969,0,0
SLR005050,Grocery,Tier-3 Town,688,42,58,37552.81,4.1,0.1749,11,-0.066,-0.19,0.8214,0.1913,29,0
SLR005051,Mobiles & Accessories,Tier-3 Town,213,517,581,14113.43,3.14,0.297,10,-0.3827,0.0515,0.4289,0.1892,72,1
SLR005052,Sports & Fitness,Tier-1 Metro,0,730,1112,42475.28,3.99,0.0869,3,-0.3734,0.1241,0.5136,0.0148,34,0
SLR005053,Mobiles & Accessories,Tier-3 Town,450,280,194,26962.09,3.65,0.2892,10,-0.2168,-0.0788,0.4694,0.209,99,1
SLR005054,Sports & Fitness,Tier-3 Town,382,348,331,10174.51,3.37,0.2436,8,-0.4435,-0.3066,0.6237,0.3264,48,1
SLR005055,Grocery,Tier-3 Town,617,113,386,45775.66,3.5,0.2124,8,0.2323,-0.1303,0.7285,0.354,25,1
SLR005056,Beauty & Personal Care,Tier-2 City,486,244,167,26098.83,3.94,0.1393,3,-0.2721,-0.0231,0.8345,0.0597,4,0
SLR005057,Sports & Fitness,Tier-1 Metro,689,41,29,18041.45,3.41,0.0952,9,-0.0094,-0.0014,0.4933,0.0978,41,1
SLR005058,Home & Kitchen,Tier-2 City,520,210,372,66928.01,4.7,0.1628,1,0.4196,0.2839,0.7958,0.1172,17,0
SLR005059,Fashion,Tier-3 Town,513,217,272,51866.66,2.41,0.3879,12,-0.4856,-0.4183,0.6745,0.3445,43,1
SLR005060,Fashion,Tier-1 Metro,606,124,29,5868.55,2.75,0.3148,12,-0.6309,-0.1372,0.4674,0.1505,16,1
SLR005061,Electronics,Tier-2 City,389,341,1055,60550.73,3.8,0.1719,3,0.2995,0.052,0.3449,0.2069,15,0
SLR005062,Home & Kitchen,Tier-1 Metro,627,103,22,4615.34,2.96,0.1942,9,0.1478,-0.2519,0.7033,0.2239,29,1
SLR005063,Fashion,Tier-1 Metro,307,423,985,26249.35,3.78,0.2496,4,-0.286,-0.0481,0.7859,0.1385,0,0
SLR005064,Grocery,Tier-1 Metro,419,311,275,19736.18,3.74,0.1069,8,-0.222,-0.1822,0.2593,0.1266,30,1
SLR005065,Grocery,Tier-1 Metro,328,402,196,10356.43,3.15,0.115,6,0.159,-0.2295,0.4591,0.0841,6,1
SLR005066,Fashion,Tier-2 City,357,373,2267,175208.26,3.53,0.2966,7,-0.1347,0.0484,0.5907,0.0483,17,0
SLR005067,Fashion,Tier-3 Town,587,143,28,2230.73,2.81,0.3188,8,0.1358,-0.1246,0.6098,0.181,5,0
SLR005068,Toys & Baby,Tier-2 City,423,307,300,21204.87,4.01,0.1741,6,0.2568,-0.0438,0.6984,0.2608,5,0
SLR005069,Mobiles & Accessories,Tier-3 Town,371,359,213,23345.31,3.31,0.3355,10,-0.2386,-0.1412,0.511,0.2804,12,1
SLR005070,Toys & Baby,Tier-1 Metro,340,390,706,19191.15,4.32,0.1015,7,-0.0219,-0.1682,0.8055,0.0236,0,0
SLR005071,Home & Kitchen,Tier-2 City,378,352,376,42231.28,3.24,0.1995,10,-0.0542,-0.1179,0.5173,0.2179,68,1
SLR005072,Sports & Fitness,Tier-1 Metro,565,165,217,48558.69,4.5,0.0952,6,-0.0886,-0.1767,0.5233,0.1466,20,1
SLR005073,Electronics,Tier-2 City,246,484,617,33513.19,3.24,0.2258,4,-0.0592,0.0085,0.5801,0.1893,23,1
SLR005074,Mobiles & Accessories,Tier-2 City,415,315,411,14436.6,3.68,0.2076,8,-0.2988,-0.1244,0.7939,0.2635,5,1
SLR005075,Sports & Fitness,Tier-3 Town,540,190,145,30527.57,3.68,0.3145,9,-0.3629,-0.2806,0.4667,0.3168,9,0
SLR005076,Grocery,Tier-2 City,463,267,76,5479.01,3.5,0.1976,8,-0.0734,-0.3753,0.7752,0.2536,10,1
SLR005077,Toys & Baby,Tier-3 Town,190,540,87,4284.84,3.02,0.2829,7,-0.5456,0.06,0.6049,0.3375,65,1
SLR005078,Fashion,Tier-2 City,410,320,294,12162.5,3.57,0.3036,3,0.2957,0.0138,0.8309,0.1786,0,0
SLR005079,Toys & Baby,Tier-3 Town,633,97,233,78173.23,3.86,0.1852,7,-0.1495,0.2089,0.4696,0.2203,2,0
SLR005080,Fashion,Tier-2 City,332,398,784,63751.01,3.19,0.3364,9,-0.4411,0.1512,0.6378,0.1752,55,1
SLR005081,Home & Kitchen,Tier-1 Metro,611,119,117,38486.4,4.23,0.1338,2,0.0331,0.1501,0.7131,0.0,95,1
SLR005082,Toys & Baby,Tier-2 City,299,431,1329,40372.52,3.63,0.162,4,0.1657,0.2498,0.7648,0.1469,19,0
SLR005083,Sports & Fitness,Tier-2 City,426,304,236,13502.67,3.76,0.1941,7,0.0148,-0.1643,0.6029,0.1964,5,0
SLR005084,Grocery,Tier-2 City,441,289,328,46389.37,3.82,0.1713,8,-0.2286,-0.2023,0.589,0.2154,118,1
SLR005085,Grocery,Tier-1 Metro,218,512,844,68534.29,3.63,0.1657,3,0.4505,-0.2586,0.7305,0.1466,0,0
SLR005086,Sports & Fitness,Tier-2 City,463,267,241,31195.3,3.62,0.1681,10,-0.4414,-0.1829,0.4963,0.2383,60,1
SLR005087,Beauty & Personal Care,Tier-2 City,0,730,1559,66344.06,3.74,0.1178,8,-0.0675,-0.0362,0.8556,0.0742,0,0
SLR005088,Mobiles & Accessories,Tier-1 Metro,583,147,369,80682.28,3.16,0.2278,8,-0.0824,0.1311,0.6058,0.2249,0,0
SLR005089,Fashion,Tier-1 Metro,365,365,549,33034.92,3.68,0.2887,3,-0.1554,-0.0591,0.5752,0.201,10,0
SLR005090,Beauty & Personal Care,Tier-1 Metro,417,313,411,53909.49,3.86,0.1216,3,-0.2904,0.2287,0.502,0.1704,43,1
SLR005091,Electronics,Tier-2 City,595,135,251,42505.31,3.24,0.2489,8,-0.4953,-0.16,0.4287,0.138,8,1
SLR005092,Mobiles & Accessories,Tier-1 Metro,522,208,196,16288.84,4.69,0.1629,2,0.3755,0.0597,0.6158,0.0083,7,0
SLR005093,Electronics,Tier-2 City,507,223,124,7927.03,2.99,0.2417,6,-0.2869,-0.0781,0.42,0.2608,5,1
SLR005094,Sports & Fitness,Tier-1 Metro,296,434,338,27532.04,3.74,0.1568,3,-0.4056,0.0569,0.5314,0.1659,26,0
SLR005095,Sports & Fitness,Tier-1 Metro,526,204,475,38940.25,3.52,0.146,10,-0.1923,-0.0627,0.8747,0.0829,13,0
SLR005096,Mobiles & Accessories,Tier-3 Town,350,380,779,38519.03,3.35,0.2769,7,-0.1129,-0.2071,0.5908,0.2374,41,1
SLR005097,Beauty & Personal Care,Tier-2 City,420,310,400,36001.34,3.66,0.1764,2,-0.0105,0.029,0.3348,0.1192,73,1
SLR005098,Beauty & Personal Care,Tier-2 City,0,730,1186,43937.66,3.5,0.1678,8,-0.3052,-0.1301,0.6701,0.1831,120,1
SLR005099,Electronics,Tier-3 Town,247,483,1644,102019.97,3.64,0.2892,5,-0.391,0.008,0.6073,0.1862,0,0
SLR005100,Toys & Baby,Tier-2 City,506,224,166,12238.67,3.74,0.171,10,0.1147,-0.3633,0.7064,0.2807,42,1
SLR005101,Toys & Baby,Tier-1 Metro,521,209,173,26525.94,3.56,0.1399,3,-0.2985,0.0094,0.836,0.1228,8,0
SLR005102,Beauty & Personal Care,Tier-1 Metro,314,416,466,17344.09,3.69,0.1565,9,-0.2422,-0.1615,0.4321,0.254,19,0
SLR005103,Sports & Fitness,Tier-1 Metro,555,175,115,21077.18,4.07,0.1373,2,0.1027,-0.0394,0.6295,0.0535,23,0
SLR005104,Beauty & Personal Care,Tier-1 Metro,146,584,629,43426.85,4.04,0.0882,2,0.3599,0.3187,0.6555,0.0327,27,0
SLR005105,Fashion,Tier-3 Town,585,145,68,17352.43,2.1,0.4212,14,-0.7065,0.0941,0.5916,0.3834,37,1
SLR005106,Fashion,Tier-2 City,329,401,1031,54420.19,3.73,0.2933,10,-0.4665,-0.1131,0.7291,0.2059,13,0
SLR005107,Toys & Baby,Tier-3 Town,152,578,84,3136.66,3.85,0.2293,9,0.236,-0.0355,0.5232,0.2488,0,0
SLR005108,Home & Kitchen,Tier-2 City,511,219,462,63995.1,3.65,0.153,2,-0.007,0.1237,0.4932,0.0772,8,0
SLR005109,Sports & Fitness,Tier-3 Town,580,150,185,34346.46,4.14,0.2165,7,-0.0754,0.0434,0.5741,0.2886,5,0
SLR005110,Home & Kitchen,Tier-3 Town,604,126,96,8363.11,3.21,0.2848,13,-0.3094,-0.0929,0.4428,0.3469,67,1
SLR005111,Fashion,Tier-3 Town,318,412,347,30019.5,2.55,0.3532,6,-0.1554,-0.233,0.4117,0.2878,68,1
SLR005112,Fashion,Tier-2 City,656,74,243,38683.06,3.56,0.3116,13,-0.5442,-0.1213,0.8058,0.0986,2,0
SLR005113,Home & Kitchen,Tier-1 Metro,201,529,929,58385.1,3.91,0.1976,7,-0.1293,-0.0403,0.5088,0.2155,9,0
SLR005114,Electronics,Tier-1 Metro,441,289,510,26052.34,3.3,0.135,8,-0.1259,0.2755,0.8119,0.147,0,0
SLR005115,Sports & Fitness,Tier-1 Metro,393,337,637,51619.59,3.64,0.1589,9,-0.3977,0.0157,0.8244,0.2268,11,0
SLR005116,Mobiles & Accessories,Tier-1 Metro,642,88,161,22993.79,4.01,0.173,8,-0.3457,-0.0201,0.5471,0.197,0,0
SLR005117,Sports & Fitness,Tier-2 City,607,123,39,8199.34,3.71,0.1758,10,-0.2826,-0.2427,0.7514,0.1511,20,0
SLR005118,Toys & Baby,Tier-3 Town,418,312,635,79097.85,3.59,0.2314,9,-0.3495,-0.3059,0.7243,0.3288,121,1
SLR005119,Mobiles & Accessories,Tier-1 Metro,502,228,67,5621.02,3.65,0.1941,8,0.4002,-0.3125,0.6626,0.0805,43,1
SLR005120,Home & Kitchen,Tier-1 Metro,601,129,231,40292.18,3.73,0.144,6,0.5407,0.1678,0.6495,0.1107,34,0
SLR005121,Electronics,Tier-3 Town,262,468,311,24505.84,3.69,0.2512,6,-0.0153,0.0599,0.9599,0.1711,9,0
SLR005122,Mobiles & Accessories,Tier-1 Metro,401,329,41,1373.08,3.69,0.2066,9,-0.1381,-0.2136,0.5936,0.1197,99,1
SLR005123,Grocery,Tier-2 City,462,268,70,7856.69,3.96,0.1301,3,-0.2527,-0.1546,0.5743,0.1479,0,0
SLR005124,Beauty & Personal Care,Tier-2 City,598,132,416,43456.93,3.29,0.2154,9,-0.5139,0.2761,0.6482,0.2184,5,1
SLR005125,Electronics,Tier-3 Town,508,222,408,35286.89,4.16,0.2349,5,-0.256,0.137,0.6381,0.1364,0,0
SLR005126,Home & Kitchen,Tier-1 Metro,299,431,1309,95017.69,4.31,0.1478,6,0.143,0.2466,0.946,0.1215,13,0
SLR005127,Fashion,Tier-2 City,186,544,724,36968.91,3.57,0.2519,9,-0.2306,-0.1396,0.483,0.2001,20,1
SLR005128,Beauty & Personal Care,Tier-1 Metro,133,597,257,5526.09,3.09,0.202,10,-0.6824,-0.3827,0.4005,0.2366,5,1
SLR005129,Electronics,Tier-2 City,506,224,141,17378.38,3.83,0.2209,7,-0.1013,-0.0594,0.766,0.1222,7,1
SLR005130,Sports & Fitness,Tier-1 Metro,446,284,541,50663.99,3.8,0.1785,10,-0.1441,-0.2465,0.5738,0.2234,51,1
SLR005131,Sports & Fitness,Tier-1 Metro,462,268,127,13360.8,3.58,0.1242,3,0.3298,-0.2507,0.3793,0.198,48,1
SLR005132,Toys & Baby,Tier-1 Metro,165,565,1224,79731.13,4.51,0.1663,5,0.1607,-0.1061,0.7755,0.0829,5,0
SLR005133,Beauty & Personal Care,Tier-3 Town,268,462,394,25314.91,4.47,0.2031,4,-0.1943,-0.0945,0.6519,0.1565,5,0
SLR005134,Toys & Baby,Tier-2 City,618,112,152,41337.53,3.81,0.2042,7,-0.1845,0.1892,0.3282,0.1796,30,0
SLR005135,Beauty & Personal Care,Tier-2 City,562,168,163,36235.58,3.34,0.219,8,-0.1511,0.0463,0.4092,0.279,19,1
SLR005136,Electronics,Tier-2 City,566,164,138,18957.67,3.85,0.2029,6,0.2294,-0.0624,0.5848,0.1657,0,0
SLR005137,Sports & Fitness,Tier-2 City,9,721,1263,59264.0,4.83,0.1528,5,-0.1916,-0.0542,0.6294,0.1124,19,0
SLR005138,Home & Kitchen,Tier-2 City,143,587,1117,71863.43,3.92,0.1925,5,0.0178,-0.0641,0.4075,0.2142,0,0
SLR005139,Toys & Baby,Tier-1 Metro,136,594,857,52924.69,4.1,0.1389,4,-0.2147,0.1365,0.6205,0.1972,40,0
SLR005140,Mobiles & Accessories,Tier-2 City,470,260,639,77618.48,3.17,0.2354,7,-0.549,-0.2737,0.2967,0.2164,7,0
SLR005141,Home & Kitchen,Tier-2 City,654,76,58,25970.4,4.17,0.1448,9,-0.0123,0.2359,0.6043,0.1312,6,0
SLR005142,Electronics,Tier-1 Metro,39,691,382,19271.27,4.12,0.1749,6,0.0757,-0.1917,0.3089,0.1448,30,0
SLR005143,Toys & Baby,Tier-3 Town,0,730,70,3132.18,3.54,0.2468,8,-0.3914,-0.2409,0.4994,0.2169,0,0
SLR005144,Beauty & Personal Care,Tier-2 City,446,284,462,59498.44,3.32,0.1887,11,0.315,-0.0855,0.7854,0.2605,87,1
SLR005145,Sports & Fitness,Tier-3 Town,464,266,229,20498.75,3.85,0.2799,7,-0.331,0.044,0.7026,0.2031,39,1
SLR005146,Fashion,Tier-1 Metro,682,48,69,36693.94,4.22,0.2486,2,-0.0366,-0.0048,1.0,0.1583,48,1
SLR005147,Mobiles & Accessories,Tier-1 Metro,324,406,1519,60483.12,3.67,0.1672,4,0.285,-0.0782,1.0,0.0457,0,0
SLR005148,Fashion,Tier-1 Metro,436,294,460,26209.53,3.97,0.2593,7,0.1229,-0.0059,0.5983,0.094,30,0
SLR005149,Electronics,Tier-3 Town,166,564,775,56036.15,3.35,0.3154,10,-0.1749,-0.1793,0.6287,0.2408,95,1
SLR005150,Sports & Fitness,Tier-2 City,353,377,336,13795.08,3.77,0.1658,9,-0.159,0.2843,0.6335,0.2173,8,0
SLR005151,Sports & Fitness,Tier-3 Town,496,234,436,40186.55,4.45,0.1893,7,0.1917,0.3113,0.7243,0.2268,6,0
SLR005152,Fashion,Tier-1 Metro,664,66,49,14994.77,2.98,0.2988,11,-0.1908,-0.3361,0.5926,0.1873,3,0
SLR005153,Beauty & Personal Care,Tier-2 City,697,33,30,26871.46,3.47,0.1639,7,-0.2162,-0.2295,0.597,0.1576,7,0
SLR005154,Grocery,Tier-1 Metro,574,156,140,24921.41,3.91,0.138,12,-0.5036,-0.0502,0.5359,0.1239,27,0
SLR005155,Sports & Fitness,Tier-2 City,484,246,157,22045.66,3.92,0.1626,6,-0.0423,-0.0902,0.4364,0.1292,94,1
SLR005156,Grocery,Tier-1 Metro,548,182,58,4832.16,3.62,0.119,4,0.1487,0.0309,0.5224,0.1325,12,0
SLR005157,Toys & Baby,Tier-2 City,563,167,525,115662.25,4.49,0.1291,3,0.27,-0.2901,0.8391,0.1761,11,0
SLR005158,Beauty & Personal Care,Tier-2 City,218,512,315,14069.75,4.39,0.1729,4,0.1877,-0.0111,0.8078,0.1511,0,0
SLR005159,Home & Kitchen,Tier-2 City,0,730,1147,38536.52,3.48,0.2227,13,-0.2087,-0.0591,0.4497,0.2019,64,1
SLR005160,Toys & Baby,Tier-2 City,139,591,890,50501.8,3.06,0.2256,10,-0.0273,-0.2356,0.7018,0.2172,0,0
SLR005161,Mobiles & Accessories,Tier-2 City,0,730,569,23817.87,4.04,0.2501,9,-0.5874,-0.0628,0.78,0.1984,76,1
SLR005162,Toys & Baby,Tier-1 Metro,437,293,344,27802.78,4.85,0.1096,5,-0.0359,-0.3091,0.6483,0.0979,0,0
SLR005163,Toys & Baby,Tier-1 Metro,479,251,470,36804.16,4.0,0.0727,4,-0.1935,0.2351,0.8599,0.1414,19,0
SLR005164,Fashion,Tier-1 Metro,281,449,450,12658.64,3.72,0.2576,12,-0.3747,-0.2831,0.9136,0.1976,69,1
SLR005165,Sports & Fitness,Tier-1 Metro,562,168,26,3845.72,3.95,0.1122,5,-0.2127,0.0515,0.529,0.1045,18,0
SLR005166,Fashion,Tier-1 Metro,530,200,500,52614.53,4.24,0.2222,8,-0.2402,-0.2512,0.683,0.1302,7,1
SLR005167,Toys & Baby,Tier-2 City,489,241,454,42543.64,3.3,0.237,7,-0.3614,-0.03,0.4524,0.2973,75,1
SLR005168,Sports & Fitness,Tier-2 City,258,472,601,53445.61,3.91,0.1557,8,0.2783,-0.0832,0.9749,0.1352,27,0
SLR005169,Sports & Fitness,Tier-1 Metro,492,238,356,37165.84,4.83,0.095,2,-0.0518,0.2326,0.8458,0.0545,23,0
SLR005170,Home & Kitchen,Tier-1 Metro,602,128,228,69352.71,3.74,0.1408,8,-0.1295,-0.3093,0.5166,0.1379,23,0
SLR005171,Home & Kitchen,Tier-3 Town,600,130,57,10340.22,3.86,0.2264,9,0.142,-0.1943,0.7815,0.171,11,1
SLR005172,Home & Kitchen,Tier-2 City,353,377,950,89093.93,4.47,0.0872,2,0.0488,0.2176,0.57,0.1168,19,0
SLR005173,Home & Kitchen,Tier-2 City,656,74,436,65681.04,4.44,0.1595,3,0.2318,0.0799,0.6871,0.0595,0,0
SLR005174,Electronics,Tier-2 City,0,730,681,14887.79,3.59,0.2076,5,-0.2794,0.0478,0.317,0.1706,28,0
SLR005175,Fashion,Tier-2 City,69,661,1168,29824.48,3.06,0.3375,11,0.0865,-0.2815,0.636,0.2637,19,1
SLR005176,Mobiles & Accessories,Tier-2 City,484,246,300,46611.89,3.88,0.2157,3,-0.2837,-0.0428,0.5599,0.2291,22,0
SLR005177,Sports & Fitness,Tier-3 Town,448,282,242,28047.58,3.5,0.2605,11,-0.4095,-0.1044,0.3832,0.2614,12,1
SLR005178,Sports & Fitness,Tier-3 Town,325,405,1050,55670.25,3.14,0.2637,9,-0.4151,-0.378,0.7327,0.2613,1,0
SLR005179,Beauty & Personal Care,Tier-3 Town,517,213,258,31417.53,3.03,0.2364,3,0.1151,-0.3935,0.6603,0.2574,43,1
SLR005180,Mobiles & Accessories,Tier-2 City,443,287,1415,53292.78,3.07,0.22,3,-0.7475,0.0021,0.588,0.2033,95,1
SLR005181,Mobiles & Accessories,Tier-2 City,273,457,695,31337.27,3.35,0.2723,11,-0.3254,-0.3442,0.4284,0.1928,12,0
SLR005182,Sports & Fitness,Tier-1 Metro,470,260,397,63031.3,3.91,0.1602,8,-0.2407,-0.0084,0.0875,0.2385,20,1
SLR005183,Electronics,Tier-1 Metro,100,630,250,6445.18,3.42,0.1708,12,0.4992,0.1472,0.4862,0.1694,48,1
SLR005184,Beauty & Personal Care,Tier-2 City,660,70,46,16986.7,2.74,0.2509,4,-0.4577,-0.3325,0.3044,0.2319,70,1
SLR005185,Mobiles & Accessories,Tier-2 City,555,175,94,6464.02,3.76,0.2256,6,0.1519,0.0682,0.5066,0.134,0,0
SLR005186,Sports & Fitness,Tier-1 Metro,0,730,514,17358.94,3.33,0.152,5,0.1755,-0.1353,0.4179,0.1636,18,1
SLR005187,Fashion,Tier-2 City,238,492,507,12485.86,3.04,0.3418,9,-0.5968,-0.6124,0.2506,0.3437,55,1
SLR005188,Electronics,Tier-3 Town,0,730,501,24975.99,3.46,0.2624,4,-0.0074,-0.133,0.6539,0.2675,40,0
SLR005189,Beauty & Personal Care,Tier-1 Metro,33,697,839,28129.82,3.44,0.1578,9,0.2316,-0.2074,0.5921,0.193,19,1
SLR005190,Beauty & Personal Care,Tier-2 City,197,533,18,837.8,3.57,0.1871,6,0.3137,-0.5001,0.789,0.2295,2,0
SLR005191,Mobiles & Accessories,Tier-3 Town,438,292,1289,46890.06,4.24,0.2628,4,0.1321,0.0695,0.7619,0.1877,0,0
SLR005192,Toys & Baby,Tier-3 Town,395,335,256,31598.25,3.33,0.2545,11,-0.432,-0.0398,0.6349,0.2522,16,0
SLR005193,Home & Kitchen,Tier-1 Metro,249,481,1998,156289.0,3.97,0.0955,2,0.2645,-0.0236,0.7554,0.1402,17,0
SLR005194,Grocery,Tier-2 City,323,407,2105,213071.54,4.75,0.1084,5,-0.1138,0.1987,0.581,0.2219,3,0
SLR005195,Toys & Baby,Tier-2 City,387,343,354,40249.63,4.56,0.1808,7,0.0828,-0.1846,0.7376,0.1331,0,0
SLR005196,Electronics,Tier-2 City,399,331,960,76424.62,4.23,0.201,6,-0.4593,-0.0912,0.4316,0.1055,0,0
SLR005197,Grocery,Tier-1 Metro,570,160,17,3595.0,4.2,0.0412,1,0.0581,0.4178,0.5636,0.0817,1,0
SLR005198,Grocery,Tier-3 Town,267,463,677,23045.43,4.15,0.164,4,0.1429,0.1067,0.7751,0.117,5,0
SLR005199,Fashion,Tier-1 Metro,512,218,372,32053.24,3.33,0.2791,10,-0.2944,-0.3076,0.6088,0.0953,9,0
SLR005200,Toys & Baby,Tier-1 Metro,491,239,589,64897.09,3.68,0.132,5,-0.4362,0.2344,0.5921,0.1379,77,1
SLR005201,Fashion,Tier-2 City,177,553,307,7505.75,4.11,0.2722,13,-0.3352,-0.2028,0.8408,0.0751,37,0
SLR005202,Mobiles & Accessories,Tier-1 Metro,0,730,696,26135.28,3.7,0.1719,4,-0.6607,0.0643,0.6519,0.2149,0,0
SLR005203,Toys & Baby,Tier-2 City,350,380,771,56453.55,3.2,0.2148,5,0.2639,0.0909,0.5224,0.1763,11,0
SLR005204,Sports & Fitness,Tier-2 City,0,730,744,37570.7,3.69,0.1701,4,-0.1459,-0.0244,0.566,0.1624,15,0
SLR005205,Mobiles & Accessories,Tier-1 Metro,206,524,481,31355.06,3.46,0.243,11,-0.2779,-0.1946,0.4763,0.1507,62,1
SLR005206,Beauty & Personal Care,Tier-1 Metro,511,219,174,27508.61,3.49,0.1446,6,-0.1634,-0.0138,0.7232,0.062,43,1
SLR005207,Fashion,Tier-2 City,269,461,123,10815.43,3.22,0.3257,7,-0.3169,-0.3322,0.5455,0.1962,49,1
SLR005208,Sports & Fitness,Tier-2 City,473,257,207,16556.56,3.74,0.2049,11,-0.0324,-0.1001,0.4864,0.154,29,1
SLR005209,Electronics,Tier-3 Town,397,333,524,65543.35,4.61,0.2808,13,0.1064,0.107,0.6945,0.2224,6,0
SLR005210,Electronics,Tier-3 Town,0,730,618,15248.12,3.97,0.251,7,-0.3711,0.2284,0.671,0.2174,14,0
SLR005211,Mobiles & Accessories,Tier-1 Metro,479,251,335,17671.57,3.73,0.2123,4,-0.1332,-0.3808,0.7533,0.1238,33,1
SLR005212,Home & Kitchen,Tier-3 Town,325,405,753,41552.49,3.71,0.2151,3,-0.3768,-0.1162,0.6721,0.1896,4,0
SLR005213,Toys & Baby,Tier-2 City,453,277,290,16437.97,3.74,0.2184,5,-0.3436,0.0181,0.4406,0.2247,5,1
SLR005214,Sports & Fitness,Tier-3 Town,644,86,279,45207.01,3.68,0.2212,6,-0.2527,0.0242,0.7088,0.2819,45,1
SLR005215,Fashion,Tier-1 Metro,390,340,775,63370.83,3.18,0.2748,8,-0.0842,-0.1159,0.6221,0.156,0,0
SLR005216,Beauty & Personal Care,Tier-2 City,0,730,1735,74178.79,3.29,0.1713,8,-0.1376,0.1654,0.6301,0.1994,4,0
SLR005217,Fashion,Tier-1 Metro,505,225,115,15964.38,2.96,0.3156,13,-0.7541,-0.2959,0.5077,0.1231,38,1
SLR005218,Toys & Baby,Tier-3 Town,504,226,877,141199.04,3.64,0.2365,9,0.2312,-0.2099,0.6359,0.2403,0,0
SLR005219,Toys & Baby,Tier-3 Town,623,107,32,11562.09,2.86,0.2551,9,0.0629,-0.105,0.2924,0.2693,28,1
SLR005220,Grocery,Tier-2 City,513,217,183,17341.65,4.23,0.0651,4,0.1401,0.2392,0.7848,0.1671,18,0
SLR005221,Grocery,Tier-1 Metro,294,436,175,15943.51,4.56,0.095,8,-0.0605,-0.162,0.6605,0.0721,0,0
SLR005222,Sports & Fitness,Tier-1 Metro,315,415,681,27852.5,4.15,0.1024,3,0.1198,0.1063,0.7592,0.1273,2,0
SLR005223,Toys & Baby,Tier-1 Metro,443,287,749,30568.95,4.12,0.1059,3,0.0245,0.066,0.6418,0.0761,5,1
SLR005224,Home & Kitchen,Tier-2 City,417,313,263,33622.5,4.22,0.2002,4,0.2579,0.1523,0.8561,0.1341,0,0
SLR005225,Fashion,Tier-1 Metro,461,269,583,54830.02,3.25,0.3321,11,-0.2037,-0.4925,0.4382,0.1931,89,1
SLR005226,Grocery,Tier-2 City,540,190,207,28462.26,3.26,0.1527,10,-0.4001,-0.1346,0.8961,0.2696,65,1
SLR005227,Toys & Baby,Tier-1 Metro,641,89,241,36913.89,3.96,0.164,9,-0.1317,-0.1201,0.3137,0.193,69,1
SLR005228,Sports & Fitness,Tier-2 City,476,254,8,709.86,3.49,0.1887,11,-0.0802,0.2441,0.6444,0.1855,33,1
SLR005229,Fashion,Tier-2 City,267,463,1040,30682.79,3.96,0.3203,8,-0.2119,-0.302,0.4819,0.1814,9,0
SLR005230,Electronics,Tier-2 City,381,349,100,11799.25,3.73,0.2301,13,-0.2389,-0.2148,0.417,0.1976,65,1
SLR005231,Toys & Baby,Tier-1 Metro,574,156,368,84130.79,3.3,0.1734,8,-0.4852,-0.3114,0.4723,0.1953,54,1
SLR005232,Home & Kitchen,Tier-2 City,356,374,994,54757.85,4.0,0.1234,1,0.0149,0.051,0.5919,0.1022,21,0
SLR005233,Toys & Baby,Tier-1 Metro,615,115,48,6118.39,3.12,0.1556,6,-0.0642,-0.1307,0.747,0.1372,28,1
SLR005234,Mobiles & Accessories,Tier-2 City,612,118,159,20012.9,3.57,0.2171,9,-0.3352,-0.2198,0.7144,0.096,111,1
SLR005235,Toys & Baby,Tier-2 City,38,692,1381,50765.38,3.55,0.1737,8,-0.2128,-0.1224,0.5814,0.1942,27,0
SLR005236,Fashion,Tier-1 Metro,620,110,53,12411.34,3.84,0.2524,5,0.0404,-0.0909,0.6756,0.0967,41,1
SLR005237,Mobiles & Accessories,Tier-2 City,560,170,124,12597.24,3.6,0.1972,8,-0.4166,0.167,0.7486,0.1311,10,0
SLR005238,Toys & Baby,Tier-3 Town,431,299,410,49396.56,3.09,0.2404,11,-0.0575,-0.2293,0.667,0.316,22,0
SLR005239,Sports & Fitness,Tier-2 City,113,617,2352,117721.79,3.79,0.1742,8,0.1438,-0.3127,0.7326,0.1883,47,1
SLR005240,Electronics,Tier-1 Metro,422,308,25,1768.31,3.62,0.2156,11,-0.3892,-0.1506,0.5453,0.1239,33,1
SLR005241,Grocery,Tier-3 Town,664,66,106,22482.98,3.14,0.2115,7,0.0036,-0.2322,0.5521,0.2451,66,1
SLR005242,Grocery,Tier-3 Town,615,115,150,53607.99,4.07,0.1902,5,-0.1266,-0.3414,0.7448,0.2564,0,0
SLR005243,Beauty & Personal Care,Tier-2 City,427,303,364,23092.56,3.14,0.2104,8,-0.3509,-0.1789,0.6367,0.2163,10,0
SLR005244,Grocery,Tier-1 Metro,511,219,144,12128.88,3.88,0.0786,7,0.0023,-0.1397,0.569,0.1748,24,0
SLR005245,Electronics,Tier-2 City,655,75,39,6459.3,3.9,0.2478,9,-0.4184,-0.074,0.596,0.2844,26,1
SLR005246,Toys & Baby,Tier-2 City,122,608,833,39212.78,2.97,0.1717,4,0.1882,-0.2487,0.8599,0.2023,32,1
SLR005247,Mobiles & Accessories,Tier-2 City,540,190,107,22055.47,4.0,0.2115,2,0.0128,0.2812,0.6305,0.0941,14,0
SLR005248,Electronics,Tier-2 City,345,385,119,11126.64,3.3,0.2689,12,-0.4369,-0.2051,0.4512,0.2255,44,1
SLR005249,Grocery,Tier-1 Metro,329,401,549,22410.65,4.13,0.1077,2,0.1812,0.2551,0.6765,0.1258,0,0
SLR005250,Sports & Fitness,Tier-2 City,172,558,2560,160313.66,4.0,0.1722,6,-0.0512,-0.0261,0.5443,0.2095,0,0
SLR005251,Toys & Baby,Tier-1 Metro,342,388,319,26291.88,3.8,0.1544,16,-0.2537,-0.2033,0.2504,0.175,5,1
SLR005252,Fashion,Tier-3 Town,494,236,194,27349.26,4.15,0.3467,9,0.0344,0.1426,0.9962,0.1746,15,0
SLR005253,Electronics,Tier-1 Metro,650,80,45,15562.2,4.66,0.1477,5,0.0303,-0.321,0.4737,0.1231,0,0
SLR005254,Grocery,Tier-2 City,636,94,47,10246.91,3.11,0.1675,9,-0.0788,-0.0776,0.4164,0.2388,13,1
SLR005255,Fashion,Tier-1 Metro,210,520,217,8216.11,3.16,0.2906,9,0.1517,-0.3126,0.3606,0.2185,0,0
SLR005256,Fashion,Tier-1 Metro,238,492,661,15499.03,3.68,0.2434,12,-0.3289,-0.0634,0.4011,0.0634,98,1
SLR005257,Grocery,Tier-1 Metro,477,253,72,10749.84,4.4,0.0713,4,-0.0066,0.1517,0.8185,0.0897,6,0
SLR005258,Mobiles & Accessories,Tier-2 City,543,187,310,34294.53,2.9,0.2743,12,-0.3008,-0.218,0.6962,0.2132,115,1
SLR005259,Mobiles & Accessories,Tier-3 Town,243,487,438,14150.4,3.07,0.2875,8,-0.3808,-0.2974,0.7013,0.2267,17,0
SLR005260,Fashion,Tier-2 City,573,157,31,6127.22,2.96,0.349,13,-0.5691,-0.267,0.51,0.2951,35,1
SLR005261,Beauty & Personal Care,Tier-2 City,620,110,224,79718.26,3.87,0.1521,3,0.563,-0.1169,0.5316,0.246,59,1
SLR005262,Beauty & Personal Care,Tier-1 Metro,533,197,218,21568.9,3.42,0.1415,8,-0.7537,-0.3727,0.3119,0.2396,38,1
SLR005263,Sports & Fitness,Tier-1 Metro,247,483,1753,58241.94,4.18,0.1159,5,0.273,-0.0262,0.6462,0.0983,0,0
SLR005264,Toys & Baby,Tier-1 Metro,590,140,99,11891.95,3.59,0.1627,9,-0.6665,-0.0986,0.5641,0.243,36,1
SLR005265,Grocery,Tier-1 Metro,329,401,935,61077.67,3.89,0.1147,8,-0.2393,-0.0883,0.6445,0.1485,0,0
SLR005266,Beauty & Personal Care,Tier-2 City,51,679,1292,54616.81,3.44,0.204,11,-0.1957,-0.4675,0.3432,0.2969,124,1
SLR005267,Fashion,Tier-1 Metro,481,249,52,4158.01,3.17,0.3367,15,-0.4775,-0.2465,0.4118,0.2026,13,0
SLR005268,Grocery,Tier-1 Metro,649,81,39,9410.26,4.35,0.0593,2,0.074,-0.1465,0.9178,0.1528,13,0
SLR005269,Home & Kitchen,Tier-1 Metro,317,413,2125,107239.64,4.17,0.1645,4,0.0638,-0.2401,0.4428,0.1524,7,0
SLR005270,Home & Kitchen,Tier-2 City,490,240,1151,85984.12,3.71,0.2059,3,-0.7754,-0.2538,0.9842,0.1276,6,0
SLR005271,Sports & Fitness,Tier-1 Metro,660,70,89,14658.18,4.09,0.1655,6,-0.3484,0.0606,0.6381,0.0,0,0
SLR005272,Sports & Fitness,Tier-1 Metro,379,351,323,36223.26,3.48,0.1173,9,-0.0976,-0.0259,0.5568,0.1449,11,0
SLR005273,Fashion,Tier-3 Town,460,270,429,35597.08,3.53,0.386,18,-0.2652,-0.4285,0.4856,0.2511,50,1
SLR005274,Fashion,Tier-1 Metro,201,529,1477,52312.36,2.98,0.2859,12,-0.3842,-0.2605,0.4747,0.2316,39,1
SLR005275,Grocery,Tier-2 City,283,447,529,40513.08,4.21,0.1489,5,-0.1392,0.144,0.9421,0.1193,0,0
SLR005276,Electronics,Tier-1 Metro,0,730,443,25339.28,4.53,0.1197,6,-0.0822,-0.1442,0.613,0.0903,0,0
SLR005277,Fashion,Tier-2 City,495,235,53,9267.88,3.65,0.3176,10,0.2313,-0.3773,0.7092,0.1792,21,1
SLR005278,Home & Kitchen,Tier-2 City,606,124,231,75474.92,4.12,0.217,2,-0.2683,-0.4449,0.5545,0.1676,102,1
SLR005279,Grocery,Tier-1 Metro,65,665,818,39286.04,4.01,0.0832,6,0.0927,0.1607,0.3924,0.1621,0,0
SLR005280,Grocery,Tier-1 Metro,676,54,23,13939.55,3.33,0.1553,6,0.099,-0.1024,0.5788,0.1925,54,1
SLR005281,Toys & Baby,Tier-1 Metro,462,268,1208,106381.62,4.73,0.1212,2,0.1902,-0.0378,0.5284,0.1139,13,0
SLR005282,Home & Kitchen,Tier-1 Metro,421,309,413,30617.48,3.88,0.1619,4,-0.4995,0.2558,0.7317,0.1128,2,0
SLR005283,Beauty & Personal Care,Tier-2 City,0,730,2164,71450.39,3.87,0.1607,10,-0.3582,-0.1264,0.6182,0.1789,32,1
SLR005284,Toys & Baby,Tier-2 City,331,399,533,45050.72,3.9,0.187,4,-0.3302,-0.1333,0.603,0.1673,56,1
SLR005285,Beauty & Personal Care,Tier-3 Town,603,127,331,72242.6,3.46,0.2195,3,-0.5232,0.2069,0.8222,0.2368,7,1
SLR005286,Electronics,Tier-1 Metro,381,349,421,49455.72,4.07,0.1715,7,0.1543,0.0723,0.8627,0.1443,8,0
SLR005287,Mobiles & Accessories,Tier-1 Metro,180,550,1037,28966.12,3.53,0.1726,5,0.102,-0.0264,0.3924,0.0739,9,0
SLR005288,Mobiles & Accessories,Tier-2 City,461,269,453,52527.99,3.85,0.2426,5,0.1264,-0.256,0.1749,0.2055,40,1
SLR005289,Home & Kitchen,Tier-1 Metro,393,337,362,16928.88,3.8,0.1644,11,-0.1948,-0.2245,0.2784,0.1813,19,1
SLR005290,Home & Kitchen,Tier-1 Metro,505,225,681,73285.18,4.32,0.1395,4,-0.096,-0.0954,0.8714,0.1392,16,0
SLR005291,Fashion,Tier-3 Town,519,211,205,29185.22,3.78,0.3294,4,-0.023,0.1561,0.6506,0.0806,0,0
SLR005292,Toys & Baby,Tier-1 Metro,657,73,13,2757.9,3.89,0.1521,12,0.1421,0.1099,0.5472,0.1389,64,1
SLR005293,Electronics,Tier-2 City,0,730,509,13946.95,3.4,0.2366,11,0.2732,-0.1704,0.5011,0.264,38,1
SLR005294,Electronics,Tier-1 Metro,346,384,666,18369.47,4.71,0.1579,11,0.2803,-0.1904,0.694,0.1549,16,0
SLR005295,Toys & Baby,Tier-1 Metro,469,261,323,50061.72,4.13,0.1391,3,0.2887,-0.2575,0.6244,0.0,7,0
SLR005296,Home & Kitchen,Tier-1 Metro,389,341,578,39113.51,4.01,0.1748,6,0.0126,-0.2201,0.4919,0.1655,9,0
SLR005297,Beauty & Personal Care,Tier-3 Town,0,730,1653,92687.78,3.69,0.1988,9,-0.2922,-0.1519,0.6861,0.2716,0,0
SLR005298,Toys & Baby,Tier-2 City,397,333,1844,125663.41,4.56,0.171,6,-0.1198,-0.124,0.9062,0.1762,0,0
SLR005299,Mobiles & Accessories,Tier-2 City,659,71,119,35874.88,3.02,0.247,6,-0.49,-0.0208,0.5446,0.1633,3,0
SLR005300,Electronics,Tier-1 Metro,495,235,344,27780.99,3.98,0.1662,6,0.4382,-0.093,0.5913,0.1275,0,0
SLR005301,Home & Kitchen,Tier-3 Town,639,91,495,148837.64,4.07,0.2379,7,-0.2109,-0.2944,0.7163,0.1407,34,1
SLR005302,Beauty & Personal Care,Tier-1 Metro,254,476,84,5414.86,3.83,0.1283,8,-0.2163,0.1445,0.572,0.1498,4,0
SLR005303,Mobiles & Accessories,Tier-1 Metro,588,142,286,57674.81,3.87,0.1628,8,-0.0483,-0.0821,0.773,0.1514,0,0
SLR005304,Beauty & Personal Care,Tier-2 City,273,457,1438,43351.09,3.79,0.1515,4,-0.0364,-0.0549,0.7825,0.1817,0,0
SLR005305,Fashion,Tier-1 Metro,656,74,38,16111.21,3.86,0.2506,7,-0.0045,-0.0864,0.7812,0.1777,5,0
SLR005306,Toys & Baby,Tier-2 City,0,730,2026,72321.54,4.18,0.187,4,0.0762,0.0112,0.5524,0.1672,8,0
SLR005307,Grocery,Tier-1 Metro,295,435,273,11252.92,3.04,0.1157,8,-0.6393,-0.1205,0.3411,0.1036,11,0
SLR005308,Electronics,Tier-2 City,566,164,147,20767.01,2.89,0.2491,10,-0.8382,0.0723,0.3096,0.2651,20,1
SLR005309,Electronics,Tier-2 City,331,399,356,37289.87,3.04,0.2559,7,-0.2805,-0.1633,0.4518,0.2724,128,1
SLR005310,Beauty & Personal Care,Tier-2 City,636,94,251,44048.85,4.76,0.1249,3,0.5809,0.1973,0.7588,0.1321,25,0
SLR005311,Electronics,Tier-1 Metro,592,138,59,15754.64,3.76,0.1902,6,-0.182,-0.0818,0.5257,0.0969,55,1
SLR005312,Beauty & Personal Care,Tier-1 Metro,470,260,460,45448.76,4.16,0.1419,7,0.4535,-0.2219,0.7727,0.1155,0,0
SLR005313,Toys & Baby,Tier-1 Metro,253,477,2163,108345.58,3.62,0.1635,5,-0.1871,-0.3292,0.6131,0.1543,15,0
SLR005314,Mobiles & Accessories,Tier-1 Metro,0,730,1204,55854.89,3.13,0.2099,10,-0.4525,-0.0996,0.7336,0.2483,5,1
SLR005315,Electronics,Tier-3 Town,676,54,209,141499.39,4.09,0.2377,7,0.0623,-0.2148,0.7253,0.252,4,0
SLR005316,Toys & Baby,Tier-2 City,127,603,1798,88588.9,3.79,0.193,10,-0.2213,-0.0797,0.5804,0.1917,14,0
SLR005317,Toys & Baby,Tier-2 City,398,332,410,44767.92,2.92,0.2088,9,-0.2122,-0.2078,0.5623,0.2585,5,1
SLR005318,Grocery,Tier-1 Metro,233,497,516,30586.07,3.9,0.0842,1,-0.0414,0.3307,0.7355,0.0707,7,0
SLR005319,Beauty & Personal Care,Tier-1 Metro,34,696,918,35045.81,4.23,0.1221,2,-0.1413,0.0185,0.6841,0.0485,1,0
SLR005320,Mobiles & Accessories,Tier-2 City,536,194,902,134192.24,3.83,0.2133,5,-0.0218,-0.0489,0.4369,0.2071,0,0
SLR005321,Home & Kitchen,Tier-1 Metro,557,173,82,10826.31,3.07,0.1892,14,-0.668,-0.4729,0.3057,0.2424,45,1
SLR005322,Electronics,Tier-2 City,556,174,100,22840.15,4.09,0.2102,7,0.2492,-0.0746,0.5425,0.1348,23,1
SLR005323,Fashion,Tier-2 City,223,507,1883,136089.24,3.77,0.2798,3,-0.3058,-0.1059,0.5661,0.1691,11,0
SLR005324,Mobiles & Accessories,Tier-1 Metro,509,221,709,99655.37,3.94,0.1836,1,-0.3698,-0.1008,0.9678,0.0413,22,0
SLR005325,Fashion,Tier-1 Metro,159,571,1402,101495.75,3.98,0.2597,2,-0.3437,0.0577,0.6364,0.1314,21,0
SLR005326,Sports & Fitness,Tier-1 Metro,400,330,323,35794.46,2.96,0.178,4,-0.17,0.2429,0.3735,0.1076,0,0
SLR005327,Mobiles & Accessories,Tier-1 Metro,200,530,633,43939.01,3.65,0.1671,5,-0.0361,0.0589,0.6227,0.1021,0,0
SLR005328,Home & Kitchen,Tier-1 Metro,394,336,491,57047.12,3.13,0.18,8,-0.2879,-0.1125,0.8235,0.2346,16,1
SLR005329,Electronics,Tier-1 Metro,524,206,427,50316.41,4.28,0.1002,0,-0.017,0.2657,0.9699,0.0711,27,0
SLR005330,Mobiles & Accessories,Tier-1 Metro,0,730,4694,131242.06,4.11,0.1753,4,0.516,-0.1759,0.8346,0.1324,11,0
SLR005331,Grocery,Tier-1 Metro,202,528,348,27634.32,4.23,0.1042,9,-0.1489,0.1283,0.7152,0.1709,5,1
SLR005332,Home & Kitchen,Tier-1 Metro,325,405,473,43069.84,3.79,0.1182,8,-0.3971,-0.1376,0.7957,0.0709,92,1
SLR005333,Home & Kitchen,Tier-1 Metro,399,331,31,1123.03,3.15,0.228,9,-0.2148,-0.2308,0.0202,0.3317,70,1
SLR005334,Mobiles & Accessories,Tier-1 Metro,486,244,834,95252.36,3.18,0.2369,7,-0.1496,-0.2186,0.5054,0.1811,79,1
SLR005335,Electronics,Tier-3 Town,230,500,2126,124588.09,3.95,0.2922,6,-0.6429,-0.2183,0.523,0.2958,11,0
SLR005336,Fashion,Tier-1 Metro,261,469,939,83158.99,3.6,0.2846,7,-0.4999,-0.3021,0.633,0.1987,0,0
SLR005337,Sports & Fitness,Tier-1 Metro,552,178,90,18052.93,3.73,0.1638,12,-0.3872,0.0798,0.489,0.1312,10,0
SLR005338,Beauty & Personal Care,Tier-1 Metro,247,483,505,21266.68,4.32,0.1305,11,-0.1224,-0.4088,0.5407,0.0868,13,0
SLR005339,Home & Kitchen,Tier-2 City,653,77,125,21541.9,3.97,0.1903,7,0.2969,0.1421,0.73,0.1485,15,0
SLR005340,Grocery,Tier-2 City,0,730,395,20196.99,3.25,0.1507,10,0.161,0.0139,0.6172,0.1022,54,1
SLR005341,Toys & Baby,Tier-2 City,481,249,616,75758.76,4.53,0.1529,5,-0.1889,0.1573,0.3536,0.2768,0,0
SLR005342,Toys & Baby,Tier-1 Metro,545,185,44,3588.5,3.03,0.1575,5,0.1666,0.01,1.0,0.1308,1,0
SLR005343,Electronics,Tier-2 City,462,268,688,91388.69,3.22,0.2253,9,-0.1502,-0.1698,0.6732,0.2376,58,1
SLR005344,Electronics,Tier-1 Metro,0,730,1225,43244.73,4.38,0.1038,3,0.0349,0.2992,0.7326,0.0181,8,0
SLR005345,Home & Kitchen,Tier-3 Town,258,472,412,28351.8,4.37,0.1957,6,0.1622,-0.179,0.7095,0.0823,21,0
SLR005346,Mobiles & Accessories,Tier-3 Town,250,480,286,11886.47,3.93,0.275,6,-0.5579,0.0141,0.7134,0.2111,15,0
SLR005347,Grocery,Tier-1 Metro,546,184,567,90018.86,3.82,0.1141,1,-0.009,0.0046,0.6566,0.1202,26,0
SLR005348,Home & Kitchen,Tier-1 Metro,541,189,129,13818.14,3.59,0.1418,5,-0.1592,-0.0265,0.4729,0.2193,0,0
SLR005349,Home & Kitchen,Tier-1 Metro,0,730,1019,32683.28,2.49,0.2205,13,-0.7382,-0.3556,0.5827,0.296,119,1
SLR005350,Home & Kitchen,Tier-2 City,600,130,97,8864.26,3.22,0.1721,4,-0.0088,-0.194,0.5615,0.0478,88,1
SLR005351,Grocery,Tier-1 Metro,443,287,62,4915.5,3.44,0.1225,7,0.1367,0.0809,0.5577,0.2001,53,1
SLR005352,Beauty & Personal Care,Tier-1 Metro,333,397,1001,102086.57,4.14,0.1388,4,0.0678,0.0449,0.4699,0.1392,4,0
SLR005353,Sports & Fitness,Tier-2 City,570,160,105,24189.09,4.9,0.1116,3,0.6691,-0.0473,0.828,0.0925,25,1
SLR005354,Grocery,Tier-1 Metro,592,138,85,14881.13,4.08,0.1413,6,-0.1717,-0.3123,0.594,0.2543,5,1
SLR005355,Electronics,Tier-1 Metro,6,724,2120,89338.47,4.2,0.1341,2,-0.0739,-0.3163,0.814,0.0976,13,0
SLR005356,Grocery,Tier-3 Town,363,367,81,4175.25,3.73,0.1938,6,-0.2594,-0.1766,0.7502,0.178,15,0
SLR005357,Mobiles & Accessories,Tier-1 Metro,641,89,288,117842.35,4.03,0.1843,5,-0.4509,-0.365,0.5733,0.0112,82,1
SLR005358,Mobiles & Accessories,Tier-2 City,610,120,204,60850.64,4.06,0.2441,2,-0.3743,-0.2505,0.38,0.2178,16,0
SLR005359,Beauty & Personal Care,Tier-1 Metro,564,166,292,42599.95,4.36,0.0895,4,0.1591,0.1088,0.7745,0.1033,0,0
SLR005360,Sports & Fitness,Tier-1 Metro,355,375,752,40326.71,3.9,0.1619,4,-0.0791,-0.1036,0.3511,0.1499,65,1
SLR005361,Toys & Baby,Tier-3 Town,250,480,303,20019.96,4.88,0.2455,5,0.1904,-0.1021,0.9113,0.0755,64,1
SLR005362,Grocery,Tier-1 Metro,257,473,637,37357.36,4.27,0.1084,9,0.2596,-0.2544,0.272,0.1371,0,0
SLR005363,Mobiles & Accessories,Tier-2 City,653,77,104,18117.57,3.86,0.2183,5,0.0374,0.0904,0.6459,0.224,77,1
SLR005364,Electronics,Tier-2 City,613,117,69,9555.86,3.85,0.1843,2,0.1783,0.0439,0.6121,0.0781,1,0
SLR005365,Grocery,Tier-2 City,205,525,1410,85249.17,3.52,0.1544,6,0.1781,0.1879,0.5262,0.1569,14,0
SLR005366,Sports & Fitness,Tier-2 City,227,503,755,30752.02,3.29,0.1868,5,-0.4482,-0.1783,0.5763,0.2217,15,0
SLR005367,Electronics,Tier-2 City,47,683,405,8761.47,3.29,0.2135,13,-0.2541,-0.1725,0.5065,0.1639,2,0
SLR005368,Fashion,Tier-3 Town,479,251,68,6840.32,3.7,0.3535,8,-0.3362,-0.0086,0.632,0.2235,0,0
SLR005369,Grocery,Tier-2 City,377,353,224,15787.89,3.36,0.1537,5,-0.4652,-0.3408,0.385,0.2092,4,0
SLR005370,Fashion,Tier-2 City,0,730,465,17318.29,3.23,0.379,8,-1.0,-0.3207,0.5093,0.2491,5,1
SLR005371,Electronics,Tier-2 City,647,83,223,32409.43,2.47,0.2263,9,-0.3247,-0.205,0.223,0.2612,5,1
SLR005372,Mobiles & Accessories,Tier-1 Metro,494,236,274,22536.73,2.93,0.2375,8,-0.461,0.1502,0.6991,0.1752,158,1
SLR005373,Electronics,Tier-1 Metro,0,730,193,3556.86,3.46,0.177,10,0.2281,-0.0976,0.7115,0.0945,7,0
SLR005374,Beauty & Personal Care,Tier-3 Town,437,293,937,37207.94,3.95,0.2313,5,0.3234,0.0963,1.0,0.0955,15,0
SLR005375,Beauty & Personal Care,Tier-1 Metro,574,156,182,30368.33,3.78,0.1694,7,-0.2565,-0.3669,0.707,0.1667,30,0
SLR005376,Electronics,Tier-1 Metro,0,730,993,55079.4,4.44,0.1573,3,0.1568,0.1927,0.5435,0.0,15,0
SLR005377,Electronics,Tier-1 Metro,637,93,208,25179.68,3.27,0.1753,9,0.0439,-0.1746,0.6644,0.2262,30,1
SLR005378,Mobiles & Accessories,Tier-1 Metro,340,390,592,19138.75,3.89,0.1596,4,-0.0301,0.1872,0.6586,0.135,0,0
SLR005379,Grocery,Tier-3 Town,261,469,723,37072.72,3.53,0.1998,4,0.0185,0.0309,0.4823,0.1987,8,0
SLR005380,Fashion,Tier-2 City,457,273,1311,126456.2,3.31,0.3286,9,-0.3666,-0.2134,0.6649,0.2005,21,0
SLR005381,Sports & Fitness,Tier-2 City,404,326,875,89229.38,3.83,0.1838,2,0.115,0.2,0.8817,0.2716,4,0
SLR005382,Beauty & Personal Care,Tier-3 Town,175,555,554,10578.73,4.05,0.2248,8,-0.1805,-0.1684,0.6833,0.3164,8,0
SLR005383,Electronics,Tier-1 Metro,231,499,984,23330.94,4.07,0.1108,2,0.1608,-0.0581,0.791,0.0126,5,0
SLR005384,Beauty & Personal Care,Tier-2 City,388,342,884,104167.88,3.26,0.1866,12,-0.0465,-0.0911,0.614,0.1903,39,1
SLR005385,Home & Kitchen,Tier-1 Metro,397,333,154,17599.89,3.55,0.1851,6,-0.2317,-0.2334,0.7572,0.2682,16,0
SLR005386,Beauty & Personal Care,Tier-2 City,645,85,178,40321.67,4.72,0.149,5,-0.1072,0.1555,1.0,0.1212,19,0
SLR005387,Fashion,Tier-2 City,434,296,378,31082.83,3.33,0.3485,9,-0.3541,-0.0167,0.654,0.2094,45,1
SLR005388,Sports & Fitness,Tier-1 Metro,0,730,2035,60543.64,4.22,0.1001,4,0.1806,-0.061,0.7468,0.1276,0,0
SLR005389,Home & Kitchen,Tier-2 City,0,730,828,37996.31,3.28,0.2145,4,-0.2865,-0.0321,0.7345,0.2577,15,0
SLR005390,Electronics,Tier-1 Metro,521,209,419,66071.17,3.28,0.1992,9,-0.4634,-0.4444,0.6322,0.1187,5,1
SLR005391,Fashion,Tier-2 City,351,379,1033,63786.41,3.3,0.3068,10,-0.1793,-0.2919,0.4737,0.2118,5,1
SLR005392,Sports & Fitness,Tier-1 Metro,703,27,80,100777.67,4.18,0.1389,11,-0.033,-0.0581,0.9206,0.0699,27,1
SLR005393,Toys & Baby,Tier-1 Metro,504,226,447,71466.46,4.01,0.1448,6,-0.2773,0.0231,0.585,0.2617,10,0
SLR005394,Mobiles & Accessories,Tier-2 City,441,289,214,29051.79,3.34,0.2368,5,0.0021,-0.1783,0.6388,0.1767,23,1
SLR005395,Grocery,Tier-3 Town,283,447,606,18123.9,4.56,0.1842,4,-0.0343,0.033,0.5544,0.1845,3,0
SLR005396,Toys & Baby,Tier-1 Metro,330,400,785,67531.2,3.44,0.1574,4,0.0102,-0.0946,0.4662,0.0629,8,0
SLR005397,Home & Kitchen,Tier-1 Metro,305,425,2177,136418.53,3.69,0.157,3,-0.5403,0.0844,0.7481,0.1464,6,0
SLR005398,Beauty & Personal Care,Tier-1 Metro,698,32,31,37275.8,4.45,0.1552,0,-0.1058,-0.0754,0.511,0.1201,23,0
SLR005399,Beauty & Personal Care,Tier-2 City,430,300,235,16543.12,3.76,0.1772,5,0.0781,-0.2244,0.4602,0.1643,86,1
SLR005400,Fashion,Tier-1 Metro,518,212,442,70414.9,4.34,0.233,6,0.0522,0.2805,0.7156,0.1168,13,0
SLR005401,Home & Kitchen,Tier-1 Metro,0,730,1318,46729.78,4.07,0.1638,7,-0.3971,-0.2874,0.5154,0.1604,0,0
SLR005402,Beauty & Personal Care,Tier-3 Town,389,341,865,79200.53,3.73,0.1852,4,0.2359,0.0821,0.6394,0.2039,7,1
SLR005403,Mobiles & Accessories,Tier-3 Town,537,193,85,8841.48,3.41,0.3336,13,-0.8254,-0.2865,0.749,0.3384,64,1
SLR005404,Fashion,Tier-1 Metro,512,218,148,13916.45,3.44,0.321,12,0.0498,-0.1027,0.4826,0.0611,0,0
SLR005405,Toys & Baby,Tier-1 Metro,462,268,433,56588.06,3.56,0.1794,7,-0.2124,-0.1785,0.6329,0.1503,5,0
SLR005406,Toys & Baby,Tier-1 Metro,0,730,3950,129553.58,3.97,0.1461,6,-0.2623,0.1446,0.6824,0.0195,22,0
SLR005407,Mobiles & Accessories,Tier-1 Metro,361,369,310,18846.0,3.1,0.2284,13,-0.3044,-0.1494,0.3162,0.2203,82,1
SLR005408,Home & Kitchen,Tier-1 Metro,570,160,302,24430.44,4.05,0.1876,3,-0.3814,-0.196,0.773,0.0832,70,1
SLR005409,Fashion,Tier-1 Metro,451,279,232,30377.11,4.1,0.2069,5,0.5827,-0.0369,1.0,0.0671,14,0
SLR005410,Fashion,Tier-3 Town,485,245,534,87048.88,2.96,0.3784,4,-0.5236,-0.3435,0.4267,0.3272,70,1
SLR005411,Fashion,Tier-2 City,442,288,406,18889.92,3.02,0.3077,9,-0.6841,0.0001,0.6797,0.113,12,0
SLR005412,Electronics,Tier-1 Metro,0,730,726,40502.85,3.59,0.2282,8,-0.0944,-0.111,0.5653,0.1108,57,1
SLR005413,Toys & Baby,Tier-1 Metro,306,424,414,24061.89,3.35,0.1777,11,-0.284,-0.0961,0.4876,0.1402,0,0
SLR005414,Fashion,Tier-1 Metro,358,372,935,85190.91,2.98,0.2762,7,-0.1024,-0.3396,0.319,0.1988,73,1
SLR005415,Home & Kitchen,Tier-3 Town,271,459,471,18448.69,3.93,0.2488,5,0.2733,-0.0468,0.4599,0.1813,5,0
SLR005416,Fashion,Tier-1 Metro,509,221,390,69693.52,4.51,0.2293,7,-0.1433,-0.1832,0.4635,0.0971,7,0
SLR005417,Home & Kitchen,Tier-3 Town,213,517,1132,54227.86,3.48,0.2353,3,-0.3389,0.0696,0.7669,0.2203,15,0
SLR005418,Toys & Baby,Tier-2 City,516,214,140,11319.33,3.12,0.1615,5,0.5119,-0.1733,0.8496,0.1915,30,0
SLR005419,Beauty & Personal Care,Tier-1 Metro,693,37,21,23504.59,4.29,0.165,6,0.2735,-0.1875,0.7001,0.156,12,0
SLR005420,Electronics,Tier-3 Town,0,730,736,12264.33,4.23,0.2439,13,-0.2469,-0.1478,0.5284,0.2495,51,1
SLR005421,Sports & Fitness,Tier-2 City,384,346,1141,112745.88,3.51,0.1901,9,-0.0789,-0.0057,0.5088,0.203,36,0
SLR005422,Toys & Baby,Tier-2 City,561,169,154,20113.32,4.79,0.1405,4,0.4386,0.1587,0.6108,0.1041,21,0
SLR005423,Fashion,Tier-1 Metro,395,335,933,64937.08,3.2,0.27,8,-0.0241,-0.1793,0.3518,0.1934,0,0
SLR005424,Beauty & Personal Care,Tier-1 Metro,208,522,679,17164.22,4.62,0.1144,2,0.0157,-0.0078,0.5682,0.0712,2,0
SLR005425,Sports & Fitness,Tier-2 City,257,473,1037,52801.2,4.56,0.1352,2,-0.405,0.0448,0.6236,0.0949,13,0
SLR005426,Fashion,Tier-2 City,224,506,943,24290.03,3.37,0.2825,11,-0.1434,0.1572,0.6194,0.3103,77,1
SLR005427,Sports & Fitness,Tier-2 City,433,297,631,66961.97,4.34,0.1926,8,-0.183,-0.0148,0.3068,0.1921,0,0
SLR005428,Beauty & Personal Care,Tier-1 Metro,533,197,299,33984.64,3.95,0.1002,6,0.1353,-0.1452,0.8083,0.2182,10,0
SLR005429,Grocery,Tier-2 City,539,191,162,32705.46,3.48,0.1636,8,0.029,-0.1243,0.7336,0.2161,2,0
SLR005430,Grocery,Tier-1 Metro,147,583,1031,72639.19,4.25,0.1225,9,0.0714,0.0376,0.5791,0.1062,46,1
SLR005431,Mobiles & Accessories,Tier-2 City,393,337,537,30219.83,4.22,0.2159,7,0.2675,-0.1993,0.6168,0.2316,34,0
SLR005432,Toys & Baby,Tier-1 Metro,526,204,921,163413.36,4.37,0.1285,2,-0.0727,-0.0273,0.3595,0.1723,10,0
SLR005433,Fashion,Tier-2 City,372,358,589,49695.36,3.06,0.3091,10,0.0745,0.0029,0.6898,0.1134,19,1
SLR005434,Sports & Fitness,Tier-2 City,373,357,251,27696.56,3.69,0.1852,7,0.1988,0.1595,0.7984,0.1663,0,0
SLR005435,Home & Kitchen,Tier-3 Town,508,222,537,96526.64,3.73,0.2745,7,-0.3943,0.0744,0.4739,0.1784,13,0
SLR005436,Sports & Fitness,Tier-1 Metro,577,153,224,24375.57,3.72,0.1202,9,-0.0986,0.0316,0.6158,0.1053,0,0
SLR005437,Electronics,Tier-2 City,524,206,90,6345.37,2.54,0.2035,10,-0.31,-0.1152,0.7306,0.2038,115,1
SLR005438,Grocery,Tier-1 Metro,461,269,415,37767.08,4.85,0.0488,2,0.5793,0.2676,0.6997,0.0654,0,0
SLR005439,Toys & Baby,Tier-1 Metro,0,730,405,21024.39,4.21,0.1384,5,-0.0907,-0.0455,0.6481,0.0466,26,0
SLR005440,Grocery,Tier-2 City,525,205,238,35816.69,3.68,0.1181,6,0.1458,0.1975,0.5306,0.1376,6,0
SLR005441,Beauty & Personal Care,Tier-1 Metro,661,69,66,11653.93,4.75,0.0722,1,0.118,0.3002,0.8731,0.0,25,0
SLR005442,Beauty & Personal Care,Tier-1 Metro,638,92,107,28391.75,4.06,0.1506,5,-0.0355,-0.1583,0.94,0.0525,9,0
SLR005443,Grocery,Tier-1 Metro,393,337,248,8504.29,3.49,0.0766,6,-0.3983,-0.0979,0.5268,0.1724,17,0
SLR005444,Toys & Baby,Tier-1 Metro,316,414,326,30839.04,3.34,0.1457,5,-0.1986,-0.1784,0.6641,0.1903,0,0
SLR005445,Beauty & Personal Care,Tier-1 Metro,0,730,1219,44867.69,3.8,0.1046,8,-0.1923,0.1683,0.8484,0.135,14,0
SLR005446,Electronics,Tier-1 Metro,396,334,192,9068.58,3.74,0.2059,10,-0.5279,-0.3601,0.9228,0.1004,0,0
SLR005447,Home & Kitchen,Tier-1 Metro,545,185,472,35053.06,4.39,0.1101,3,-0.0423,-0.1038,0.8669,0.0161,12,0
SLR005448,Grocery,Tier-2 City,593,137,172,16149.97,4.6,0.1384,4,0.4157,-0.1009,0.5617,0.0356,26,0
SLR005449,Sports & Fitness,Tier-1 Metro,380,350,36,1860.95,3.44,0.1185,17,0.0487,0.0382,0.5846,0.2044,31,0
SLR005450,Beauty & Personal Care,Tier-1 Metro,529,201,173,24066.46,3.72,0.1678,11,-0.4371,-0.2545,0.6271,0.2172,40,1
SLR005451,Sports & Fitness,Tier-1 Metro,650,80,182,52175.87,4.33,0.1306,5,-0.2518,-0.0598,0.7885,0.1577,59,1
SLR005452,Fashion,Tier-2 City,398,332,300,33851.66,3.4,0.3123,12,-0.6128,-0.2434,0.5885,0.1766,83,1
SLR005453,Mobiles & Accessories,Tier-1 Metro,239,491,1904,141884.85,3.74,0.1806,5,0.0737,0.2502,0.5199,0.1524,5,0
SLR005454,Home & Kitchen,Tier-1 Metro,507,223,125,15558.28,3.95,0.1321,6,-0.2195,0.0222,0.6031,0.0418,53,1
SLR005455,Grocery,Tier-1 Metro,409,321,322,21411.39,4.01,0.0668,7,0.6371,0.068,0.7899,0.1986,1,0
SLR005456,Electronics,Tier-1 Metro,0,730,2014,35835.75,3.23,0.1994,6,-0.5065,-0.141,0.5477,0.2644,9,1
SLR005457,Beauty & Personal Care,Tier-2 City,553,177,193,11593.47,4.09,0.1017,3,0.2663,-0.1264,0.7655,0.0825,0,0
SLR005458,Sports & Fitness,Tier-1 Metro,62,668,1277,37635.03,3.45,0.1532,6,-0.283,-0.1363,0.5943,0.2156,35,1
SLR005459,Mobiles & Accessories,Tier-2 City,668,62,50,25243.0,3.95,0.2399,7,-0.1746,0.0773,0.5849,0.1738,14,0
SLR005460,Fashion,Tier-2 City,209,521,992,62650.88,3.76,0.2984,6,-0.0991,-0.184,0.5724,0.1236,5,0
SLR005461,Electronics,Tier-2 City,139,591,1383,53063.03,3.36,0.2401,7,-0.661,-0.2342,0.1736,0.1701,32,1
SLR005462,Grocery,Tier-1 Metro,0,730,3193,147659.73,3.45,0.0859,4,-0.2034,-0.0002,0.8981,0.0561,0,0
SLR005463,Fashion,Tier-2 City,201,529,1466,63132.51,3.4,0.2917,7,-0.3951,-0.2795,0.5993,0.1829,65,1
SLR005464,Fashion,Tier-2 City,582,148,411,70605.91,2.26,0.301,8,-0.1027,-0.1465,0.6528,0.1268,5,1
SLR005465,Beauty & Personal Care,Tier-1 Metro,359,371,534,19337.35,4.03,0.1312,6,-0.4668,0.0743,0.5194,0.1836,44,1
SLR005466,Electronics,Tier-2 City,545,185,124,16740.38,3.33,0.2284,10,-0.3432,-0.3825,0.3575,0.2122,34,1
SLR005467,Fashion,Tier-1 Metro,628,102,94,15071.54,3.82,0.2789,8,-0.3505,-0.0705,0.6916,0.193,0,0
SLR005468,Home & Kitchen,Tier-1 Metro,550,180,826,55103.82,4.31,0.1405,10,-0.4425,0.0166,0.5974,0.1005,42,1
SLR005469,Beauty & Personal Care,Tier-1 Metro,350,380,698,19939.76,4.62,0.1221,3,-0.1791,0.3215,0.5219,0.0293,3,0
SLR005470,Sports & Fitness,Tier-1 Metro,402,328,150,19169.34,4.52,0.1239,2,-0.1596,-0.25,0.7833,0.1861,0,0
SLR005471,Fashion,Tier-2 City,249,481,342,18722.58,3.53,0.3141,15,0.2975,0.0745,0.6886,0.2188,20,1
SLR005472,Mobiles & Accessories,Tier-3 Town,658,72,131,31656.75,3.13,0.3301,16,-0.1119,-0.1642,0.7189,0.2968,11,1
SLR005473,Home & Kitchen,Tier-1 Metro,531,199,276,14631.46,3.4,0.2111,6,-0.406,-0.0981,0.7789,0.1214,16,1
SLR005474,Fashion,Tier-2 City,589,141,197,50627.16,4.94,0.2968,4,0.3929,0.069,0.4965,0.1941,0,0
SLR005475,Electronics,Tier-2 City,517,213,53,9863.99,3.66,0.1943,3,0.0131,-0.3056,0.4602,0.2054,8,1
SLR005476,Mobiles & Accessories,Tier-2 City,522,208,224,37709.57,4.02,0.2422,5,-0.4481,-0.2201,0.5551,0.113,3,0
SLR005477,Electronics,Tier-2 City,296,434,128,7167.2,3.76,0.2257,8,-0.4417,-0.2732,0.6933,0.1974,13,0
SLR005478,Sports & Fitness,Tier-1 Metro,0,730,999,15647.3,4.08,0.0582,6,0.1944,-0.0079,0.7125,0.06,0,0
SLR005479,Beauty & Personal Care,Tier-2 City,0,730,2210,112686.2,3.88,0.1597,10,0.0514,-0.1161,0.656,0.2847,26,1
SLR005480,Mobiles & Accessories,Tier-2 City,592,138,197,21669.25,4.43,0.2402,7,0.0607,-0.0434,0.7254,0.1724,34,0
SLR005481,Grocery,Tier-1 Metro,395,335,850,100036.25,3.99,0.0607,2,0.1907,-0.0857,0.6604,0.1248,0,0
SLR005482,Toys & Baby,Tier-1 Metro,444,286,351,32507.38,3.39,0.1987,5,-0.4556,-0.3984,0.4776,0.2336,103,1
SLR005483,Grocery,Tier-2 City,646,84,127,31345.29,3.63,0.1872,4,0.0429,0.0517,0.533,0.2067,0,0
SLR005484,Electronics,Tier-3 Town,529,201,115,12282.01,3.44,0.3074,10,-0.048,-0.2399,0.4263,0.2678,43,1
SLR005485,Home & Kitchen,Tier-3 Town,550,180,81,15851.55,2.23,0.2716,10,-0.391,0.0932,0.4194,0.2191,15,1
SLR005486,Mobiles & Accessories,Tier-2 City,471,259,694,53005.52,3.34,0.2497,8,-0.4127,-0.0928,0.5525,0.1499,66,1
SLR005487,Sports & Fitness,Tier-1 Metro,575,155,202,21770.77,4.1,0.1362,9,-0.0872,-0.0401,0.6375,0.0976,9,0
SLR005488,Beauty & Personal Care,Tier-2 City,487,243,57,9672.98,3.32,0.1895,8,0.0202,0.218,0.3527,0.2171,14,0
SLR005489,Mobiles & Accessories,Tier-1 Metro,442,288,576,67260.21,4.11,0.1673,4,0.2376,-0.2055,0.8834,0.1041,5,1
SLR005490,Electronics,Tier-1 Metro,0,730,1700,39693.24,4.35,0.1655,2,0.0217,-0.2354,0.532,0.0635,7,0
SLR005491,Beauty & Personal Care,Tier-3 Town,285,445,1110,64200.29,3.39,0.236,0,0.107,-0.0859,0.5635,0.295,15,0
SLR005492,Sports & Fitness,Tier-2 City,499,231,330,41507.56,3.86,0.1529,8,-0.4266,-0.2592,0.4045,0.1794,50,1
SLR005493,Sports & Fitness,Tier-3 Town,62,668,1700,73725.73,3.62,0.2394,4,0.1732,0.1851,0.7912,0.2108,0,0
SLR005494,Beauty & Personal Care,Tier-1 Metro,471,259,398,31616.49,3.52,0.1132,7,0.066,-0.2513,0.6421,0.087,17,0
SLR005495,Grocery,Tier-1 Metro,395,335,210,25283.47,3.63,0.1206,4,-0.2932,-0.0043,0.735,0.1356,57,1
SLR005496,Grocery,Tier-2 City,450,280,919,44815.5,4.35,0.1148,2,-0.4692,0.0397,0.7766,0.0076,16,0
SLR005497,Electronics,Tier-2 City,698,32,115,142804.67,4.06,0.2026,4,0.1792,-0.1302,0.6752,0.2223,32,1
SLR005498,Toys & Baby,Tier-2 City,622,108,61,13466.86,3.5,0.1604,6,-0.2767,-0.0475,0.7083,0.1574,18,0
SLR005499,Sports & Fitness,Tier-3 Town,363,367,500,56026.46,3.24,0.2591,5,-0.2077,-0.2063,0.4224,0.2427,13,1
SLR005500,Grocery,Tier-1 Metro,0,730,3000,76072.33,4.19,0.1012,9,0.0921,-0.0755,0.9529,0.1302,0,0
SLR005501,Fashion,Tier-1 Metro,579,151,691,151061.12,4.13,0.2468,3,-0.0504,0.014,0.6074,0.0771,0,0
SLR005502,Toys & Baby,Tier-3 Town,430,300,208,28031.47,4.26,0.1767,9,0.188,0.104,0.7936,0.2008,10,0
SLR005503,Fashion,Tier-2 City,584,146,539,59576.48,3.38,0.3397,9,0.2046,-0.1467,0.4846,0.2149,71,1
SLR005504,Toys & Baby,Tier-2 City,605,125,394,35121.33,3.67,0.1773,4,-0.4986,-0.0154,0.4131,0.2352,39,1
SLR005505,Home & Kitchen,Tier-1 Metro,19,711,1010,25760.58,2.88,0.1713,7,-0.5103,-0.2922,0.9149,0.2992,31,1
SLR005506,Home & Kitchen,Tier-2 City,381,349,859,45227.2,4.3,0.1387,3,-0.1498,-0.0415,0.7666,0.0828,0,0
SLR005507,Electronics,Tier-2 City,309,421,611,29542.73,4.26,0.1762,7,0.0301,0.1567,0.7375,0.1707,3,0
SLR005508,Sports & Fitness,Tier-1 Metro,0,730,1588,34035.73,4.71,0.1065,0,0.1955,0.2932,0.7196,0.02,1,0
SLR005509,Mobiles & Accessories,Tier-3 Town,456,274,517,66047.51,3.32,0.2907,2,-0.0159,-0.3422,0.6909,0.2946,6,0
SLR005510,Mobiles & Accessories,Tier-1 Metro,330,400,910,83202.34,3.58,0.2129,5,0.0809,-0.2152,0.5615,0.2041,15,1
SLR005511,Grocery,Tier-3 Town,79,651,1047,52692.36,3.29,0.2537,16,0.2968,-0.2842,0.5793,0.2072,8,1
SLR005512,Home & Kitchen,Tier-3 Town,610,120,85,29198.43,3.42,0.2576,4,-0.0729,0.0465,0.7897,0.2518,66,1
SLR005513,Grocery,Tier-3 Town,399,331,599,28919.75,3.66,0.2236,6,-0.0185,-0.3366,0.5983,0.3147,15,0
SLR005514,Grocery,Tier-2 City,170,560,727,17341.88,2.79,0.1789,8,-0.3542,0.0288,0.4984,0.2564,61,1
SLR005515,Beauty & Personal Care,Tier-2 City,211,519,1162,31258.79,3.07,0.2208,5,-0.0112,-0.3771,0.8236,0.1669,31,1
SLR005516,Beauty & Personal Care,Tier-3 Town,390,340,727,78816.91,3.9,0.229,6,-0.4051,-0.0354,0.5111,0.2105,24,0
SLR005517,Grocery,Tier-2 City,0,730,884,21321.94,4.05,0.1441,4,-0.12,-0.1435,0.8859,0.1442,18,0
SLR005518,Fashion,Tier-2 City,62,668,566,31083.84,3.09,0.3563,11,-0.5778,-0.2588,0.2746,0.2416,82,1
SLR005519,Electronics,Tier-1 Metro,368,362,727,60150.84,3.54,0.1581,3,-0.0586,0.0245,0.8534,0.0446,12,0
SLR005520,Home & Kitchen,Tier-2 City,297,433,483,26008.0,3.85,0.1825,7,0.1414,0.005,0.7542,0.1773,9,0
SLR005521,Sports & Fitness,Tier-2 City,0,730,521,23323.18,4.16,0.1393,6,0.3205,0.1679,0.7461,0.1622,2,0
SLR005522,Fashion,Tier-3 Town,23,707,2769,75976.58,3.33,0.3366,10,0.2593,-0.4188,0.6764,0.2013,33,1
SLR005523,Toys & Baby,Tier-2 City,391,339,158,12797.83,4.34,0.1785,8,0.3015,0.1169,0.893,0.1415,4,0
SLR005524,Beauty & Personal Care,Tier-2 City,596,134,81,17301.79,2.54,0.2192,15,-0.6764,-0.3525,0.5203,0.3248,28,1
SLR005525,Grocery,Tier-1 Metro,524,206,872,52826.42,4.93,0.0263,2,0.3891,0.1993,0.6772,0.1063,0,0
SLR005526,Toys & Baby,Tier-1 Metro,721,9,17,13721.93,3.88,0.1626,4,-0.0608,-0.0414,0.752,0.0914,9,0
SLR005527,Grocery,Tier-1 Metro,293,437,630,51342.14,4.08,0.1196,10,-0.0303,-0.1493,0.4351,0.1712,38,0
SLR005528,Beauty & Personal Care,Tier-2 City,35,695,1551,54725.92,3.95,0.19,3,0.0773,-0.1342,0.571,0.1374,72,1
SLR005529,Electronics,Tier-3 Town,41,689,513,24575.73,3.49,0.3056,15,-0.1782,-0.2259,0.5414,0.3779,51,1
SLR005530,Grocery,Tier-2 City,531,199,241,34464.85,3.75,0.1613,7,-0.1077,-0.1402,0.7022,0.1704,14,0
SLR005531,Grocery,Tier-2 City,433,297,145,13469.94,4.02,0.1263,5,0.1587,0.1699,0.5474,0.1452,20,0
SLR005532,Beauty & Personal Care,Tier-2 City,329,401,414,13191.54,3.63,0.168,12,-0.2022,-0.1875,0.5859,0.2049,35,0
SLR005533,Beauty & Personal Care,Tier-1 Metro,634,96,286,95709.09,3.71,0.0858,2,0.189,0.1092,0.874,0.0,5,0
SLR005534,Beauty & Personal Care,Tier-2 City,474,256,352,40235.53,3.6,0.1926,7,0.3132,-0.3276,0.5278,0.1991,96,1
SLR005535,Grocery,Tier-2 City,499,231,223,29278.73,3.08,0.2278,4,-0.2879,0.0156,0.5486,0.1926,27,1
SLR005536,Mobiles & Accessories,Tier-2 City,530,200,108,15435.97,3.39,0.2161,12,0.0129,-0.1362,0.525,0.3347,10,0
SLR005537,Toys & Baby,Tier-2 City,0,730,2895,159059.98,4.2,0.1723,10,0.2014,0.092,0.5672,0.1305,0,0
SLR005538,Sports & Fitness,Tier-1 Metro,355,375,590,45526.32,3.66,0.1328,3,-0.3009,-0.0237,0.3677,0.2514,61,1
SLR005539,Toys & Baby,Tier-3 Town,270,460,343,9536.08,3.37,0.2769,14,-0.588,-0.3166,0.6173,0.3072,5,1
SLR005540,Fashion,Tier-1 Metro,442,288,344,33115.05,3.76,0.2305,5,0.0872,-0.0804,0.5302,0.0614,30,0
SLR005541,Beauty & Personal Care,Tier-2 City,611,119,145,39266.0,4.51,0.154,6,0.1196,0.0481,0.6146,0.179,5,0
SLR005542,Toys & Baby,Tier-1 Metro,436,294,492,50639.65,4.7,0.1569,7,-0.3434,-0.118,0.766,0.0854,7,0
SLR005543,Grocery,Tier-1 Metro,606,124,397,68854.55,3.77,0.0553,2,-0.0596,-0.1914,0.8206,0.1239,50,1
SLR005544,Grocery,Tier-2 City,517,213,309,20275.94,3.59,0.1573,8,-0.2087,-0.2729,0.7475,0.2636,0,0
SLR005545,Fashion,Tier-2 City,401,329,392,48128.4,3.65,0.3038,9,-0.2031,-0.311,0.5718,0.19,71,1
SLR005546,Sports & Fitness,Tier-1 Metro,349,381,328,11738.01,3.28,0.1902,6,-0.2145,-0.0812,0.3934,0.3231,20,0
SLR005547,Mobiles & Accessories,Tier-2 City,561,169,403,79556.42,4.09,0.2782,7,-0.3044,-0.1689,0.4064,0.2525,100,1
SLR005548,Toys & Baby,Tier-2 City,521,209,257,39294.77,3.49,0.2016,12,-0.3434,-0.2304,0.7795,0.2727,35,1
SLR005549,Fashion,Tier-1 Metro,431,299,144,10167.72,3.94,0.2397,8,-0.2002,-0.0874,0.5463,0.1206,77,1
SLR005550,Mobiles & Accessories,Tier-1 Metro,380,350,189,10141.55,3.74,0.1928,8,-0.0263,0.0189,0.8328,0.1108,0,0
SLR005551,Mobiles & Accessories,Tier-2 City,426,304,528,50677.58,3.53,0.2575,14,0.1328,-0.3132,0.5573,0.1917,20,0
SLR005552,Mobiles & Accessories,Tier-2 City,424,306,262,34269.61,4.34,0.1719,0,0.0429,0.1922,0.9521,0.1621,12,0
SLR005553,Grocery,Tier-1 Metro,652,78,77,13598.98,3.75,0.1305,5,-0.4918,-0.305,0.5802,0.1107,0,0
SLR005554,Electronics,Tier-1 Metro,372,358,241,14987.51,3.66,0.1725,3,-0.2706,-0.0359,0.7319,0.1733,0,0
SLR005555,Grocery,Tier-2 City,236,494,521,20558.93,3.87,0.1157,8,0.2959,0.1062,0.5218,0.1976,0,0
SLR005556,Home & Kitchen,Tier-1 Metro,526,204,401,28424.4,3.48,0.1703,9,0.1325,0.0362,0.6048,0.1095,10,0
SLR005557,Beauty & Personal Care,Tier-3 Town,612,118,29,7893.43,2.93,0.2524,15,-0.3,-0.1047,0.4849,0.3741,5,1
SLR005558,Fashion,Tier-2 City,500,230,50,8562.15,3.24,0.2863,5,-0.2068,-0.158,0.7201,0.1227,115,1
SLR005559,Mobiles & Accessories,Tier-1 Metro,255,475,801,44934.53,3.86,0.1924,8,0.0906,-0.2337,0.6073,0.1425,48,1
SLR005560,Fashion,Tier-1 Metro,288,442,503,20120.08,4.36,0.231,8,-0.1825,0.0776,0.7517,0.1565,7,0
SLR005561,Beauty & Personal Care,Tier-2 City,583,147,351,36368.31,4.21,0.1515,11,0.0102,-0.3547,0.5804,0.1619,38,1
SLR005562,Sports & Fitness,Tier-1 Metro,462,268,227,12938.11,3.55,0.1848,12,-0.2013,0.1379,0.7587,0.1595,75,1
SLR005563,Fashion,Tier-3 Town,297,433,1474,45928.83,4.45,0.3135,2,-0.0937,0.1616,0.3852,0.1473,0,0
SLR005564,Toys & Baby,Tier-2 City,473,257,513,40884.97,3.68,0.1783,10,-0.2389,-0.1806,0.6075,0.2838,7,0
SLR005565,Grocery,Tier-2 City,256,474,591,16412.91,4.92,0.108,2,-0.3051,0.0201,0.5372,0.1365,7,0
SLR005566,Fashion,Tier-2 City,270,460,72,3008.76,2.49,0.3196,5,-0.407,-0.2229,0.924,0.1963,14,1
SLR005567,Home & Kitchen,Tier-2 City,664,66,170,60932.27,3.33,0.2239,3,-0.167,-0.2506,0.5543,0.2274,25,1
SLR005568,Fashion,Tier-1 Metro,506,224,132,19384.61,4.06,0.2737,6,-0.0437,-0.1294,0.413,0.1847,22,0
SLR005569,Home & Kitchen,Tier-1 Metro,0,730,726,28082.77,3.83,0.1631,4,0.2829,0.0522,0.6339,0.1289,26,1
SLR005570,Grocery,Tier-1 Metro,203,527,1428,100756.69,3.54,0.1376,3,-0.2325,0.0944,0.6829,0.1156,0,0
SLR005571,Mobiles & Accessories,Tier-1 Metro,413,317,570,61405.9,3.63,0.2437,9,-0.1073,-0.29,0.5701,0.158,32,1
SLR005572,Grocery,Tier-1 Metro,0,730,773,43326.82,4.41,0.0773,1,0.128,-0.0153,0.8322,0.0931,3,0
SLR005573,Toys & Baby,Tier-2 City,392,338,225,17100.1,3.65,0.168,7,-0.4987,-0.0864,0.4716,0.1976,40,1
SLR005574,Sports & Fitness,Tier-1 Metro,364,366,398,23714.95,3.55,0.1452,6,-0.1359,-0.0292,0.5885,0.1455,0,0
SLR005575,Home & Kitchen,Tier-1 Metro,541,189,329,19671.24,2.98,0.1826,9,-0.7783,-0.0286,0.6472,0.0949,18,1
SLR005576,Electronics,Tier-1 Metro,575,155,43,3896.74,3.48,0.1997,5,-0.4701,0.0341,0.8744,0.2134,14,0
SLR005577,Mobiles & Accessories,Tier-3 Town,0,730,1012,35611.47,3.06,0.3193,7,0.0064,-0.1147,0.6065,0.3922,7,1
SLR005578,Sports & Fitness,Tier-2 City,0,730,1149,22953.62,3.57,0.1537,8,-0.5672,-0.1027,0.8784,0.1532,0,0
SLR005579,Mobiles & Accessories,Tier-2 City,210,520,439,23366.9,4.0,0.2375,7,-0.3539,0.105,0.4059,0.2046,13,0
SLR005580,Sports & Fitness,Tier-1 Metro,543,187,472,82893.22,3.43,0.1625,10,0.1133,0.0738,0.4213,0.2387,28,1
SLR005581,Electronics,Tier-1 Metro,246,484,961,78377.62,3.84,0.1622,5,-0.1784,0.1084,0.6581,0.0975,31,0
SLR005582,Grocery,Tier-1 Metro,346,384,146,4825.44,3.69,0.1173,9,-0.2793,-0.2148,0.485,0.1547,99,1
SLR005583,Sports & Fitness,Tier-2 City,466,264,382,30975.86,3.39,0.227,6,-0.2991,0.2221,0.6438,0.1958,6,1
SLR005584,Sports & Fitness,Tier-2 City,612,118,101,20044.9,3.43,0.2358,15,-0.1915,-0.3135,0.5185,0.2557,5,1
SLR005585,Grocery,Tier-1 Metro,642,88,53,14771.5,4.09,0.0986,2,0.2049,0.0864,0.6244,0.1678,5,1
SLR005586,Beauty & Personal Care,Tier-3 Town,543,187,265,47216.13,3.37,0.2254,9,-0.4853,-0.0064,0.4881,0.2197,40,1
SLR005587,Grocery,Tier-3 Town,393,337,966,43459.18,4.79,0.178,2,0.2425,0.1002,0.9153,0.1513,7,0
SLR005588,Fashion,Tier-2 City,654,76,45,10814.31,4.32,0.2631,7,0.0934,-0.1083,0.7831,0.1422,10,0
SLR005589,Grocery,Tier-3 Town,515,215,227,24706.43,2.72,0.2584,13,-0.4362,-0.3594,0.4457,0.4088,41,1
SLR005590,Toys & Baby,Tier-1 Metro,462,268,243,32636.39,4.71,0.117,3,-0.0571,-0.1266,0.6575,0.1064,45,0
SLR005591,Sports & Fitness,Tier-1 Metro,16,714,127,3769.88,3.38,0.1763,12,-0.4231,-0.2367,0.5996,0.2003,13,0
SLR005592,Grocery,Tier-2 City,338,392,504,53401.48,3.12,0.1662,7,0.2132,-0.0914,0.3455,0.258,113,1
SLR005593,Mobiles & Accessories,Tier-3 Town,418,312,925,40049.17,3.3,0.3178,12,-0.1584,-0.0954,0.445,0.1984,66,1
SLR005594,Grocery,Tier-1 Metro,378,352,1674,174716.23,4.09,0.1277,7,-0.2717,-0.1369,0.4971,0.1543,120,1
SLR005595,Home & Kitchen,Tier-1 Metro,250,480,736,31894.6,3.94,0.2037,4,-0.32,0.0997,0.6136,0.1549,0,0
SLR005596,Beauty & Personal Care,Tier-2 City,0,730,1559,78295.54,4.04,0.0883,1,-0.2068,0.1004,0.4959,0.1603,14,0
SLR005597,Home & Kitchen,Tier-2 City,431,299,85,9273.02,4.92,0.1607,8,0.3002,-0.0712,0.8008,0.184,3,0
SLR005598,Home & Kitchen,Tier-2 City,504,226,543,30415.07,3.36,0.1813,12,-0.2372,0.0337,0.6592,0.2449,41,1
SLR005599,Fashion,Tier-1 Metro,267,463,238,9228.46,3.29,0.2838,10,0.1924,-0.2832,0.3781,0.1803,4,0
SLR005600,Beauty & Personal Care,Tier-2 City,568,162,154,14665.86,4.05,0.1513,7,-0.0182,0.1251,0.6763,0.0709,68,1
SLR005601,Grocery,Tier-1 Metro,523,207,325,50803.38,3.85,0.1002,5,0.2255,0.3646,0.6537,0.0531,14,0
SLR005602,Toys & Baby,Tier-1 Metro,310,420,924,80218.65,3.57,0.1171,7,-0.4018,-0.2167,0.591,0.124,0,0
SLR005603,Toys & Baby,Tier-3 Town,493,237,170,27756.32,3.13,0.262,5,-0.2007,-0.3429,0.5609,0.3878,5,1
SLR005604,Electronics,Tier-3 Town,409,321,1092,85645.23,2.96,0.2515,8,0.3111,-0.2636,0.2968,0.2689,84,1
SLR005605,Grocery,Tier-1 Metro,586,144,135,31145.57,4.56,0.0733,6,0.5552,0.0848,0.7173,0.0533,0,0
SLR005606,Electronics,Tier-2 City,214,516,594,44705.89,3.19,0.1919,5,0.0194,-0.0214,0.6239,0.1763,9,0
SLR005607,Beauty & Personal Care,Tier-2 City,343,387,159,8089.6,3.87,0.1261,5,-0.4797,0.0962,0.5751,0.1628,32,0
SLR005608,Electronics,Tier-2 City,373,357,86,2879.41,3.64,0.1888,4,-0.0875,0.0122,0.6824,0.1482,5,0
SLR005609,Mobiles & Accessories,Tier-3 Town,315,415,357,34548.73,3.31,0.2852,6,-0.3431,-0.0578,0.7509,0.2941,11,0
SLR005610,Home & Kitchen,Tier-3 Town,613,117,265,35201.29,3.88,0.2435,11,0.2605,-0.1988,0.8647,0.2131,3,0
SLR005611,Beauty & Personal Care,Tier-2 City,93,637,1461,79352.84,4.15,0.1877,3,-0.6016,-0.3021,0.7291,0.1731,7,0
SLR005612,Toys & Baby,Tier-1 Metro,343,387,318,18925.0,3.79,0.1331,3,-0.1587,0.1504,0.4375,0.122,25,0
SLR005613,Sports & Fitness,Tier-2 City,445,285,314,14957.42,3.73,0.2254,10,0.135,-0.3173,0.5207,0.1908,5,1
SLR005614,Home & Kitchen,Tier-2 City,500,230,408,48809.73,3.59,0.1917,12,0.2446,-0.103,0.7851,0.2067,27,1
SLR005615,Home & Kitchen,Tier-1 Metro,445,285,135,18797.99,3.82,0.1688,7,-0.5651,0.0581,0.6211,0.1956,14,0
SLR005616,Beauty & Personal Care,Tier-1 Metro,655,75,35,15275.01,3.54,0.1622,10,-0.3296,0.1572,0.7374,0.1526,8,0
SLR005617,Sports & Fitness,Tier-3 Town,506,224,165,15369.05,3.39,0.3107,8,-0.1173,-0.2026,0.5042,0.3074,10,1
SLR005618,Mobiles & Accessories,Tier-2 City,92,638,136,3475.25,3.53,0.2692,11,-0.3642,-0.5792,0.6146,0.207,16,1
SLR005619,Sports & Fitness,Tier-1 Metro,454,276,188,17603.26,3.8,0.1425,5,-0.1497,-0.2924,0.5898,0.1548,78,1
SLR005620,Home & Kitchen,Tier-3 Town,203,527,359,18793.0,3.39,0.2707,10,-0.066,-0.2713,0.4272,0.2522,50,1
SLR005621,Grocery,Tier-1 Metro,663,67,113,45744.71,3.74,0.1158,13,0.2388,0.1246,0.6314,0.137,23,1
SLR005622,Beauty & Personal Care,Tier-1 Metro,277,453,1107,45361.3,4.34,0.0778,2,-0.3362,0.1852,0.7897,0.098,17,0
SLR005623,Mobiles & Accessories,Tier-1 Metro,452,278,385,49526.83,2.99,0.2216,15,-0.2516,-0.0131,0.3303,0.1489,23,1
SLR005624,Grocery,Tier-1 Metro,0,730,343,16660.98,3.89,0.0922,8,0.182,-0.3267,0.3876,0.028,0,0
SLR005625,Sports & Fitness,Tier-2 City,502,228,359,30053.4,4.03,0.2065,10,0.2156,-0.2615,0.6732,0.0673,14,0
SLR005626,Electronics,Tier-1 Metro,670,60,72,25197.96,2.89,0.2019,7,-0.3666,-0.0832,0.4179,0.2871,58,1
SLR005627,Beauty & Personal Care,Tier-1 Metro,555,175,328,34868.82,3.52,0.1568,4,-0.2976,-0.2839,0.3372,0.2112,8,0
SLR005628,Fashion,Tier-1 Metro,417,313,340,44996.82,4.13,0.2306,3,-0.3757,-0.0838,0.4481,0.1006,29,1
SLR005629,Home & Kitchen,Tier-1 Metro,121,609,692,30025.03,3.83,0.1838,8,0.3336,0.1295,0.7294,0.0517,20,0
SLR005630,Grocery,Tier-1 Metro,628,102,170,64126.55,3.77,0.1675,11,-0.2641,0.0056,0.4139,0.3498,7,1
SLR005631,Sports & Fitness,Tier-2 City,492,238,288,17600.17,4.61,0.1421,2,0.4493,0.0182,0.5563,0.0983,0,0
SLR005632,Electronics,Tier-1 Metro,267,463,1884,133747.73,4.42,0.1669,8,0.0811,-0.2099,0.5908,0.076,0,0
SLR005633,Beauty & Personal Care,Tier-2 City,353,377,1400,46558.94,3.79,0.1967,3,-0.1107,-0.053,0.731,0.1412,0,0
SLR005634,Electronics,Tier-1 Metro,198,532,155,4274.29,4.19,0.1998,5,-0.0877,0.014,0.7526,0.187,28,0
SLR005635,Electronics,Tier-2 City,649,81,130,28876.59,4.34,0.1784,5,0.3588,-0.0352,0.6544,0.1012,13,0
SLR005636,Fashion,Tier-2 City,653,77,23,3961.54,2.97,0.3567,13,-0.3454,-0.3188,0.3627,0.2196,19,1
SLR005637,Electronics,Tier-1 Metro,423,307,62,6817.14,3.74,0.1799,5,-0.6371,-0.0384,0.5862,0.1746,13,0
SLR005638,Toys & Baby,Tier-3 Town,466,264,525,73520.89,3.68,0.2727,10,-0.41,-0.1848,0.5332,0.2494,83,1
SLR005639,Grocery,Tier-1 Metro,625,105,24,5100.01,4.03,0.1283,7,0.0658,-0.0343,0.5835,0.2296,0,0
SLR005640,Beauty & Personal Care,Tier-2 City,506,224,135,15443.1,3.27,0.1583,7,-0.2187,-0.1748,0.6938,0.1657,7,0
SLR005641,Mobiles & Accessories,Tier-1 Metro,329,401,1197,90314.31,3.9,0.1687,9,-0.2622,-0.1512,0.6179,0.1106,8,0
SLR005642,Beauty & Personal Care,Tier-3 Town,244,486,238,18326.51,2.85,0.2464,9,-0.7958,-0.3003,0.802,0.2866,50,1
SLR005643,Electronics,Tier-1 Metro,338,392,389,11490.48,4.09,0.12,6,-0.2422,-0.022,0.6299,0.0322,24,0
SLR005644,Grocery,Tier-1 Metro,438,292,591,39549.34,3.73,0.1037,8,0.1121,-0.0833,0.7471,0.0986,2,0
SLR005645,Beauty & Personal Care,Tier-2 City,517,213,361,50575.53,3.56,0.1483,5,-0.1181,-0.1855,0.3782,0.1837,4,0
SLR005646,Fashion,Tier-1 Metro,267,463,1103,85358.54,3.09,0.2873,7,-0.194,-0.1365,0.6396,0.2429,40,1
SLR005647,Toys & Baby,Tier-2 City,554,176,445,35408.0,3.01,0.1693,9,-0.3487,0.025,0.634,0.1022,13,0
SLR005648,Fashion,Tier-2 City,488,242,203,24668.99,3.64,0.307,9,-0.0905,0.0435,0.5959,0.2168,4,0
SLR005649,Mobiles & Accessories,Tier-1 Metro,297,433,342,22417.71,3.25,0.2067,6,-0.3312,-0.2343,0.5208,0.1847,14,0
SLR005650,Home & Kitchen,Tier-2 City,475,255,129,13526.76,4.35,0.1671,9,-0.1523,0.019,0.4332,0.1934,7,0
SLR005651,Sports & Fitness,Tier-2 City,227,503,215,11618.53,2.55,0.2269,5,-0.2224,-0.2914,0.7372,0.2354,5,1
SLR005652,Grocery,Tier-1 Metro,457,273,223,28490.29,4.17,0.1136,7,-0.0546,-0.2462,0.7001,0.2047,11,0
SLR005653,Fashion,Tier-2 City,627,103,214,33318.62,5.0,0.2497,3,-0.3178,-0.0828,0.578,0.1013,3,0
SLR005654,Grocery,Tier-3 Town,271,459,387,10020.95,3.83,0.1958,10,-0.2632,-0.1937,0.7288,0.2219,0,0
SLR005655,Mobiles & Accessories,Tier-3 Town,697,33,178,180574.1,4.33,0.2843,14,0.6521,-0.1094,0.7005,0.2218,0,0
SLR005656,Grocery,Tier-2 City,681,49,46,22986.01,3.34,0.1522,10,-0.2032,0.0831,0.4802,0.1994,3,0
SLR005657,Grocery,Tier-1 Metro,638,92,426,133801.63,3.78,0.1226,6,0.2277,-0.2189,0.477,0.1974,30,1
SLR005658,Grocery,Tier-2 City,694,36,98,54916.05,5.0,0.0593,2,0.3038,0.2528,0.8455,0.0258,1,0
SLR005659,Toys & Baby,Tier-1 Metro,273,457,225,12082.4,3.62,0.199,6,0.177,-0.5369,0.7623,0.1184,95,1
SLR005660,Beauty & Personal Care,Tier-2 City,655,75,250,129157.9,3.89,0.1619,8,-0.0991,-0.0567,0.6856,0.2094,74,1
SLR005661,Grocery,Tier-2 City,569,161,28,5878.21,4.67,0.1379,6,-0.2698,-0.1198,0.6349,0.2398,9,0
SLR005662,Mobiles & Accessories,Tier-2 City,557,173,145,34011.63,4.18,0.2337,5,-0.2856,-0.0536,0.636,0.1163,22,0
SLR005663,Sports & Fitness,Tier-1 Metro,611,119,81,24959.38,3.97,0.1209,6,-0.4257,-0.1562,0.6207,0.1833,14,1
SLR005664,Electronics,Tier-1 Metro,326,404,410,20243.03,3.66,0.1689,13,-0.0115,0.0715,0.5125,0.1473,9,0
SLR005665,Fashion,Tier-2 City,453,277,585,45684.04,3.31,0.3097,6,-0.5427,-0.2517,0.61,0.1703,9,1
SLR005666,Grocery,Tier-1 Metro,540,190,424,56481.12,3.26,0.1566,10,-0.045,-0.0486,0.4896,0.1959,14,1
SLR005667,Mobiles & Accessories,Tier-1 Metro,539,191,140,15888.59,3.13,0.2414,4,-0.4067,-0.2671,0.6337,0.172,75,1
SLR005668,Home & Kitchen,Tier-3 Town,0,730,1495,61950.94,3.57,0.2877,8,-0.1303,0.0561,0.4772,0.3268,14,0
SLR005669,Sports & Fitness,Tier-1 Metro,485,245,83,11270.53,3.39,0.1646,9,-0.3654,0.2086,0.6693,0.3015,0,0
SLR005670,Mobiles & Accessories,Tier-2 City,454,276,551,70269.35,3.75,0.2815,11,-0.3513,-0.218,0.5813,0.2841,44,1
SLR005671,Beauty & Personal Care,Tier-1 Metro,251,479,370,22736.76,2.9,0.2071,9,-0.5136,-0.359,0.2851,0.1578,12,0
SLR005672,Electronics,Tier-1 Metro,246,484,291,12526.91,3.09,0.172,3,0.0382,0.1319,0.6498,0.1753,1,0
SLR005673,Electronics,Tier-2 City,161,569,502,9701.42,3.86,0.2362,5,-0.141,-0.3421,0.6468,0.2259,54,1
SLR005674,Beauty & Personal Care,Tier-1 Metro,531,199,78,5944.69,4.1,0.0938,4,0.4853,0.0835,0.6306,0.084,7,0
SLR005675,Sports & Fitness,Tier-1 Metro,360,370,1364,64024.51,3.76,0.1265,5,0.0371,-0.4084,0.7966,0.1347,2,0
SLR005676,Beauty & Personal Care,Tier-1 Metro,427,303,503,36332.11,4.34,0.1363,2,0.3589,-0.0844,0.8306,0.0921,7,0
SLR005677,Sports & Fitness,Tier-1 Metro,187,543,995,50776.91,3.9,0.202,9,0.2693,-0.1324,0.301,0.1787,103,1
SLR005678,Electronics,Tier-1 Metro,186,544,467,24637.71,3.04,0.234,13,-0.4617,-0.486,0.488,0.2721,33,1
SLR005679,Beauty & Personal Care,Tier-1 Metro,445,285,363,47899.26,4.05,0.1519,6,-0.0211,0.1365,0.5423,0.2333,22,1
SLR005680,Beauty & Personal Care,Tier-1 Metro,604,126,129,12285.39,3.52,0.1235,5,0.0636,-0.1451,0.7698,0.1002,5,1
SLR005681,Sports & Fitness,Tier-3 Town,680,50,13,8145.26,3.89,0.2322,6,0.1672,-0.0363,0.7282,0.1889,25,0
SLR005682,Grocery,Tier-1 Metro,629,101,189,71499.13,3.97,0.0613,1,0.0387,-0.0749,0.621,0.0471,17,0
SLR005683,Mobiles & Accessories,Tier-2 City,259,471,929,71962.84,3.95,0.2184,13,-0.027,-0.0701,0.4004,0.2123,13,1
SLR005684,Electronics,Tier-3 Town,307,423,281,27656.94,2.85,0.2619,7,-0.4543,-0.2009,0.7584,0.2919,79,1
SLR005685,Beauty & Personal Care,Tier-1 Metro,92,638,1110,41845.08,3.2,0.1379,7,-0.3712,0.0679,0.2478,0.2578,59,1
SLR005686,Sports & Fitness,Tier-1 Metro,598,132,429,39057.36,4.92,0.0873,0,0.5443,0.2141,0.7278,0.068,16,0
SLR005687,Beauty & Personal Care,Tier-1 Metro,660,70,60,33349.43,2.98,0.1499,8,-0.0931,-0.2566,0.5039,0.2016,5,1
SLR005688,Home & Kitchen,Tier-2 City,378,352,111,12946.69,3.64,0.2209,10,-0.0379,0.0205,0.5533,0.2707,54,1
SLR005689,Fashion,Tier-1 Metro,510,220,390,58686.7,3.82,0.2656,9,-0.2556,-0.132,0.6733,0.2334,44,1
SLR005690,Toys & Baby,Tier-3 Town,553,177,229,20125.17,3.41,0.2153,2,-0.2069,-0.2945,0.8722,0.2452,0,0
SLR005691,Electronics,Tier-2 City,672,58,96,29141.71,4.24,0.2001,9,-0.4033,-0.1391,0.435,0.1946,39,1
SLR005692,Electronics,Tier-2 City,0,730,416,16633.68,3.68,0.1862,3,-0.0309,-0.1094,0.6112,0.148,3,0
SLR005693,Grocery,Tier-2 City,539,191,163,16847.35,4.3,0.1174,7,-0.2181,0.1181,0.8813,0.0919,5,0
SLR005694,Fashion,Tier-3 Town,207,523,845,18142.05,3.52,0.4113,6,-0.7278,-0.3006,0.7755,0.3473,9,1
SLR005695,Grocery,Tier-1 Metro,532,198,857,138473.15,4.38,0.0746,1,-0.3047,-0.1228,0.8689,0.0854,63,1
SLR005696,Electronics,Tier-1 Metro,411,319,1101,38762.8,2.55,0.1716,6,-0.0416,-0.0646,0.4565,0.2039,56,1
SLR005697,Toys & Baby,Tier-2 City,588,142,22,3637.86,2.96,0.2004,9,-0.5652,-0.3987,0.5044,0.2631,5,1
SLR005698,Beauty & Personal Care,Tier-3 Town,657,73,21,3449.19,3.52,0.1719,2,0.308,-0.1044,0.6674,0.0995,0,0
SLR005699,Mobiles & Accessories,Tier-3 Town,345,385,376,29082.1,2.7,0.3242,7,-0.3077,-0.1345,0.3919,0.3388,5,1
SLR005700,Mobiles & Accessories,Tier-2 City,0,730,1022,34757.76,3.58,0.2361,5,-0.4848,-0.2453,0.6899,0.2469,0,0
SLR005701,Beauty & Personal Care,Tier-1 Metro,294,436,1168,44596.38,3.57,0.1074,4,0.1538,0.0213,0.6396,0.0884,21,0
SLR005702,Beauty & Personal Care,Tier-2 City,450,280,730,68834.92,3.37,0.1806,5,0.0911,0.0743,0.6433,0.2159,13,0
SLR005703,Beauty & Personal Care,Tier-1 Metro,527,203,259,43625.68,4.48,0.1297,1,0.3969,0.1328,0.8624,0.019,1,0
SLR005704,Toys & Baby,Tier-2 City,0,730,552,14741.57,4.73,0.1428,9,-0.1148,-0.0487,0.2713,0.1278,0,0
SLR005705,Home & Kitchen,Tier-1 Metro,0,730,1406,42450.28,3.82,0.1364,4,-0.1329,0.131,0.7819,0.1327,5,1
SLR005706,Home & Kitchen,Tier-1 Metro,233,497,309,10381.74,3.32,0.1701,5,-0.1322,-0.3006,0.4462,0.3012,16,1
SLR005707,Electronics,Tier-2 City,240,490,991,83737.51,2.94,0.2294,9,-0.1192,0.2976,0.6473,0.1989,7,1
SLR005708,Home & Kitchen,Tier-2 City,422,308,95,9023.9,4.25,0.1806,10,-0.0868,0.031,0.6459,0.1474,16,0
SLR005709,Beauty & Personal Care,Tier-1 Metro,537,193,867,159008.72,3.61,0.1552,9,-0.3325,-0.2366,0.3104,0.223,46,1
SLR005710,Toys & Baby,Tier-3 Town,0,730,2196,105736.66,3.5,0.2793,6,-0.5069,-0.0959,0.4235,0.2315,1,0
SLR005711,Grocery,Tier-2 City,354,376,35,2106.46,3.05,0.1873,10,-0.3523,-0.3535,0.7539,0.2169,15,1
SLR005712,Home & Kitchen,Tier-1 Metro,625,105,85,15282.4,2.74,0.2169,8,0.2767,-0.2066,0.3921,0.1567,81,1
SLR005713,Mobiles & Accessories,Tier-1 Metro,487,243,488,34105.3,3.88,0.1478,6,0.015,-0.1899,0.3982,0.1381,13,0
SLR005714,Home & Kitchen,Tier-1 Metro,536,194,728,139029.98,4.18,0.1543,7,-0.0368,-0.2321,0.7249,0.094,5,1
SLR005715,Home & Kitchen,Tier-2 City,0,730,2315,81707.1,3.87,0.1646,6,0.1059,-0.0234,0.6849,0.0948,10,0
SLR005716,Mobiles & Accessories,Tier-1 Metro,0,730,1365,35110.24,4.3,0.1574,3,0.121,-0.034,0.606,0.1077,0,0
SLR005717,Beauty & Personal Care,Tier-2 City,385,345,259,22835.68,4.07,0.182,5,-0.2673,-0.1744,0.601,0.1617,5,1
SLR005718,Fashion,Tier-2 City,385,345,541,37863.11,3.16,0.316,9,-0.4039,-0.182,0.4842,0.2543,52,1
SLR005719,Sports & Fitness,Tier-1 Metro,251,479,123,10471.21,3.76,0.1336,3,0.3842,-0.1042,0.8293,0.1,2,0
SLR005720,Fashion,Tier-1 Metro,677,53,88,48429.48,3.87,0.2284,9,0.2375,0.0955,0.5326,0.0272,45,0
SLR005721,Home & Kitchen,Tier-1 Metro,472,258,572,88136.88,5.0,0.1207,2,-0.2395,0.3286,1.0,0.0346,7,0
SLR005722,Toys & Baby,Tier-3 Town,282,448,464,20505.2,4.22,0.2197,3,-0.1236,-0.0351,0.7598,0.215,0,0
SLR005723,Mobiles & Accessories,Tier-1 Metro,582,148,185,27997.7,3.98,0.1765,4,0.0724,0.0385,0.7208,0.2021,32,0
SLR005724,Beauty & Personal Care,Tier-1 Metro,226,504,620,43773.13,3.77,0.106,7,0.2111,0.1173,0.562,0.1621,44,1
SLR005725,Home & Kitchen,Tier-3 Town,594,136,355,45529.82,3.4,0.2428,8,0.3584,-0.1961,0.6154,0.2193,15,1
SLR005726,Beauty & Personal Care,Tier-3 Town,0,730,354,7080.78,4.16,0.1763,1,0.0736,0.2762,0.7905,0.1163,4,0
SLR005727,Fashion,Tier-2 City,299,431,183,5204.12,3.4,0.2923,11,-0.0146,-0.1665,0.8793,0.2649,19,0
SLR005728,Mobiles & Accessories,Tier-1 Metro,0,730,910,21082.72,4.24,0.1546,3,-0.2522,0.2945,0.7782,0.1248,4,0
SLR005729,Electronics,Tier-2 City,204,526,2418,120661.17,3.27,0.2457,4,-0.0086,-0.0843,0.7438,0.1636,28,0
SLR005730,Beauty & Personal Care,Tier-1 Metro,425,305,253,21949.0,2.92,0.1758,12,-0.6679,-0.1818,0.3969,0.1532,35,1
SLR005731,Beauty & Personal Care,Tier-1 Metro,477,253,474,37656.88,3.74,0.178,10,-0.0681,-0.2259,0.5951,0.0807,11,0
SLR005732,Grocery,Tier-2 City,598,132,119,35441.9,3.39,0.131,5,-0.5541,-0.17,0.4099,0.2132,32,1
SLR005733,Mobiles & Accessories,Tier-2 City,106,624,351,13670.91,3.21,0.2494,10,-0.1752,-0.2959,0.5741,0.2154,49,1
SLR005734,Electronics,Tier-3 Town,571,159,983,205318.57,4.67,0.2058,1,0.0905,0.3912,0.4375,0.1894,5,0
SLR005735,Mobiles & Accessories,Tier-1 Metro,355,375,861,51916.81,4.58,0.1377,3,0.0961,-0.1861,0.8261,0.0952,81,1
SLR005736,Beauty & Personal Care,Tier-1 Metro,165,565,1901,76180.35,3.61,0.1282,6,-0.1257,0.1369,0.7017,0.1465,17,0
SLR005737,Electronics,Tier-3 Town,556,174,353,65144.84,3.8,0.2863,9,-0.3186,-0.273,0.207,0.4512,16,0
SLR005738,Sports & Fitness,Tier-3 Town,0,730,24,369.11,4.13,0.201,10,-0.6043,-0.0577,0.8461,0.2194,100,1
SLR005739,Electronics,Tier-3 Town,284,446,120,5535.58,3.36,0.3511,12,-0.16,-0.245,0.314,0.2053,80,1
SLR005740,Grocery,Tier-2 City,443,287,254,27731.36,4.61,0.116,1,0.3555,-0.0752,0.6119,0.1193,0,0
SLR005741,Beauty & Personal Care,Tier-2 City,598,132,35,4520.99,4.13,0.1765,2,-0.5384,0.0548,0.3136,0.1564,11,0
SLR005742,Sports & Fitness,Tier-2 City,375,355,808,87273.36,4.57,0.1319,2,0.2172,0.1491,0.6672,0.1333,24,0
SLR005743,Sports & Fitness,Tier-3 Town,471,259,349,47471.85,4.32,0.2168,7,-0.2023,-0.0492,0.3739,0.3441,45,0
SLR005744,Home & Kitchen,Tier-2 City,453,277,147,11704.55,2.72,0.281,5,-0.4931,-0.3925,0.3929,0.347,11,1
SLR005745,Toys & Baby,Tier-1 Metro,362,368,1382,47215.69,3.86,0.1244,5,-0.0861,-0.2623,0.749,0.0674,0,0
SLR005746,Electronics,Tier-1 Metro,303,427,1638,99414.19,3.77,0.1757,3,-0.2425,-0.2336,0.333,0.1793,13,0
SLR005747,Fashion,Tier-2 City,660,70,101,24255.86,3.39,0.3091,2,0.0794,-0.0848,0.379,0.2528,28,1
SLR005748,Beauty & Personal Care,Tier-1 Metro,419,311,162,21565.19,4.13,0.125,1,0.0505,0.1015,0.8578,0.071,1,0
SLR005749,Grocery,Tier-2 City,485,245,509,71355.07,4.57,0.1578,7,-0.2229,-0.1966,0.4115,0.2358,24,0
SLR005750,Grocery,Tier-1 Metro,542,188,290,38903.72,4.98,0.0767,1,0.2013,0.1673,0.7626,0.0947,15,0
SLR005751,Mobiles & Accessories,Tier-2 City,491,239,478,22387.8,3.79,0.2588,8,0.1669,-0.0674,0.2706,0.1488,6,0
SLR005752,Mobiles & Accessories,Tier-1 Metro,476,254,334,31258.86,4.24,0.223,7,0.1555,0.11,0.7256,0.1457,33,0
SLR005753,Grocery,Tier-2 City,581,149,286,23345.63,3.47,0.1793,3,-0.052,-0.0421,0.5442,0.1522,36,0
SLR005754,Fashion,Tier-1 Metro,420,310,982,131956.49,3.14,0.2327,8,-0.0901,-0.1999,0.8655,0.0965,5,1
SLR005755,Beauty & Personal Care,Tier-2 City,173,557,1611,68440.44,4.78,0.1187,1,0.0901,0.123,0.5779,0.1125,22,1
SLR005756,Mobiles & Accessories,Tier-1 Metro,636,94,215,57654.89,4.04,0.2168,3,-0.2448,-0.087,0.7392,0.1245,19,0
SLR005757,Electronics,Tier-2 City,539,191,156,30368.08,3.2,0.2786,16,-0.1746,-0.4028,0.6464,0.2642,16,1
SLR005758,Fashion,Tier-1 Metro,260,470,1698,146053.85,4.05,0.2583,6,-0.1326,0.0245,0.8385,0.0786,0,0
SLR005759,Sports & Fitness,Tier-3 Town,550,180,545,116010.26,4.05,0.211,2,0.0214,0.127,0.5947,0.2002,79,1
SLR005760,Toys & Baby,Tier-2 City,268,462,1379,59792.77,3.32,0.2334,4,-0.0076,-0.0945,0.5973,0.2761,0,0
SLR005761,Toys & Baby,Tier-3 Town,444,286,878,50401.49,4.13,0.2285,10,-0.187,-0.2814,0.7199,0.3078,25,1
SLR005762,Sports & Fitness,Tier-3 Town,575,155,276,50149.65,3.76,0.2436,8,0.0371,-0.1935,0.5335,0.1394,155,1
SLR005763,Mobiles & Accessories,Tier-1 Metro,183,547,2308,93643.89,3.78,0.2519,11,-0.4309,0.1531,0.4276,0.2816,54,1
SLR005764,Beauty & Personal Care,Tier-1 Metro,502,228,112,16680.3,3.79,0.1431,3,-0.1874,-0.1438,0.4622,0.1964,32,1
SLR005765,Toys & Baby,Tier-1 Metro,524,206,141,27506.94,3.13,0.1984,17,-0.4929,-0.1141,0.3511,0.1548,42,1
SLR005766,Beauty & Personal Care,Tier-2 City,622,108,112,17637.9,4.3,0.1939,3,-0.4206,-0.0276,0.8247,0.2249,13,0
SLR005767,Electronics,Tier-1 Metro,385,345,58,4833.22,3.97,0.1947,7,-0.4779,0.0471,0.6712,0.1069,14,0
SLR005768,Home & Kitchen,Tier-1 Metro,432,298,219,26516.53,3.52,0.1611,2,0.699,0.1093,0.744,0.1147,6,0
SLR005769,Electronics,Tier-2 City,566,164,93,12843.69,2.99,0.2643,9,-0.0151,-0.3781,0.4436,0.2556,54,1
SLR005770,Mobiles & Accessories,Tier-1 Metro,614,116,30,5171.91,3.5,0.2084,7,0.1305,-0.2267,0.4586,0.1631,0,0
SLR005771,Mobiles & Accessories,Tier-2 City,521,209,68,10935.84,3.66,0.2183,9,-0.0158,-0.1256,0.2695,0.2778,5,1
SLR005772,Toys & Baby,Tier-2 City,0,730,3016,45951.75,3.88,0.174,3,-0.3999,0.0048,0.9279,0.0698,0,0
SLR005773,Sports & Fitness,Tier-1 Metro,591,139,63,5012.85,3.61,0.1168,1,0.6382,0.0335,0.5994,0.1354,24,0
SLR005774,Electronics,Tier-3 Town,607,123,539,64586.21,4.23,0.2427,3,0.3553,0.1394,0.7137,0.0806,0,0
SLR005775,Sports & Fitness,Tier-3 Town,288,442,567,16351.85,4.13,0.2237,9,0.1421,0.0462,0.4667,0.2569,23,0
SLR005776,Fashion,Tier-3 Town,423,307,113,7807.29,3.37,0.335,8,-0.4567,-0.1415,0.7506,0.2684,14,1
SLR005777,Fashion,Tier-1 Metro,479,251,102,10964.87,3.77,0.255,2,0.039,-0.076,0.6894,0.1023,28,1
SLR005778,Electronics,Tier-1 Metro,508,222,799,118123.16,4.13,0.156,6,0.0434,0.1619,0.7635,0.0179,2,0
SLR005779,Beauty & Personal Care,Tier-1 Metro,329,401,325,31873.43,3.95,0.1145,5,-0.1381,-0.1188,0.5135,0.0561,9,0
SLR005780,Beauty & Personal Care,Tier-1 Metro,513,217,120,11707.78,3.51,0.1895,8,-0.2028,-0.2322,0.6314,0.1982,68,1
SLR005781,Electronics,Tier-3 Town,338,392,742,64698.26,3.35,0.2761,5,-0.015,-0.2373,0.6808,0.2395,0,0
SLR005782,Home & Kitchen,Tier-1 Metro,623,107,112,18562.55,4.03,0.1508,2,0.1832,0.1336,0.8903,0.0409,33,0
SLR005783,Sports & Fitness,Tier-2 City,466,264,99,11015.23,2.77,0.2305,12,-0.8126,-0.4766,0.3174,0.3159,10,0
SLR005784,Toys & Baby,Tier-2 City,434,296,285,39206.56,4.46,0.1838,7,0.4202,-0.0306,0.6527,0.1102,4,0
SLR005785,Toys & Baby,Tier-1 Metro,208,522,1296,70307.62,4.34,0.1583,2,0.294,0.1283,0.7882,0.0399,2,0
SLR005786,Sports & Fitness,Tier-2 City,313,417,323,28671.65,4.02,0.1956,10,-0.3706,-0.1687,0.8881,0.2019,0,0
SLR005787,Fashion,Tier-3 Town,494,236,556,25007.61,3.27,0.3705,14,-0.1879,-0.1467,0.4903,0.2698,194,1
SLR005788,Home & Kitchen,Tier-3 Town,547,183,1063,67629.9,4.06,0.2143,4,0.5381,0.0054,0.7131,0.198,9,1
SLR005789,Beauty & Personal Care,Tier-1 Metro,328,402,403,19737.9,4.04,0.1165,1,0.051,0.0858,0.7096,0.0787,23,0
SLR005790,Fashion,Tier-1 Metro,456,274,175,14527.57,2.98,0.3076,7,-0.5316,-0.1548,0.741,0.1857,63,1
SLR005791,Grocery,Tier-1 Metro,481,249,384,16835.55,4.03,0.0463,1,0.6036,0.0788,0.6485,0.2413,9,0
SLR005792,Mobiles & Accessories,Tier-1 Metro,551,179,111,12066.56,4.05,0.2071,8,-0.2012,-0.1949,0.5111,0.1682,14,0
SLR005793,Beauty & Personal Care,Tier-3 Town,81,649,341,22026.87,4.46,0.1573,2,0.3189,0.1007,0.5944,0.0592,3,0
SLR005794,Fashion,Tier-2 City,613,117,50,13137.89,3.93,0.2735,8,-0.069,0.156,0.8337,0.167,7,0
SLR005795,Beauty & Personal Care,Tier-1 Metro,58,672,317,15890.18,3.1,0.2056,13,-0.316,-0.0932,0.4307,0.2005,49,1
SLR005796,Beauty & Personal Care,Tier-2 City,231,499,934,69169.8,4.18,0.1539,5,0.4442,0.1898,0.7705,0.1863,22,0
SLR005797,Home & Kitchen,Tier-1 Metro,678,52,45,29047.78,4.48,0.0993,5,0.0306,0.3439,0.4471,0.0148,1,0
SLR005798,Home & Kitchen,Tier-2 City,336,394,159,5439.35,3.38,0.2328,2,0.1642,-0.0623,0.5025,0.1949,45,0
SLR005799,Home & Kitchen,Tier-1 Metro,102,628,561,24238.25,4.38,0.1337,4,0.038,-0.0804,0.7498,0.0787,9,0
SLR005800,Beauty & Personal Care,Tier-2 City,260,470,857,53897.65,3.48,0.2137,12,-0.263,-0.2125,0.5192,0.2425,25,1
SLR005801,Electronics,Tier-2 City,712,18,54,57288.23,3.26,0.2304,11,-0.1166,0.1657,0.4276,0.1304,5,0
SLR005802,Grocery,Tier-2 City,410,320,234,26554.69,4.54,0.0949,0,0.2157,-0.075,0.4332,0.075,12,0
SLR005803,Toys & Baby,Tier-1 Metro,660,70,89,27537.09,3.26,0.1206,1,-0.0929,-0.1753,0.6664,0.1352,44,1
SLR005804,Grocery,Tier-1 Metro,139,591,147,10395.12,3.93,0.1114,9,-0.4287,-0.0657,0.2137,0.2846,5,1
SLR005805,Mobiles & Accessories,Tier-1 Metro,401,329,801,82948.14,4.42,0.1942,11,0.0134,-0.2603,0.8778,0.1948,0,0
SLR005806,Grocery,Tier-1 Metro,577,153,287,39059.88,4.35,0.079,5,0.3392,0.2047,0.9457,0.1058,8,0
SLR005807,Fashion,Tier-1 Metro,240,490,1140,65103.6,3.76,0.2702,8,-0.5476,0.0699,0.5785,0.0768,21,0
SLR005808,Beauty & Personal Care,Tier-1 Metro,232,498,311,8749.06,3.04,0.1379,7,-0.4392,-0.0887,0.6503,0.2063,0,0
SLR005809,Mobiles & Accessories,Tier-2 City,550,180,138,32013.07,4.22,0.2141,6,0.2012,0.056,0.7884,0.1567,0,0
SLR005810,Mobiles & Accessories,Tier-1 Metro,330,400,69,4497.06,3.15,0.2171,11,-0.5007,-0.2529,0.3162,0.165,25,0
SLR005811,Sports & Fitness,Tier-2 City,256,474,1027,57007.59,4.03,0.1911,6,-0.0781,-0.0171,0.7152,0.2149,0,0
SLR005812,Fashion,Tier-2 City,590,140,80,17840.62,3.01,0.3452,16,-0.9861,-0.2873,0.4766,0.3708,58,1
SLR005813,Beauty & Personal Care,Tier-1 Metro,521,209,211,31651.19,4.08,0.1277,11,0.1665,0.2032,0.4587,0.0261,0,0
SLR005814,Mobiles & Accessories,Tier-1 Metro,287,443,856,70461.49,4.32,0.1722,4,0.009,0.0601,0.6281,0.1082,15,0
SLR005815,Mobiles & Accessories,Tier-2 City,579,151,282,69901.98,3.55,0.2378,6,-0.2455,-0.5024,0.6445,0.2988,13,1
SLR005816,Grocery,Tier-1 Metro,144,586,2911,85697.85,3.63,0.091,4,0.2563,0.1413,0.619,0.152,10,1
SLR005817,Grocery,Tier-3 Town,0,730,825,32282.58,3.23,0.1731,10,0.0512,-0.0022,0.3994,0.3064,3,0
SLR005818,Sports & Fitness,Tier-1 Metro,520,210,412,77757.7,3.78,0.1583,12,-0.3279,0.0311,0.4177,0.2122,7,1
SLR005819,Fashion,Tier-2 City,419,311,217,11805.84,3.69,0.2739,4,0.0483,0.1067,0.6817,0.0636,0,0
SLR005820,Fashion,Tier-1 Metro,193,537,487,36951.91,3.7,0.2979,10,-0.4806,0.0267,0.7116,0.1662,37,1
SLR005821,Grocery,Tier-1 Metro,347,383,209,11101.29,3.93,0.1173,2,0.4051,-0.141,0.5458,0.0667,2,0
SLR005822,Toys & Baby,Tier-2 City,0,730,2439,46996.14,4.16,0.1797,14,-0.0463,-0.1722,0.427,0.1779,13,0
SLR005823,Mobiles & Accessories,Tier-3 Town,653,77,29,14941.57,3.83,0.2315,4,0.2365,0.0789,1.0,0.1814,2,0
SLR005824,Fashion,Tier-2 City,255,475,163,11386.93,3.83,0.3149,6,-0.1327,-0.0132,0.537,0.1506,16,0
SLR005825,Beauty & Personal Care,Tier-2 City,299,431,1912,152945.28,3.37,0.2258,8,-0.3046,-0.0756,0.2726,0.2911,77,1
SLR005826,Toys & Baby,Tier-1 Metro,368,362,570,62752.48,4.44,0.1242,3,-0.113,0.1207,0.7028,0.0485,0,0
SLR005827,Toys & Baby,Tier-1 Metro,543,187,315,33156.74,3.24,0.1492,10,-0.5559,-0.1624,0.5125,0.2044,0,0
SLR005828,Beauty & Personal Care,Tier-2 City,0,730,1555,26448.16,4.48,0.1565,2,-0.3198,0.0788,0.7202,0.2418,75,1
SLR005829,Mobiles & Accessories,Tier-2 City,492,238,390,22369.19,4.1,0.1928,5,0.0923,0.0121,0.7417,0.1594,9,0
SLR005830,Beauty & Personal Care,Tier-1 Metro,351,379,1127,92487.42,3.33,0.1253,6,-0.536,0.123,0.6016,0.1782,92,1
SLR005831,Fashion,Tier-3 Town,173,557,1436,48171.61,3.13,0.367,7,-0.6549,-0.2019,0.6888,0.2818,65,1
SLR005832,Beauty & Personal Care,Tier-1 Metro,472,258,657,51110.69,3.65,0.0662,3,0.1944,-0.1031,0.6844,0.1021,4,0
SLR005833,Home & Kitchen,Tier-1 Metro,538,192,76,9984.24,2.72,0.2256,14,-0.731,-0.2945,0.0864,0.3192,9,1
SLR005834,Home & Kitchen,Tier-1 Metro,687,43,92,32792.19,3.94,0.1564,1,0.3006,0.1946,0.7422,0.0762,38,0
SLR005835,Sports & Fitness,Tier-1 Metro,436,294,322,38857.05,4.36,0.1124,4,0.0638,0.0085,0.8267,0.0196,0,0
SLR005836,Beauty & Personal Care,Tier-1 Metro,32,698,1109,53515.66,3.75,0.1363,7,0.0406,-0.1893,0.6705,0.1603,19,0
SLR005837,Sports & Fitness,Tier-2 City,149,581,569,21751.23,3.24,0.213,9,-0.7257,-0.4069,0.3379,0.2299,23,1
SLR005838,Fashion,Tier-2 City,468,262,105,6492.41,3.67,0.3047,11,0.2501,-0.2819,0.5443,0.1701,33,0
SLR005839,Toys & Baby,Tier-1 Metro,375,355,162,17898.9,3.85,0.1263,3,0.2368,-0.1829,0.8755,0.1181,12,0
SLR005840,Home & Kitchen,Tier-2 City,472,258,1377,134695.1,3.58,0.1732,2,0.1336,-0.3498,0.4246,0.2305,50,1
SLR005841,Grocery,Tier-1 Metro,477,253,251,29831.76,3.95,0.078,3,0.2944,-0.2161,0.7202,0.034,13,0
SLR005842,Home & Kitchen,Tier-2 City,580,150,187,15089.68,3.37,0.1971,7,-0.1527,-0.2232,0.6212,0.1466,39,1
SLR005843,Grocery,Tier-1 Metro,153,577,3870,256666.09,3.93,0.0864,2,0.2881,0.0888,0.5713,0.0,9,0
SLR005844,Beauty & Personal Care,Tier-1 Metro,395,335,713,28017.46,3.7,0.1656,7,-0.1751,-0.1577,0.5203,0.2191,3,0
SLR005845,Beauty & Personal Care,Tier-2 City,340,390,1075,104732.79,4.63,0.1541,4,-0.3239,-0.12,0.8583,0.1296,20,0
SLR005846,Mobiles & Accessories,Tier-2 City,313,417,115,3984.31,2.73,0.3121,12,-0.9251,-0.2018,0.5124,0.4136,43,1
SLR005847,Beauty & Personal Care,Tier-2 City,638,92,22,5274.5,3.83,0.1559,3,0.3536,0.1179,0.7574,0.2103,6,0
SLR005848,Toys & Baby,Tier-1 Metro,507,223,812,117074.58,4.11,0.1057,3,0.3934,0.0898,0.4922,0.1726,5,1
SLR005849,Electronics,Tier-3 Town,425,305,408,34951.32,3.34,0.3665,8,-0.2422,-0.558,0.5399,0.3297,15,1
SLR005850,Toys & Baby,Tier-3 Town,512,218,341,22854.87,3.39,0.2174,6,0.5879,-0.0723,0.3807,0.2307,18,0
SLR005851,Home & Kitchen,Tier-2 City,517,213,390,75041.1,3.58,0.2123,6,0.1748,-0.1663,0.4879,0.2277,5,0
SLR005852,Fashion,Tier-1 Metro,508,222,74,13688.97,3.54,0.2238,6,0.025,0.0612,0.6775,0.1666,12,0
SLR005853,Beauty & Personal Care,Tier-1 Metro,240,490,1570,126086.28,2.77,0.1749,11,-0.2635,-0.0098,0.3488,0.2542,37,1
SLR005854,Toys & Baby,Tier-3 Town,453,277,586,74108.17,3.3,0.2776,12,-0.146,-0.0949,0.6227,0.2343,0,0
SLR005855,Home & Kitchen,Tier-2 City,313,417,382,27151.65,2.95,0.2222,13,-0.0929,-0.4709,0.4375,0.312,11,1
SLR005856,Mobiles & Accessories,Tier-2 City,25,705,882,45162.84,4.52,0.2103,5,0.3324,0.0344,0.497,0.1372,5,0
SLR005857,Beauty & Personal Care,Tier-3 Town,455,275,694,99688.14,2.94,0.2454,6,-0.1378,-0.1741,0.7231,0.2885,11,0
SLR005858,Grocery,Tier-2 City,337,393,81,4136.23,3.8,0.1932,14,0.0943,-0.0755,0.3127,0.2696,2,0
SLR005859,Fashion,Tier-3 Town,520,210,201,17207.93,3.85,0.3728,5,-0.4647,0.0008,0.5679,0.2465,5,1
SLR005860,Electronics,Tier-1 Metro,707,23,19,11395.52,3.09,0.175,5,0.0949,0.1014,0.3865,0.1407,14,0
SLR005861,Fashion,Tier-2 City,640,90,30,5976.46,3.59,0.2859,10,-0.3763,0.1917,0.8786,0.1119,14,0
SLR005862,Beauty & Personal Care,Tier-3 Town,56,674,517,10670.61,3.2,0.2765,13,-0.6751,-0.1602,0.6822,0.2397,76,1
SLR005863,Toys & Baby,Tier-3 Town,412,318,1416,50702.31,4.92,0.1928,4,-0.002,0.1896,0.9553,0.1382,21,0
SLR005864,Toys & Baby,Tier-3 Town,501,229,190,25841.11,3.26,0.2487,9,-0.0692,-0.0763,0.5029,0.1821,6,0
SLR005865,Electronics,Tier-3 Town,234,496,2306,122532.24,3.17,0.2707,12,-0.3136,-0.3681,0.7431,0.1478,5,0
SLR005866,Sports & Fitness,Tier-1 Metro,0,730,997,33957.59,4.25,0.1084,5,0.2583,0.1201,0.7945,0.1048,7,0
SLR005867,Mobiles & Accessories,Tier-1 Metro,164,566,1004,69993.67,3.71,0.1826,9,-0.2981,0.0095,0.4421,0.2092,5,0
SLR005868,Electronics,Tier-1 Metro,524,206,75,4918.51,4.58,0.1276,6,0.3473,0.2683,0.8223,0.0406,0,0
SLR005869,Home & Kitchen,Tier-3 Town,288,442,394,34145.57,3.88,0.2294,5,0.1009,-0.1788,0.6336,0.1142,0,0
SLR005870,Sports & Fitness,Tier-3 Town,117,613,518,20634.44,2.49,0.3156,10,-0.4894,-0.2656,0.3223,0.3244,22,1
SLR005871,Mobiles & Accessories,Tier-1 Metro,602,128,127,15019.18,3.13,0.1979,4,0.352,-0.2225,0.7212,0.1124,128,1
SLR005872,Home & Kitchen,Tier-2 City,164,566,433,8127.35,3.53,0.2074,14,-0.2088,-0.0628,0.6507,0.1988,46,1
SLR005873,Sports & Fitness,Tier-2 City,247,483,2751,108362.57,3.85,0.1509,3,-0.1193,0.1487,0.6252,0.0543,2,0
SLR005874,Toys & Baby,Tier-2 City,0,730,733,24231.16,4.23,0.1749,4,-0.1098,0.0429,0.6289,0.0559,0,0
SLR005875,Fashion,Tier-2 City,405,325,176,16310.78,3.08,0.3413,8,-0.5149,-0.2627,0.4761,0.2691,62,1
SLR005876,Home & Kitchen,Tier-2 City,538,192,414,68219.13,3.44,0.2176,7,-0.0984,-0.2422,0.5296,0.199,166,1
SLR005877,Grocery,Tier-2 City,334,396,1577,90680.93,3.94,0.1223,5,0.0929,-0.266,0.8303,0.1973,4,0
SLR005878,Electronics,Tier-2 City,141,589,917,50647.5,3.46,0.2236,7,-0.5707,0.0183,0.4178,0.1508,31,0
SLR005879,Home & Kitchen,Tier-1 Metro,440,290,1303,165377.17,3.98,0.1395,8,0.0962,-0.0512,0.6128,0.1162,70,1
SLR005880,Beauty & Personal Care,Tier-1 Metro,336,394,1278,36793.81,4.28,0.0822,1,0.1104,0.1634,0.9734,0.026,17,0
SLR005881,Mobiles & Accessories,Tier-1 Metro,540,190,48,9705.19,3.41,0.1991,7,0.0981,-0.227,0.7281,0.1478,9,0
SLR005882,Grocery,Tier-2 City,470,260,701,58781.55,3.91,0.1187,8,-0.0069,-0.1374,0.5332,0.1954,0,0
SLR005883,Sports & Fitness,Tier-1 Metro,707,23,33,41304.4,4.31,0.14,4,0.2314,-0.3171,0.793,0.0311,23,0
SLR005884,Sports & Fitness,Tier-3 Town,628,102,94,32843.38,3.41,0.2105,6,-0.0015,0.1472,0.8443,0.1694,65,1
SLR005885,Beauty & Personal Care,Tier-1 Metro,252,478,1646,93736.64,3.96,0.1624,6,-0.1108,-0.0543,0.5398,0.1449,40,0
SLR005886,Beauty & Personal Care,Tier-1 Metro,270,460,1647,80927.24,3.82,0.0875,5,-0.1018,0.2705,0.6804,0.1532,31,0
SLR005887,Home & Kitchen,Tier-1 Metro,624,106,177,53062.99,3.15,0.1889,17,-0.3946,-0.2059,0.565,0.2213,5,1
SLR005888,Home & Kitchen,Tier-2 City,419,311,330,29888.93,3.48,0.1851,3,-0.0387,-0.0138,0.4558,0.217,0,0
SLR005889,Grocery,Tier-1 Metro,605,125,218,22615.3,4.65,0.0761,2,0.1932,0.2171,0.642,0.0583,1,0
SLR005890,Fashion,Tier-3 Town,400,330,1216,82788.67,3.63,0.3766,7,-0.0792,-0.1368,0.6588,0.2499,13,1
SLR005891,Fashion,Tier-1 Metro,0,730,1006,55347.06,3.27,0.2534,8,-0.3197,0.2165,0.7351,0.184,0,0
SLR005892,Grocery,Tier-1 Metro,230,500,962,43319.79,4.95,0.06,1,0.5149,0.0823,0.6986,0.0602,1,0
SLR005893,Mobiles & Accessories,Tier-2 City,124,606,2593,149014.15,4.27,0.1817,2,-0.0264,0.1024,0.5846,0.1306,5,0
SLR005894,Beauty & Personal Care,Tier-1 Metro,592,138,498,108984.68,4.12,0.1579,5,0.0875,0.1198,0.668,0.1272,2,0
SLR005895,Beauty & Personal Care,Tier-1 Metro,16,714,1991,83442.19,3.56,0.1211,6,0.1577,-0.1849,0.6045,0.1133,57,1
SLR005896,Beauty & Personal Care,Tier-1 Metro,349,381,2398,181824.66,4.7,0.0768,5,0.4692,0.2372,0.9924,0.0526,16,0
SLR005897,Electronics,Tier-2 City,506,224,79,7238.09,2.82,0.2689,6,-0.3967,-0.6846,0.5683,0.3015,25,1
SLR005898,Mobiles & Accessories,Tier-3 Town,127,603,2174,133347.9,3.94,0.2537,8,-0.1235,-0.2972,0.2651,0.1685,29,1
SLR005899,Sports & Fitness,Tier-2 City,615,115,95,25902.72,3.14,0.1721,10,-0.3925,-0.2337,0.6984,0.2333,54,1
SLR005900,Grocery,Tier-2 City,369,361,877,70011.8,4.27,0.1481,7,-0.0069,0.101,0.5945,0.1695,132,1
SLR005901,Sports & Fitness,Tier-2 City,707,23,16,18118.44,3.03,0.2406,14,-0.4866,-0.0687,0.4675,0.356,5,1
SLR005902,Fashion,Tier-2 City,586,144,95,25701.37,2.6,0.3383,7,-0.6121,-0.1412,0.3178,0.3099,30,1
SLR005903,Fashion,Tier-3 Town,554,176,325,52625.93,3.53,0.3712,14,-0.1182,-0.3044,0.6358,0.3298,11,0
SLR005904,Mobiles & Accessories,Tier-1 Metro,526,204,450,56066.81,3.68,0.1844,7,-0.1266,-0.2394,0.6859,0.1092,5,0
SLR005905,Sports & Fitness,Tier-2 City,11,719,1855,36732.08,3.29,0.1619,3,-0.3654,0.0564,0.5912,0.2288,23,1
SLR005906,Sports & Fitness,Tier-2 City,137,593,2450,92725.0,3.87,0.1499,3,0.3741,0.006,0.8814,0.1301,8,0
SLR005907,Fashion,Tier-3 Town,254,476,1215,101289.14,2.67,0.4187,17,-0.6063,-0.3817,0.7944,0.342,34,1
SLR005908,Fashion,Tier-2 City,298,432,109,4643.92,2.59,0.3544,11,-0.5234,-0.0433,0.507,0.2668,32,1
SLR005909,Electronics,Tier-1 Metro,308,422,370,36807.54,3.16,0.1955,4,-0.331,0.043,0.4122,0.1919,0,0
SLR005910,Mobiles & Accessories,Tier-1 Metro,586,144,468,65712.8,4.58,0.1374,1,-0.0158,0.1799,0.5572,0.0582,20,1
SLR005911,Beauty & Personal Care,Tier-2 City,636,94,208,26823.28,4.25,0.1452,5,-0.0197,-0.0016,0.7117,0.2198,10,0
SLR005912,Electronics,Tier-2 City,625,105,219,35170.34,3.56,0.1848,5,0.2756,-0.1037,0.5945,0.0968,6,0
SLR005913,Fashion,Tier-2 City,0,730,2832,111333.69,3.94,0.2653,4,-0.1101,0.0608,1.0,0.0363,16,0
SLR005914,Electronics,Tier-2 City,511,219,96,8504.01,3.62,0.2236,16,-0.1142,-0.2405,0.7887,0.2331,25,1
SLR005915,Mobiles & Accessories,Tier-1 Metro,618,112,76,26961.82,3.73,0.1547,4,0.1776,-0.2866,0.509,0.2087,58,1
SLR005916,Home & Kitchen,Tier-1 Metro,0,730,684,15634.9,4.46,0.1273,2,0.0321,0.1968,0.7581,0.1229,4,0
SLR005917,Beauty & Personal Care,Tier-3 Town,0,730,121,6636.02,2.78,0.2867,12,-0.598,-0.4517,0.2423,0.3688,5,1
SLR005918,Beauty & Personal Care,Tier-2 City,0,730,783,15877.75,3.29,0.2175,7,-0.4603,0.0018,0.6385,0.18,0,0
SLR005919,Beauty & Personal Care,Tier-2 City,498,232,152,11706.09,3.61,0.1979,3,0.0634,-0.2819,0.5284,0.2958,13,0
SLR005920,Grocery,Tier-2 City,132,598,1201,53722.18,4.1,0.146,0,-0.5046,0.0652,0.8121,0.1337,19,0
SLR005921,Grocery,Tier-2 City,412,318,513,41090.25,3.78,0.121,6,0.3043,0.0597,0.5678,0.1925,6,0
SLR005922,Mobiles & Accessories,Tier-2 City,609,121,483,110235.99,3.58,0.2688,5,-0.4597,-0.0409,0.7563,0.1487,1,0
SLR005923,Electronics,Tier-2 City,413,317,593,27863.58,4.52,0.1992,7,0.0869,0.0361,0.4059,0.1138,9,0
SLR005924,Home & Kitchen,Tier-1 Metro,226,504,160,9987.15,4.08,0.1619,9,-0.2953,-0.3106,0.6762,0.1872,9,1
SLR005925,Beauty & Personal Care,Tier-2 City,464,266,1199,130784.79,4.2,0.1667,8,-0.0145,-0.1815,1.0,0.2356,10,0
SLR005926,Fashion,Tier-2 City,334,396,1129,93702.53,3.97,0.2952,14,-0.6912,-0.046,0.7156,0.1057,24,0
SLR005927,Sports & Fitness,Tier-1 Metro,327,403,628,46296.14,3.84,0.1323,3,-0.2998,-0.1233,0.8955,0.0794,25,1
SLR005928,Electronics,Tier-3 Town,434,296,226,9677.79,3.47,0.2735,7,-0.1646,-0.2114,0.4595,0.272,9,0
SLR005929,Toys & Baby,Tier-1 Metro,564,166,15,1727.06,3.78,0.1429,8,0.1692,0.1564,0.5723,0.1526,16,0
SLR005930,Electronics,Tier-1 Metro,573,157,357,36489.63,4.44,0.1264,4,0.0934,0.2014,0.855,0.0678,8,0
SLR005931,Beauty & Personal Care,Tier-1 Metro,396,334,376,19694.06,4.09,0.1309,4,0.2213,0.0182,0.3797,0.1231,91,1
SLR005932,Grocery,Tier-1 Metro,619,111,27,9879.18,3.4,0.1238,4,-0.0336,-0.2191,0.3554,0.1909,5,0
SLR005933,Toys & Baby,Tier-2 City,0,730,1113,32837.4,4.11,0.2029,3,0.0116,0.1116,0.7296,0.1923,22,1
SLR005934,Mobiles & Accessories,Tier-2 City,378,352,273,24673.37,3.19,0.2568,14,-0.6867,-0.3577,0.7161,0.2493,5,0
SLR005935,Toys & Baby,Tier-2 City,589,141,646,94615.41,4.49,0.1439,6,0.0947,0.1704,0.6884,0.1972,0,0
SLR005936,Beauty & Personal Care,Tier-2 City,302,428,285,7473.32,2.63,0.2362,11,-0.3227,-0.2541,0.3419,0.2495,128,1
SLR005937,Grocery,Tier-3 Town,449,281,693,102243.55,3.43,0.242,6,-0.469,-0.0766,0.8296,0.2542,59,1
SLR005938,Toys & Baby,Tier-1 Metro,0,730,924,35524.44,4.28,0.1566,2,0.0393,0.1116,0.8419,0.0272,37,0
SLR005939,Electronics,Tier-3 Town,296,434,664,26774.97,3.32,0.2957,10,-0.1607,-0.1725,0.5397,0.266,57,1
SLR005940,Sports & Fitness,Tier-2 City,530,200,512,100406.72,3.41,0.2382,8,-0.0023,-0.3593,0.6001,0.1737,80,1
SLR005941,Toys & Baby,Tier-2 City,294,436,51,4770.83,4.09,0.1461,7,-0.2515,0.1819,0.5393,0.0866,16,0
SLR005942,Grocery,Tier-1 Metro,500,230,99,12849.54,3.76,0.1351,8,-0.507,-0.1515,0.6028,0.1858,3,0
SLR005943,Home & Kitchen,Tier-2 City,0,730,1197,41414.76,3.63,0.2015,2,-0.0438,-0.2341,0.4852,0.2042,5,1
SLR005944,Home & Kitchen,Tier-1 Metro,0,730,523,7697.53,2.57,0.1978,12,-0.1861,-0.2504,0.4214,0.1768,11,0
SLR005945,Fashion,Tier-2 City,0,730,639,33274.23,3.04,0.3109,13,-0.0897,-0.1016,0.5885,0.2158,65,1
SLR005946,Fashion,Tier-2 City,632,98,50,10661.19,3.46,0.3221,11,0.0803,0.0398,0.6485,0.213,23,0
SLR005947,Fashion,Tier-2 City,641,89,226,34955.45,3.24,0.3234,9,-0.2342,-0.355,0.6302,0.1718,2,0
SLR005948,Mobiles & Accessories,Tier-1 Metro,574,156,21,1753.39,3.93,0.1743,2,0.4893,-0.1309,0.7214,0.1406,16,0
SLR005949,Toys & Baby,Tier-1 Metro,629,101,293,119846.4,4.42,0.1316,3,0.1758,0.2171,0.6816,0.0,41,0
SLR005950,Grocery,Tier-1 Metro,376,354,694,24700.39,4.11,0.1286,13,-0.0764,-0.2251,0.545,0.1162,5,1
SLR005951,Toys & Baby,Tier-3 Town,443,287,504,36022.48,3.05,0.2573,10,-0.4023,-0.3029,0.7465,0.2982,15,1
SLR005952,Beauty & Personal Care,Tier-2 City,534,196,349,29083.91,3.59,0.1785,4,0.1039,-0.3528,0.6523,0.1139,11,0
SLR005953,Sports & Fitness,Tier-3 Town,538,192,354,49886.05,3.61,0.247,13,0.0311,-0.0146,0.619,0.2746,4,0
SLR005954,Toys & Baby,Tier-2 City,250,480,1881,131513.42,4.05,0.1465,2,0.1316,0.3329,0.7774,0.1715,20,0
SLR005955,Fashion,Tier-2 City,451,279,599,27970.37,3.7,0.3294,11,0.0749,-0.2638,0.4252,0.1802,12,0
SLR005956,Beauty & Personal Care,Tier-1 Metro,591,139,120,22211.02,3.59,0.1168,4,-0.0584,-0.2305,0.5782,0.105,31,1
SLR005957,Beauty & Personal Care,Tier-1 Metro,68,662,513,20367.09,3.54,0.1648,11,-0.2678,-0.0847,0.8528,0.0804,69,1
SLR005958,Home & Kitchen,Tier-2 City,582,148,385,64754.57,2.8,0.2215,8,-0.2084,-0.2805,0.531,0.1669,0,0
SLR005959,Home & Kitchen,Tier-3 Town,330,400,714,51081.08,3.8,0.2542,10,0.084,-0.011,0.6949,0.3918,9,0
SLR005960,Grocery,Tier-1 Metro,195,535,2522,175792.29,4.75,0.0854,5,-0.192,-0.0354,0.608,0.0488,10,0
SLR005961,Grocery,Tier-3 Town,650,80,33,4473.38,3.64,0.2395,9,-0.3011,-0.4076,0.3428,0.3368,0,0
SLR005962,Toys & Baby,Tier-1 Metro,47,683,436,26799.95,3.11,0.1885,6,0.3978,-0.4498,0.3782,0.3126,19,0
SLR005963,Toys & Baby,Tier-1 Metro,373,357,652,48767.84,3.49,0.196,8,-0.2129,-0.4196,0.4674,0.2209,0,0
SLR005964,Fashion,Tier-2 City,165,565,527,28657.79,3.52,0.3012,5,-0.288,-0.0079,0.3739,0.1034,11,0
SLR005965,Mobiles & Accessories,Tier-3 Town,325,405,639,42584.88,3.08,0.3581,14,-0.1749,-0.0371,0.2739,0.2993,40,1
SLR005966,Grocery,Tier-2 City,0,730,861,25713.5,4.01,0.1104,4,-0.0906,-0.0438,0.3926,0.1525,5,1
SLR005967,Grocery,Tier-3 Town,191,539,523,14169.11,4.04,0.1415,4,0.2666,0.2628,0.8518,0.1846,0,0
SLR005968,Fashion,Tier-2 City,419,311,459,36104.2,2.84,0.3095,7,0.1137,0.1096,0.4219,0.1677,107,1
SLR005969,Mobiles & Accessories,Tier-1 Metro,47,683,1413,55252.48,3.75,0.2185,14,0.1297,-0.1235,0.3619,0.117,18,0
SLR005970,Grocery,Tier-3 Town,228,502,1101,66892.18,4.18,0.1795,5,0.006,-0.1134,0.3525,0.2008,20,0
SLR005971,Toys & Baby,Tier-2 City,235,495,682,23941.51,3.52,0.1929,4,-0.3218,-0.1862,0.8873,0.268,13,0
SLR005972,Sports & Fitness,Tier-1 Metro,384,346,244,22708.54,3.8,0.1769,12,0.0173,-0.0535,0.5567,0.1835,31,1
SLR005973,Electronics,Tier-2 City,155,575,678,26522.4,4.06,0.2019,9,0.0363,-0.1279,0.5196,0.2633,4,0
SLR005974,Toys & Baby,Tier-2 City,229,501,668,44418.75,3.57,0.2125,8,0.0241,-0.0676,0.7001,0.1962,11,1
SLR005975,Mobiles & Accessories,Tier-1 Metro,335,395,1391,128099.39,4.24,0.1758,2,0.0101,-0.0772,0.8583,0.1182,4,0
SLR005976,Mobiles & Accessories,Tier-2 City,140,590,441,13380.7,3.22,0.2759,11,-0.0028,-0.3828,0.3447,0.2174,46,1
SLR005977,Sports & Fitness,Tier-2 City,369,361,82,6148.45,3.84,0.1604,6,0.1283,-0.139,0.5425,0.2599,56,1
SLR005978,Grocery,Tier-2 City,263,467,914,68348.28,4.8,0.0991,2,0.368,0.182,0.7767,0.0141,0,0
SLR005979,Mobiles & Accessories,Tier-2 City,407,323,241,29234.34,3.87,0.2195,3,0.4722,0.1648,1.0,0.0792,0,0
SLR005980,Toys & Baby,Tier-2 City,522,208,469,68763.95,4.29,0.1916,5,-0.3633,0.0033,0.7438,0.1768,56,1
SLR005981,Electronics,Tier-2 City,503,227,80,8104.71,3.08,0.2737,12,-0.4095,-0.3792,0.6967,0.2345,64,1
SLR005982,Toys & Baby,Tier-2 City,661,69,15,6999.9,3.6,0.1883,4,-0.0416,-0.3777,0.709,0.1339,0,0
SLR005983,Sports & Fitness,Tier-1 Metro,140,590,716,48926.82,4.46,0.1421,5,-0.034,-0.0311,0.645,0.1037,5,0
SLR005984,Home & Kitchen,Tier-1 Metro,0,730,1278,56028.08,3.06,0.1696,4,-0.4306,-0.2315,0.4058,0.154,17,1
SLR005985,Electronics,Tier-2 City,445,285,404,32791.16,3.38,0.2469,6,0.1617,-0.0621,0.6776,0.1902,0,0
SLR005986,Electronics,Tier-1 Metro,301,429,1485,59596.96,3.76,0.1418,1,0.1289,-0.2545,0.4166,0.1304,59,1
SLR005987,Mobiles & Accessories,Tier-3 Town,380,350,418,43838.49,2.91,0.3413,17,-0.8343,-0.5539,0.3387,0.4092,51,1
SLR005988,Electronics,Tier-1 Metro,40,690,849,36700.31,3.35,0.2034,8,-0.2102,-0.1563,0.6711,0.1433,22,0
SLR005989,Home & Kitchen,Tier-1 Metro,433,297,158,21309.34,4.61,0.1136,6,0.4254,0.0594,0.8374,0.1252,1,0
SLR005990,Toys & Baby,Tier-1 Metro,171,559,318,19625.84,3.76,0.1413,4,-0.1047,-0.1184,0.4465,0.1709,13,0
SLR005991,Home & Kitchen,Tier-2 City,613,117,294,32945.57,3.74,0.1889,10,0.0605,-0.0106,0.8717,0.1154,10,1
SLR005992,Grocery,Tier-2 City,615,115,117,17051.97,3.17,0.1579,2,0.1785,-0.034,0.5986,0.2288,93,1
SLR005993,Sports & Fitness,Tier-2 City,428,302,713,83061.88,3.19,0.1979,10,-0.3041,-0.1139,0.5251,0.2019,60,1
SLR005994,Electronics,Tier-1 Metro,565,165,344,86658.68,3.03,0.2019,5,-0.2784,-0.2885,0.2672,0.1998,75,1
SLR005995,Home & Kitchen,Tier-1 Metro,186,544,795,35017.49,3.9,0.143,3,-0.4908,0.0322,0.8713,0.1308,2,0
SLR005996,Beauty & Personal Care,Tier-2 City,577,153,329,61167.13,3.95,0.2131,10,-0.3197,-0.012,0.7625,0.2085,79,1
SLR005997,Toys & Baby,Tier-1 Metro,403,327,360,37208.74,2.97,0.126,13,-0.0962,-0.2607,0.7102,0.2005,38,1
SLR005998,Toys & Baby,Tier-1 Metro,400,330,1181,94110.3,4.36,0.1557,6,-0.051,0.0415,0.7671,0.0644,27,0
SLR005999,Grocery,Tier-2 City,535,195,177,34010.84,4.45,0.1559,6,0.2964,0.0774,0.7139,0.1233,9,0
SLR006000,Toys & Baby,Tier-1 Metro,388,342,160,5028.69,3.04,0.1823,9,-0.2912,-0.1976,0.4714,0.2453,0,0
